2026-07-10_12:58:23 poolControl inflowTemp: 30.4
2026-07-10_12:58:23 poolControl filterRuntimeToday: 154
2026-07-10_12:58:59 poolControl solarIndex: 2
2026-07-10_12:58:59 poolControl filterState: off
2026-07-10_12:58:59 poolControl filterReason: Heizbedarf, keine Quelle
2026-07-10_12:58:59 poolControl heatpumpState: off
2026-07-10_12:58:59 poolControl lastDecision: Solar heizt nicht: off (ausserhalb Solarfenster); WP aus: Solarindex zu niedrig (2, ein>=8/aus<=3)
2026-07-10_12:58:59 poolControl Pool 29.1/Soll 32.0°C | Filter off (Heizbedarf, keine Quelle) | 2.6/8h
2026-07-10_12:59:43 poolControl solarIndex: 5
2026-07-10_12:59:43 poolControl lastDecision: Solar heizt nicht: off (ausserhalb Solarfenster); WP aus: Solarindex zu niedrig (5, ein>=8/aus<=3)
2026-07-10_13:00:23 poolControl solarState: on (Anlaufversuch)
2026-07-10_13:00:23 poolControl lastDecision: Solar heizt nicht: on (Anlaufversuch); WP aus: Solarindex zu niedrig (5, ein>=8/aus<=3)
2026-07-10_13:00:43 poolControl filterReason: Solar
2026-07-10_13:00:43 poolControl solarState: on (Pruefphase)
2026-07-10_13:00:43 poolControl solarHeating: yes
2026-07-10_13:00:43 poolControl lastDecision: WP aus: Solarindex zu niedrig (5, ein>=8/aus<=3)
2026-07-10_13:00:43 poolControl Pool 29.1/Soll 32.0°C | Filter off (Solar) | 2.6/8h
2026-07-10_13:03:12 poolControl solarIndex: 4
2026-07-10_13:03:12 poolControl lastDecision: WP aus: Solarindex zu niedrig (4, ein>=8/aus<=3)
2026-07-10_13:03:48 poolControl poolTemp: 29.2
2026-07-10_13:03:48 poolControl inflowTemp: 28.1
2026-07-10_13:03:48 poolControl filterReason: Solar (Anlauf)
2026-07-10_13:03:48 poolControl solarState: off (zu kalt, Auskuehlschutz)
2026-07-10_13:03:48 poolControl solarHeating: no
2026-07-10_13:03:48 poolControl heatpumpEffective: 30.1
2026-07-10_13:03:48 poolControl lastDecision: Solar heizt nicht: off (zu kalt, Auskuehlschutz); WP aus: Solarindex zu niedrig (4, ein>=8/aus<=3)
2026-07-10_13:03:48 poolControl Pool 29.2/Soll 32.0°C | Filter off (Solar (Anlauf)) | 2.6/8h
2026-07-10_13:03:58 poolControl filterReason: Heizbedarf, keine Quelle
2026-07-10_13:03:58 poolControl solarState: off (Wartezeit nach Auskuehlung)
2026-07-10_13:03:58 poolControl lastDecision: Solar heizt nicht: off (Wartezeit nach Auskuehlung); WP aus: Solarindex zu niedrig (4, ein>=8/aus<=3)
2026-07-10_13:03:58 poolControl Pool 29.2/Soll 32.0°C | Filter off (Heizbedarf, keine Quelle) | 2.6/8h
2026-07-10_13:05:22 poolControl solarIndex: 6
2026-07-10_13:05:22 poolControl lastDecision: Solar heizt nicht: off (Wartezeit nach Auskuehlung); WP aus: Solarindex zu niedrig (6, ein>=8/aus<=3)
2026-07-10_13:05:52 poolControl solarIndex: 7
2026-07-10_13:05:52 poolControl lastDecision: Solar heizt nicht: off (Wartezeit nach Auskuehlung); WP aus: Solarindex zu niedrig (7, ein>=8/aus<=3)
2026-07-10_13:06:39 poolControl solarIndex: 8
2026-07-10_13:06:39 poolControl filterState: on
2026-07-10_13:06:39 poolControl filterReason: WP
2026-07-10_13:06:39 poolControl heatpumpState: on
2026-07-10_13:06:39 poolControl lastDecision: Solar heizt nicht: off (Wartezeit nach Auskuehlung)
2026-07-10_13:06:39 poolControl Pool 29.2/Soll 32.0°C | Filter on (WP) | 2.6/8h
2026-07-10_13:07:08 poolControl filterRuntimeToday: 155
2026-07-10_13:08:23 poolControl inflowTemp: 29.3
2026-07-10_13:08:23 poolControl solarIndex: 7
2026-07-10_13:08:23 poolControl filterRuntimeToday: 156
2026-07-10_13:09:08 poolControl filterRuntimeToday: 157
2026-07-10_13:10:09 poolControl solarIndex: 6
2026-07-10_13:10:09 poolControl filterRuntimeToday: 158
2026-07-10_13:11:13 poolControl filterRuntimeToday: 159
2026-07-10_13:11:43 poolControl filterRemaining: 5.3
2026-07-10_13:11:43 poolControl Pool 29.2/Soll 32.0°C | Filter on (WP) | 2.7/8h
2026-07-10_13:12:09 poolControl filterRuntimeToday: 160
2026-07-10_13:13:09 poolControl filterRuntimeToday: 161
2026-07-10_13:13:36 poolControl poolTemp: 29.3
2026-07-10_13:13:36 poolControl inflowTemp: 30.5
2026-07-10_13:13:36 poolControl heatpumpEffective: 30.2
2026-07-10_13:13:36 poolControl Pool 29.3/Soll 32.0°C | Filter on (WP) | 2.7/8h
2026-07-10_13:14:17 poolControl filterRuntimeToday: 162
2026-07-10_13:15:18 poolControl filterRuntimeToday: 163
2026-07-10_13:16:28 poolControl filterRuntimeToday: 164
2026-07-10_13:17:26 poolControl filterRuntimeToday: 165
2026-07-10_13:17:38 poolControl filterRemaining: 5.2
2026-07-10_13:17:38 poolControl Pool 29.3/Soll 32.0°C | Filter on (WP) | 2.8/8h
2026-07-10_13:18:30 poolControl poolTemp: 29.5
2026-07-10_13:18:30 poolControl inflowTemp: 30.8
2026-07-10_13:18:30 poolControl filterRuntimeToday: 166
2026-07-10_13:18:30 poolControl heatpumpEffective: 30.4
2026-07-10_13:18:30 poolControl Pool 29.5/Soll 32.0°C | Filter on (WP) | 2.8/8h
2026-07-10_13:19:10 poolControl filterRuntimeToday: 167
2026-07-10_13:20:29 poolControl filterRuntimeToday: 168
2026-07-10_13:21:28 poolControl filterRuntimeToday: 169
2026-07-10_13:22:09 poolControl filterRuntimeToday: 170
2026-07-10_13:23:48 poolControl poolTemp: 29.6
2026-07-10_13:23:48 poolControl inflowTemp: 30.9
2026-07-10_13:23:48 poolControl filterRuntimeToday: 171
2026-07-10_13:23:48 poolControl filterRemaining: 5.1
2026-07-10_13:23:48 poolControl heatpumpEffective: 30.5
2026-07-10_13:23:48 poolControl Pool 29.6/Soll 32.0°C | Filter on (WP) | 2.9/8h
2026-07-10_13:24:09 poolControl filterRuntimeToday: 172
2026-07-10_13:25:19 poolControl filterRuntimeToday: 173
2026-07-10_13:26:09 poolControl filterRuntimeToday: 174
2026-07-10_13:27:55 poolControl filterRuntimeToday: 175
2026-07-10_13:28:29 poolControl poolTemp: 29.7
2026-07-10_13:28:29 poolControl inflowTemp: 30.8
2026-07-10_13:28:29 poolControl filterRuntimeToday: 176
2026-07-10_13:28:29 poolControl heatpumpEffective: 30.6
2026-07-10_13:28:29 poolControl Pool 29.7/Soll 32.0°C | Filter on (WP) | 2.9/8h
2026-07-10_13:29:10 poolControl filterRuntimeToday: 177
2026-07-10_13:29:39 poolControl filterRemaining: 5.0
2026-07-10_13:29:39 poolControl Pool 29.7/Soll 32.0°C | Filter on (WP) | 3.0/8h
2026-07-10_13:30:49 poolControl filterRuntimeToday: 178
2026-07-10_13:31:09 poolControl filterRuntimeToday: 179
2026-07-10_13:32:09 poolControl filterRuntimeToday: 180
2026-07-10_13:34:05 poolControl poolTemp: 29.8
2026-07-10_13:34:05 poolControl inflowTemp: 30.9
2026-07-10_13:34:05 poolControl filterRuntimeToday: 181
2026-07-10_13:34:05 poolControl solarState: on (Anlaufversuch)
2026-07-10_13:34:05 poolControl heatpumpEffective: 30.7
2026-07-10_13:34:05 poolControl lastDecision: Solar heizt nicht: on (Anlaufversuch)
2026-07-10_13:34:05 poolControl Pool 29.8/Soll 32.0°C | Filter on (WP) | 3.0/8h
2026-07-10_13:34:09 poolControl filterReason: WP+Solar
2026-07-10_13:34:09 poolControl filterRuntimeToday: 182
2026-07-10_13:34:09 poolControl solarState: on (Pruefphase)
2026-07-10_13:34:09 poolControl solarHeating: yes
2026-07-10_13:34:09 poolControl lastDecision: -
2026-07-10_13:34:09 poolControl Pool 29.8/Soll 32.0°C | Filter on (WP+Solar) | 3.0/8h
2026-07-10_13:35:08 poolControl filterRuntimeToday: 183
2026-07-10_13:35:58 poolControl filterRemaining: 4.9
2026-07-10_13:35:58 poolControl Pool 29.8/Soll 32.0°C | Filter on (WP+Solar) | 3.1/8h
2026-07-10_13:36:10 poolControl filterRuntimeToday: 184
2026-07-10_13:37:09 poolControl filterRuntimeToday: 185
2026-07-10_13:38:40 poolControl poolTemp: 29.9
2026-07-10_13:38:40 poolControl inflowTemp: 31.4
2026-07-10_13:38:40 poolControl filterRuntimeToday: 186
2026-07-10_13:38:40 poolControl solarState: on (heizt)
2026-07-10_13:38:40 poolControl heatpumpEffective: 30.8
2026-07-10_13:38:40 poolControl Pool 29.9/Soll 32.0°C | Filter on (WP+Solar) | 3.1/8h
2026-07-10_13:39:09 poolControl filterRuntimeToday: 187
2026-07-10_13:40:09 poolControl filterRuntimeToday: 188
2026-07-10_13:41:08 poolControl filterRuntimeToday: 189
2026-07-10_13:41:38 poolControl filterRemaining: 4.8
2026-07-10_13:41:38 poolControl Pool 29.9/Soll 32.0°C | Filter on (WP+Solar) | 3.2/8h
2026-07-10_13:42:28 poolControl filterRuntimeToday: 190
2026-07-10_13:43:19 poolControl poolTemp: 30.1
2026-07-10_13:43:19 poolControl inflowTemp: 31.6
2026-07-10_13:43:19 poolControl filterRuntimeToday: 191
2026-07-10_13:43:19 poolControl heatpumpEffective: 31.0
2026-07-10_13:43:19 poolControl Pool 30.1/Soll 32.0°C | Filter on (WP+Solar) | 3.2/8h
2026-07-10_13:45:19 poolControl filterRuntimeToday: 193
2026-07-10_13:47:09 poolControl filterRuntimeToday: 195
2026-07-10_13:47:48 poolControl filterRemaining: 4.7
2026-07-10_13:47:48 poolControl Pool 30.1/Soll 32.0°C | Filter on (WP+Solar) | 3.3/8h
2026-07-10_13:48:12 poolControl filterRuntimeToday: 196
2026-07-10_13:48:37 poolControl poolTemp: 30.3
2026-07-10_13:48:37 poolControl inflowTemp: 31.8
2026-07-10_13:48:37 poolControl heatpumpEffective: 31.2
2026-07-10_13:48:37 poolControl Pool 30.3/Soll 32.0°C | Filter on (WP+Solar) | 3.3/8h
2026-07-10_13:49:55 poolControl filterRuntimeToday: 197
2026-07-10_13:50:37 poolControl filterRuntimeToday: 198
2026-07-10_13:51:35 poolControl filterRuntimeToday: 199
2026-07-10_13:52:33 poolControl filterRuntimeToday: 200
2026-07-10_13:52:49 poolControl solarState: on (Pruefphase)
2026-07-10_13:53:18 poolControl poolTemp: 30.4
2026-07-10_13:53:18 poolControl inflowTemp: 31.9
2026-07-10_13:53:18 poolControl filterRuntimeToday: 201
2026-07-10_13:53:18 poolControl heatpumpEffective: 31.3
2026-07-10_13:53:18 poolControl Pool 30.4/Soll 32.0°C | Filter on (WP+Solar) | 3.3/8h
2026-07-10_13:53:41 poolControl filterRemaining: 4.6
2026-07-10_13:53:41 poolControl Pool 30.4/Soll 32.0°C | Filter on (WP+Solar) | 3.4/8h
2026-07-10_13:54:36 poolControl filterRuntimeToday: 202
2026-07-10_13:55:20 poolControl filterRuntimeToday: 203
2026-07-10_13:56:15 poolControl solarIndex: 5
2026-07-10_13:56:15 poolControl filterRuntimeToday: 204
2026-07-10_13:57:57 poolControl filterRuntimeToday: 205
2026-07-10_13:58:18 poolControl poolTemp: 30.5
2026-07-10_13:58:18 poolControl filterRuntimeToday: 206
2026-07-10_13:58:18 poolControl heatpumpEffective: 31.4
2026-07-10_13:58:18 poolControl Pool 30.5/Soll 32.0°C | Filter on (WP+Solar) | 3.4/8h
2026-07-10_13:59:38 poolControl filterRuntimeToday: 207
2026-07-10_13:59:38 poolControl filterRemaining: 4.5
2026-07-10_13:59:38 poolControl Pool 30.5/Soll 32.0°C | Filter on (WP+Solar) | 3.5/8h
2026-07-10_14:00:37 poolControl filterRuntimeToday: 208
2026-07-10_14:01:39 poolControl filterRuntimeToday: 209
2026-07-10_14:02:20 poolControl filterRuntimeToday: 210
2026-07-10_14:03:10 poolControl filterRuntimeToday: 211
2026-07-10_14:03:18 poolControl poolTemp: 30.6
2026-07-10_14:03:18 poolControl inflowTemp: 32.0
2026-07-10_14:03:18 poolControl heatpumpEffective: 31.5
2026-07-10_14:03:18 poolControl Pool 30.6/Soll 32.0°C | Filter on (WP+Solar) | 3.5/8h
2026-07-10_14:04:52 poolControl filterRuntimeToday: 212
2026-07-10_14:05:40 poolControl filterRuntimeToday: 213
2026-07-10_14:05:40 poolControl filterRemaining: 4.4
2026-07-10_14:05:40 poolControl Pool 30.6/Soll 32.0°C | Filter on (WP+Solar) | 3.6/8h
2026-07-10_14:06:30 poolControl filterRuntimeToday: 214
2026-07-10_14:07:28 poolControl filterRuntimeToday: 215
2026-07-10_14:08:14 poolControl filterRuntimeToday: 216
2026-07-10_14:08:19 poolControl poolTemp: 30.8
2026-07-10_14:08:19 poolControl inflowTemp: 32.1
2026-07-10_14:08:19 poolControl Pool 30.8/Soll 32.0°C | Filter on (WP+Solar) | 3.6/8h
2026-07-10_14:09:19 poolControl filterRuntimeToday: 217
2026-07-10_14:09:32 poolControl solarIndex: 4
2026-07-10_14:10:32 poolControl filterRuntimeToday: 218
2026-07-10_14:10:36 poolControl solarIndex: 5
2026-07-10_14:11:32 poolControl filterRuntimeToday: 219
2026-07-10_14:12:33 poolControl filterRuntimeToday: 220
2026-07-10_14:12:33 poolControl filterRemaining: 4.3
2026-07-10_14:12:33 poolControl Pool 30.8/Soll 32.0°C | Filter on (WP+Solar) | 3.7/8h
2026-07-10_14:13:18 poolControl poolTemp: 30.9
2026-07-10_14:13:18 poolControl inflowTemp: 32.3
2026-07-10_14:13:18 poolControl filterRuntimeToday: 221
2026-07-10_14:13:18 poolControl Pool 30.9/Soll 32.0°C | Filter on (WP+Solar) | 3.7/8h
2026-07-10_14:14:51 poolControl filterRuntimeToday: 222
2026-07-10_14:15:17 poolControl solarIndex: 4
2026-07-10_14:15:17 poolControl filterRuntimeToday: 223
2026-07-10_14:16:10 poolControl filterRuntimeToday: 224
2026-07-10_14:17:04 poolControl solarIndex: 5
2026-07-10_14:17:57 poolControl solarIndex: 4
2026-07-10_14:17:57 poolControl filterRuntimeToday: 225
2026-07-10_14:17:57 poolControl filterRemaining: 4.2
2026-07-10_14:17:57 poolControl Pool 30.9/Soll 32.0°C | Filter on (WP+Solar) | 3.8/8h
2026-07-10_14:18:19 poolControl poolTemp: 31.0
2026-07-10_14:18:19 poolControl inflowTemp: 32.0
2026-07-10_14:18:19 poolControl filterState: off
2026-07-10_14:18:19 poolControl filterReason: Solar
2026-07-10_14:18:19 poolControl filterRuntimeToday: 226
2026-07-10_14:18:19 poolControl heatpumpState: off
2026-07-10_14:18:19 poolControl lastDecision: WP aus: Pool >= WP-Sollwert (31)
2026-07-10_14:18:19 poolControl Pool 31.0/Soll 32.0°C | Filter off (Solar) | 3.8/8h
2026-07-10_14:18:21 poolControl lastDecision: WP aus: Solarindex zu niedrig (4, ein>=8/aus<=3)
2026-07-10_14:18:36 poolControl solarIndex: 6
2026-07-10_14:18:36 poolControl lastDecision: WP aus: Solarindex zu niedrig (6, ein>=8/aus<=3)
2026-07-10_14:21:55 poolControl solarIndex: 5
2026-07-10_14:21:55 poolControl lastDecision: WP aus: Solarindex zu niedrig (5, ein>=8/aus<=3)
2026-07-10_14:22:52 poolControl solarIndex: 3
2026-07-10_14:22:52 poolControl lastDecision: WP aus: Solarindex zu niedrig (3, ein>=8/aus<=3)
2026-07-10_14:23:17 poolControl inflowTemp: 34.4
2026-07-10_14:23:28 poolControl solarIndex: 6
2026-07-10_14:23:28 poolControl lastDecision: WP aus: Solarindex zu niedrig (6, ein>=8/aus<=3)
2026-07-10_14:28:19 poolControl poolTemp: 31.4
2026-07-10_14:28:19 poolControl inflowTemp: 32.8
2026-07-10_14:28:19 poolControl Pool 31.4/Soll 32.0°C | Filter off (Solar) | 3.8/8h
2026-07-10_14:33:18 poolControl inflowTemp: 32.9
2026-07-10_14:38:18 poolControl poolTemp: 31.6
2026-07-10_14:38:18 poolControl inflowTemp: 33.0
2026-07-10_14:38:18 poolControl Pool 31.6/Soll 32.0°C | Filter off (Solar) | 3.8/8h
2026-07-10_14:43:18 poolControl inflowTemp: 33.1
2026-07-10_14:48:18 poolControl inflowTemp: 33.3
2026-07-10_14:53:18 poolControl poolTemp: 31.8
2026-07-10_14:53:18 poolControl inflowTemp: 33.4
2026-07-10_14:53:18 poolControl Pool 31.8/Soll 32.0°C | Filter off (Solar) | 3.8/8h
2026-07-10_14:58:18 poolControl poolTemp: 31.9
2026-07-10_14:58:18 poolControl inflowTemp: 33.5
2026-07-10_14:58:18 poolControl Pool 31.9/Soll 32.0°C | Filter off (Solar) | 3.8/8h
2026-07-10_15:02:06 poolControl solarIndex: 7
2026-07-10_15:02:06 poolControl lastDecision: WP aus: Solarindex zu niedrig (7, ein>=8/aus<=3)
2026-07-10_15:02:43 poolControl solarIndex: 6
2026-07-10_15:02:43 poolControl lastDecision: WP aus: Solarindex zu niedrig (6, ein>=8/aus<=3)
2026-07-10_15:03:18 poolControl poolTemp: 32.0
2026-07-10_15:03:18 poolControl inflowTemp: 33.6
2026-07-10_15:03:18 poolControl heatingNeeded: no
2026-07-10_15:03:18 poolControl solarState: off (Soll erreicht)
2026-07-10_15:03:18 poolControl Pool 32.0/Soll 32.0°C | Filter off (Solar) | 3.8/8h
2026-07-10_15:03:21 poolControl filterReason: kein Bedarf
2026-07-10_15:03:21 poolControl solarState: off
2026-07-10_15:03:21 poolControl solarHeating: no
2026-07-10_15:03:21 poolControl Pool 32.0/Soll 32.0°C | Filter off (kein Bedarf) | 3.8/8h
2026-07-10_15:03:52 poolControl solarIndex: 7
2026-07-10_15:03:52 poolControl lastDecision: WP aus: Solarindex zu niedrig (7, ein>=8/aus<=3)
2026-07-10_15:08:19 poolControl poolTemp: 32.1
2026-07-10_15:08:19 poolControl inflowTemp: 33.2
2026-07-10_15:08:19 poolControl Pool 32.1/Soll 32.0°C | Filter off (kein Bedarf) | 3.8/8h
2026-07-10_15:13:57 poolControl solarIndex: 6
2026-07-10_15:13:57 poolControl lastDecision: WP aus: Solarindex zu niedrig (6, ein>=8/aus<=3)
2026-07-10_15:18:18 poolControl inflowTemp: 33.0
2026-07-10_15:18:52 poolControl filterState: on
2026-07-10_15:18:52 poolControl filterReason: Umruehren
2026-07-10_15:18:52 poolControl mixState: active
2026-07-10_15:18:52 poolControl Pool 32.1/Soll 32.0°C | Filter on (Umruehren) | 3.8/8h
2026-07-10_15:20:10 poolControl filterRuntimeToday: 227
2026-07-10_15:20:49 poolControl filterRuntimeToday: 228
2026-07-10_15:22:03 poolControl filterRuntimeToday: 229
2026-07-10_15:22:42 poolControl filterRuntimeToday: 230
2026-07-10_15:23:19 poolControl poolTemp: 31.8
2026-07-10_15:23:19 poolControl inflowTemp: 31.9
2026-07-10_15:23:19 poolControl heatingNeeded: yes
2026-07-10_15:23:19 poolControl solarState: on (Anlaufversuch)
2026-07-10_15:23:19 poolControl lastDecision: Solar heizt nicht: on (Anlaufversuch); WP aus: Solarindex zu niedrig (6, ein>=8/aus<=3)
2026-07-10_15:23:19 poolControl Pool 31.8/Soll 32.0°C | Filter on (Umruehren) | 3.8/8h
2026-07-10_15:23:21 poolControl filterReason: Solar (Anlauf)
2026-07-10_15:23:21 poolControl solarState: on (Pruefphase)
2026-07-10_15:23:21 poolControl lastDecision: Solar heizt nicht: on (Pruefphase); WP aus: Solarindex zu niedrig (6, ein>=8/aus<=3)
2026-07-10_15:23:21 poolControl Pool 31.8/Soll 32.0°C | Filter on (Solar (Anlauf)) | 3.8/8h
2026-07-10_15:24:06 poolControl filterState: off
2026-07-10_15:24:06 poolControl filterRuntimeToday: 231
2026-07-10_15:24:06 poolControl mixState: idle
2026-07-10_15:24:06 poolControl Pool 31.8/Soll 32.0°C | Filter off (Solar (Anlauf)) | 3.8/8h
2026-07-10_15:27:46 poolControl solarState: off (zu kalt, Auskuehlschutz)
2026-07-10_15:27:46 poolControl lastDecision: Solar heizt nicht: off (zu kalt, Auskuehlschutz); WP aus: Solarindex zu niedrig (6, ein>=8/aus<=3)
2026-07-10_15:27:49 poolControl filterReason: Heizbedarf, keine Quelle
2026-07-10_15:27:49 poolControl solarState: off (Wartezeit nach Auskuehlung)
2026-07-10_15:27:49 poolControl lastDecision: Solar heizt nicht: off (Wartezeit nach Auskuehlung); WP aus: Solarindex zu niedrig (6, ein>=8/aus<=3)
2026-07-10_15:27:49 poolControl Pool 31.8/Soll 32.0°C | Filter off (Heizbedarf, keine Quelle) | 3.8/8h
2026-07-10_15:28:19 poolControl poolTemp: 32.1
2026-07-10_15:28:19 poolControl inflowTemp: 35.8
2026-07-10_15:28:19 poolControl heatingNeeded: no
2026-07-10_15:28:19 poolControl filterReason: kein Bedarf
2026-07-10_15:28:19 poolControl solarState: off
2026-07-10_15:28:19 poolControl lastDecision: WP aus: Solarindex zu niedrig (6, ein>=8/aus<=3)
2026-07-10_15:28:19 poolControl Pool 32.1/Soll 32.0°C | Filter off (kein Bedarf) | 3.8/8h
2026-07-10_15:28:57 poolControl solarIndex: 7
2026-07-10_15:28:57 poolControl lastDecision: WP aus: Solarindex zu niedrig (7, ein>=8/aus<=3)
2026-07-10_15:30:37 poolControl solarIndex: 5
2026-07-10_15:30:37 poolControl lastDecision: WP aus: Solarindex zu niedrig (5, ein>=8/aus<=3)
2026-07-10_15:31:19 poolControl solarIndex: 6
2026-07-10_15:31:19 poolControl lastDecision: WP aus: Solarindex zu niedrig (6, ein>=8/aus<=3)
2026-07-10_15:32:35 poolControl solarIndex: 7
2026-07-10_15:32:35 poolControl lastDecision: WP aus: Solarindex zu niedrig (7, ein>=8/aus<=3)
2026-07-10_15:33:19 poolControl inflowTemp: 34.0
2026-07-10_15:34:56 poolControl solarIndex: 6
2026-07-10_15:34:56 poolControl lastDecision: WP aus: Solarindex zu niedrig (6, ein>=8/aus<=3)
2026-07-10_15:35:32 poolControl solarIndex: 7
2026-07-10_15:35:32 poolControl lastDecision: WP aus: Solarindex zu niedrig (7, ein>=8/aus<=3)
2026-07-10_15:38:18 poolControl inflowTemp: 33.6
2026-07-10_15:38:47 poolControl solarIndex: 6
2026-07-10_15:38:47 poolControl lastDecision: WP aus: Solarindex zu niedrig (6, ein>=8/aus<=3)
2026-07-10_15:40:28 poolControl solarIndex: 7
2026-07-10_15:40:28 poolControl lastDecision: WP aus: Solarindex zu niedrig (7, ein>=8/aus<=3)
2026-07-10_15:41:43 poolControl solarIndex: 6
2026-07-10_15:41:43 poolControl lastDecision: WP aus: Solarindex zu niedrig (6, ein>=8/aus<=3)
2026-07-10_15:43:18 poolControl inflowTemp: 33.1
2026-07-10_15:44:23 poolControl solarIndex: 5
2026-07-10_15:44:23 poolControl lastDecision: WP aus: Solarindex zu niedrig (5, ein>=8/aus<=3)
2026-07-10_15:44:51 poolControl solarIndex: 6
2026-07-10_15:44:51 poolControl lastDecision: WP aus: Solarindex zu niedrig (6, ein>=8/aus<=3)
2026-07-10_15:46:10 poolControl solarIndex: 7
2026-07-10_15:46:10 poolControl lastDecision: WP aus: Solarindex zu niedrig (7, ein>=8/aus<=3)
2026-07-10_15:46:44 poolControl solarIndex: 6
2026-07-10_15:46:44 poolControl lastDecision: WP aus: Solarindex zu niedrig (6, ein>=8/aus<=3)
2026-07-10_15:48:01 poolControl solarIndex: 5
2026-07-10_15:48:01 poolControl lastDecision: WP aus: Solarindex zu niedrig (5, ein>=8/aus<=3)
2026-07-10_15:48:18 poolControl inflowTemp: 32.8
2026-07-10_15:49:11 poolControl solarIndex: 4
2026-07-10_15:49:11 poolControl lastDecision: WP aus: Solarindex zu niedrig (4, ein>=8/aus<=3)
2026-07-10_15:50:00 poolControl solarIndex: 5
2026-07-10_15:50:00 poolControl lastDecision: WP aus: Solarindex zu niedrig (5, ein>=8/aus<=3)
2026-07-10_15:56:36 poolControl solarIndex: 2
2026-07-10_15:56:36 poolControl lastDecision: WP aus: Solarindex zu niedrig (2, ein>=8/aus<=3)
2026-07-10_15:57:24 poolControl solarIndex: 4
2026-07-10_15:57:24 poolControl lastDecision: WP aus: Solarindex zu niedrig (4, ein>=8/aus<=3)
2026-07-10_15:58:00 poolControl solarIndex: 5
2026-07-10_15:58:00 poolControl lastDecision: WP aus: Solarindex zu niedrig (5, ein>=8/aus<=3)
2026-07-10_15:58:18 poolControl poolTemp: 32.3
2026-07-10_15:58:18 poolControl inflowTemp: 32.6
2026-07-10_15:58:18 poolControl Pool 32.3/Soll 32.0°C | Filter off (kein Bedarf) | 3.8/8h
2026-07-10_16:00:42 poolControl targetTemp: 33
2026-07-10_16:00:42 poolControl heatingNeeded: yes
2026-07-10_16:00:42 poolControl filterReason: Heizbedarf, keine Quelle
2026-07-10_16:00:42 poolControl solarState: on (Anlaufversuch)
2026-07-10_16:00:42 poolControl lastDecision: Solar heizt nicht: on (Anlaufversuch); WP aus: Solarindex zu niedrig (5, ein>=8/aus<=3)
2026-07-10_16:00:42 poolControl Pool 32.3/Soll 33.0°C | Filter off (Heizbedarf, keine Quelle) | 3.8/8h
2026-07-10_16:00:44 poolControl filterReason: Solar (Anlauf)
2026-07-10_16:00:44 poolControl solarState: on (Pruefphase)
2026-07-10_16:00:44 poolControl lastDecision: Solar heizt nicht: on (Pruefphase); WP aus: Solarindex zu niedrig (5, ein>=8/aus<=3)
2026-07-10_16:00:44 poolControl Pool 32.3/Soll 33.0°C | Filter off (Solar (Anlauf)) | 3.8/8h
2026-07-10_16:01:51 poolControl solarIndex: 4
2026-07-10_16:01:51 poolControl lastDecision: Solar heizt nicht: on (Pruefphase); WP aus: Solarindex zu niedrig (4, ein>=8/aus<=3)
2026-07-10_16:03:18 poolControl inflowTemp: 47.5
2026-07-10_16:03:18 poolControl filterReason: Solar
2026-07-10_16:03:18 poolControl solarHeating: yes
2026-07-10_16:03:18 poolControl lastDecision: WP aus: Solarindex zu niedrig (4, ein>=8/aus<=3)
2026-07-10_16:03:18 poolControl Pool 32.3/Soll 33.0°C | Filter off (Solar) | 3.8/8h
2026-07-10_16:05:02 poolControl solarIndex: 5
2026-07-10_16:05:02 poolControl solarState: on (heizt)
2026-07-10_16:05:02 poolControl lastDecision: WP aus: Solarindex zu niedrig (5, ein>=8/aus<=3)
2026-07-10_16:05:44 poolControl solarIndex: 4
2026-07-10_16:05:44 poolControl lastDecision: WP aus: Solarindex zu niedrig (4, ein>=8/aus<=3)
2026-07-10_16:06:19 poolControl solarIndex: 5
2026-07-10_16:06:19 poolControl lastDecision: WP aus: Solarindex zu niedrig (5, ein>=8/aus<=3)
2026-07-10_16:08:18 poolControl poolTemp: 33.1
2026-07-10_16:08:18 poolControl inflowTemp: 35.1
2026-07-10_16:08:18 poolControl heatingNeeded: no
2026-07-10_16:08:18 poolControl solarState: off (Soll erreicht)
2026-07-10_16:08:18 poolControl Pool 33.1/Soll 33.0°C | Filter off (Solar) | 3.8/8h
2026-07-10_16:08:20 poolControl filterReason: kein Bedarf
2026-07-10_16:08:20 poolControl solarState: off
2026-07-10_16:08:20 poolControl solarHeating: no
2026-07-10_16:08:20 poolControl Pool 33.1/Soll 33.0°C | Filter off (kein Bedarf) | 3.8/8h
2026-07-10_16:08:45 poolControl solarIndex: 2
2026-07-10_16:08:45 poolControl lastDecision: WP aus: Solarindex zu niedrig (2, ein>=8/aus<=3)
2026-07-10_16:09:29 poolControl solarIndex: 5
2026-07-10_16:09:29 poolControl lastDecision: WP aus: Solarindex zu niedrig (5, ein>=8/aus<=3)
2026-07-10_16:10:50 poolControl solarIndex: 6
2026-07-10_16:10:50 poolControl lastDecision: WP aus: Solarindex zu niedrig (6, ein>=8/aus<=3)
2026-07-10_16:11:19 poolControl solarIndex: 5
2026-07-10_16:11:19 poolControl lastDecision: WP aus: Solarindex zu niedrig (5, ein>=8/aus<=3)
2026-07-10_16:12:47 poolControl solarIndex: 4
2026-07-10_16:12:47 poolControl lastDecision: WP aus: Solarindex zu niedrig (4, ein>=8/aus<=3)
2026-07-10_16:13:18 poolControl poolTemp: 32.6
2026-07-10_16:13:18 poolControl inflowTemp: 34.2
2026-07-10_16:13:18 poolControl solarIndex: 5
2026-07-10_16:13:18 poolControl heatingNeeded: yes
2026-07-10_16:13:18 poolControl filterReason: Heizbedarf, keine Quelle
2026-07-10_16:13:18 poolControl solarState: on (Anlaufversuch)
2026-07-10_16:13:18 poolControl lastDecision: Solar heizt nicht: on (Anlaufversuch); WP aus: Solarindex zu niedrig (5, ein>=8/aus<=3)
2026-07-10_16:13:18 poolControl Pool 32.6/Soll 33.0°C | Filter off (Heizbedarf, keine Quelle) | 3.8/8h
2026-07-10_16:13:21 poolControl filterReason: Solar
2026-07-10_16:13:21 poolControl solarState: on (Pruefphase)
2026-07-10_16:13:21 poolControl solarHeating: yes
2026-07-10_16:13:21 poolControl lastDecision: WP aus: Solarindex zu niedrig (5, ein>=8/aus<=3)
2026-07-10_16:13:21 poolControl Pool 32.6/Soll 33.0°C | Filter off (Solar) | 3.8/8h
2026-07-10_16:14:09 poolControl solarIndex: 4
2026-07-10_16:14:09 poolControl lastDecision: WP aus: Solarindex zu niedrig (4, ein>=8/aus<=3)
2026-07-10_16:17:49 poolControl solarState: on (heizt)
2026-07-10_16:18:17 poolControl poolTemp: 33.3
2026-07-10_16:18:17 poolControl inflowTemp: 35.4
2026-07-10_16:18:17 poolControl heatingNeeded: no
2026-07-10_16:18:17 poolControl solarState: off (Soll erreicht)
2026-07-10_16:18:17 poolControl Pool 33.3/Soll 33.0°C | Filter off (Solar) | 3.8/8h
2026-07-10_16:18:19 poolControl filterReason: kein Bedarf
2026-07-10_16:18:19 poolControl solarState: off
2026-07-10_16:18:19 poolControl solarHeating: no
2026-07-10_16:18:19 poolControl Pool 33.3/Soll 33.0°C | Filter off (kein Bedarf) | 3.8/8h
2026-07-10_16:18:34 poolControl solarIndex: 5
2026-07-10_16:18:34 poolControl lastDecision: WP aus: Solarindex zu niedrig (5, ein>=8/aus<=3)
2026-07-10_16:23:17 poolControl poolTemp: 33.1
2026-07-10_16:23:17 poolControl inflowTemp: 34.6
2026-07-10_16:23:17 poolControl Pool 33.1/Soll 33.0°C | Filter off (kein Bedarf) | 3.8/8h
2026-07-10_16:24:42 poolControl filterState: on
2026-07-10_16:24:42 poolControl filterReason: Umruehren
2026-07-10_16:24:42 poolControl mixState: active
2026-07-10_16:24:42 poolControl Pool 33.1/Soll 33.0°C | Filter on (Umruehren) | 3.8/8h
2026-07-10_16:25:03 poolControl solarIndex: 2
2026-07-10_16:25:03 poolControl filterRemaining: 4.1
2026-07-10_16:25:03 poolControl lastDecision: WP aus: Solarindex zu niedrig (2, ein>=8/aus<=3)
2026-07-10_16:25:03 poolControl Pool 33.1/Soll 33.0°C | Filter on (Umruehren) | 3.9/8h
2026-07-10_16:25:53 poolControl solarIndex: 4
2026-07-10_16:25:53 poolControl filterRuntimeToday: 232
2026-07-10_16:25:53 poolControl lastDecision: WP aus: Solarindex zu niedrig (4, ein>=8/aus<=3)
2026-07-10_16:26:53 poolControl filterRuntimeToday: 233
2026-07-10_16:27:53 poolControl filterRuntimeToday: 234
2026-07-10_16:28:09 poolControl solarIndex: 2
2026-07-10_16:28:09 poolControl lastDecision: WP aus: Solarindex zu niedrig (2, ein>=8/aus<=3)
2026-07-10_16:28:17 poolControl poolTemp: 32.6
2026-07-10_16:28:17 poolControl inflowTemp: 32.8
2026-07-10_16:28:17 poolControl heatingNeeded: yes
2026-07-10_16:28:17 poolControl filterRuntimeToday: 235
2026-07-10_16:28:17 poolControl solarState: on (Anlaufversuch)
2026-07-10_16:28:17 poolControl lastDecision: Solar heizt nicht: on (Anlaufversuch); WP aus: Solarindex zu niedrig (2, ein>=8/aus<=3)
2026-07-10_16:28:17 poolControl Pool 32.6/Soll 33.0°C | Filter on (Umruehren) | 3.9/8h
2026-07-10_16:28:19 poolControl filterReason: Solar
2026-07-10_16:28:19 poolControl solarState: on (Pruefphase)
2026-07-10_16:28:19 poolControl solarHeating: yes
2026-07-10_16:28:19 poolControl lastDecision: WP aus: Solarindex zu niedrig (2, ein>=8/aus<=3)
2026-07-10_16:28:19 poolControl Pool 32.6/Soll 33.0°C | Filter on (Solar) | 3.9/8h
2026-07-10_16:29:19 poolControl filterRuntimeToday: 236
2026-07-10_16:30:19 poolControl filterState: off
2026-07-10_16:30:19 poolControl filterRuntimeToday: 237
2026-07-10_16:30:19 poolControl mixState: idle
2026-07-10_16:30:19 poolControl Pool 32.6/Soll 33.0°C | Filter off (Solar) | 3.9/8h
2026-07-10_16:30:22 poolControl filterReason: Solar (Anlauf)
2026-07-10_16:30:22 poolControl solarHeating: no
2026-07-10_16:30:22 poolControl lastDecision: Solar heizt nicht: on (Pruefphase); WP aus: Solarindex zu niedrig (2, ein>=8/aus<=3)
2026-07-10_16:30:22 poolControl Pool 32.6/Soll 33.0°C | Filter off (Solar (Anlauf)) | 3.9/8h
2026-07-10_16:30:31 poolControl solarIndex: 0
2026-07-10_16:30:31 poolControl lastDecision: Solar heizt nicht: on (Pruefphase); WP aus: Solarindex zu niedrig (0, ein>=8/aus<=3)
2026-07-10_16:31:12 poolControl solarIndex: 1
2026-07-10_16:31:12 poolControl lastDecision: Solar heizt nicht: on (Pruefphase); WP aus: Solarindex zu niedrig (1, ein>=8/aus<=3)
2026-07-10_16:31:50 poolControl solarIndex: 3
2026-07-10_16:31:50 poolControl lastDecision: Solar heizt nicht: on (Pruefphase); WP aus: Solarindex zu niedrig (3, ein>=8/aus<=3)
2026-07-10_16:32:38 poolControl solarIndex: 5
2026-07-10_16:32:38 poolControl solarState: off (zu kalt, Auskuehlschutz)
2026-07-10_16:32:38 poolControl lastDecision: Solar heizt nicht: off (zu kalt, Auskuehlschutz); WP aus: Solarindex zu niedrig (5, ein>=8/aus<=3)
2026-07-10_16:32:40 poolControl filterReason: Heizbedarf, keine Quelle
2026-07-10_16:32:40 poolControl solarState: off (Wartezeit nach Auskuehlung)
2026-07-10_16:32:40 poolControl lastDecision: Solar heizt nicht: off (Wartezeit nach Auskuehlung); WP aus: Solarindex zu niedrig (5, ein>=8/aus<=3)
2026-07-10_16:32:40 poolControl Pool 32.6/Soll 33.0°C | Filter off (Heizbedarf, keine Quelle) | 3.9/8h
2026-07-10_16:33:19 poolControl poolTemp: 32.7
2026-07-10_16:33:19 poolControl inflowTemp: 35.9
2026-07-10_16:33:19 poolControl Pool 32.7/Soll 33.0°C | Filter off (Heizbedarf, keine Quelle) | 3.9/8h
2026-07-10_16:37:09 poolControl solarIndex: 4
2026-07-10_16:37:09 poolControl lastDecision: Solar heizt nicht: off (Wartezeit nach Auskuehlung); WP aus: Solarindex zu niedrig (4, ein>=8/aus<=3)
2026-07-10_16:38:18 poolControl inflowTemp: 34.4
2026-07-10_16:40:39 poolControl solarIndex: 3
2026-07-10_16:40:39 poolControl lastDecision: Solar heizt nicht: off (Wartezeit nach Auskuehlung); WP aus: Solarindex zu niedrig (3, ein>=8/aus<=3)
2026-07-10_16:43:18 poolControl poolTemp: 32.8
2026-07-10_16:43:18 poolControl inflowTemp: 34.1
2026-07-10_16:43:18 poolControl Pool 32.8/Soll 33.0°C | Filter off (Heizbedarf, keine Quelle) | 3.9/8h
2026-07-10_16:47:56 poolControl solarIndex: 4
2026-07-10_16:47:56 poolControl lastDecision: Solar heizt nicht: off (Wartezeit nach Auskuehlung); WP aus: Solarindex zu niedrig (4, ein>=8/aus<=3)
2026-07-10_16:48:17 poolControl inflowTemp: 33.8
2026-07-10_16:51:31 poolControl solarIndex: 3
2026-07-10_16:51:31 poolControl lastDecision: Solar heizt nicht: off (Wartezeit nach Auskuehlung); WP aus: Solarindex zu niedrig (3, ein>=8/aus<=3)
2026-07-10_16:53:18 poolControl poolTemp: 32.9
2026-07-10_16:53:18 poolControl inflowTemp: 33.6
2026-07-10_16:53:18 poolControl Pool 32.9/Soll 33.0°C | Filter off (Heizbedarf, keine Quelle) | 3.9/8h
2026-07-10_16:58:17 poolControl inflowTemp: 33.5
2026-07-10_17:02:44 poolControl solarState: on (Anlaufversuch)
2026-07-10_17:02:44 poolControl lastDecision: Solar heizt nicht: on (Anlaufversuch); WP aus: Solarindex zu niedrig (3, ein>=8/aus<=3)
2026-07-10_17:02:46 poolControl filterReason: Solar
2026-07-10_17:02:46 poolControl solarState: on (Pruefphase)
2026-07-10_17:02:46 poolControl solarHeating: yes
2026-07-10_17:02:46 poolControl lastDecision: WP aus: Solarindex zu niedrig (3, ein>=8/aus<=3)
2026-07-10_17:02:46 poolControl Pool 32.9/Soll 33.0°C | Filter off (Solar) | 3.9/8h
2026-07-10_17:03:18 poolControl poolTemp: 32.8
2026-07-10_17:03:18 poolControl Pool 32.8/Soll 33.0°C | Filter off (Solar) | 3.9/8h
2026-07-10_17:07:14 poolControl solarState: on (heizt)
2026-07-10_17:08:18 poolControl poolTemp: 33.4
2026-07-10_17:08:18 poolControl inflowTemp: 37.8
2026-07-10_17:08:18 poolControl heatingNeeded: no
2026-07-10_17:08:18 poolControl solarState: off (Soll erreicht)
2026-07-10_17:08:18 poolControl Pool 33.4/Soll 33.0°C | Filter off (Solar) | 3.9/8h
2026-07-10_17:08:20 poolControl filterReason: kein Bedarf
2026-07-10_17:08:20 poolControl solarState: off
2026-07-10_17:08:20 poolControl solarHeating: no
2026-07-10_17:08:20 poolControl Pool 33.4/Soll 33.0°C | Filter off (kein Bedarf) | 3.9/8h
2026-07-10_17:08:38 poolControl solarIndex: 4
2026-07-10_17:08:38 poolControl lastDecision: WP aus: Solarindex zu niedrig (4, ein>=8/aus<=3)
2026-07-10_17:13:18 poolControl poolTemp: 33.3
2026-07-10_17:13:18 poolControl inflowTemp: 35.5
2026-07-10_17:13:18 poolControl Pool 33.3/Soll 33.0°C | Filter off (kein Bedarf) | 3.9/8h
2026-07-10_17:18:17 poolControl inflowTemp: 34.9
2026-07-10_17:22:03 poolControl solarIndex: 2
2026-07-10_17:22:03 poolControl lastDecision: WP aus: Solarindex zu niedrig (2, ein>=8/aus<=3)
2026-07-10_17:23:14 poolControl solarIndex: 3
2026-07-10_17:23:14 poolControl lastDecision: WP aus: Solarindex zu niedrig (3, ein>=8/aus<=3)
2026-07-10_17:23:17 poolControl poolTemp: 33.4
2026-07-10_17:23:17 poolControl inflowTemp: 34.5
2026-07-10_17:23:17 poolControl Pool 33.4/Soll 33.0°C | Filter off (kein Bedarf) | 3.9/8h
2026-07-10_17:28:17 poolControl poolTemp: 33.3
2026-07-10_17:28:17 poolControl inflowTemp: 34.3
2026-07-10_17:28:17 poolControl Pool 33.3/Soll 33.0°C | Filter off (kein Bedarf) | 3.9/8h
2026-07-10_17:30:31 poolControl filterState: on
2026-07-10_17:30:31 poolControl filterReason: Umruehren
2026-07-10_17:30:31 poolControl mixState: active
2026-07-10_17:30:31 poolControl Pool 33.3/Soll 33.0°C | Filter on (Umruehren) | 3.9/8h
2026-07-10_17:31:33 poolControl filterRuntimeToday: 238
2026-07-10_17:31:33 poolControl filterRemaining: 4.0
2026-07-10_17:31:33 poolControl Pool 33.3/Soll 33.0°C | Filter on (Umruehren) | 4.0/8h
2026-07-10_17:32:30 poolControl solarIndex: 2
2026-07-10_17:32:30 poolControl filterRuntimeToday: 239
2026-07-10_17:32:30 poolControl lastDecision: WP aus: Solarindex zu niedrig (2, ein>=8/aus<=3)
2026-07-10_17:33:18 poolControl poolTemp: 33.1
2026-07-10_17:33:18 poolControl inflowTemp: 33.4
2026-07-10_17:33:18 poolControl Pool 33.1/Soll 33.0°C | Filter on (Umruehren) | 4.0/8h
2026-07-10_17:34:18 poolControl filterRuntimeToday: 240
2026-07-10_17:34:43 poolControl filterRuntimeToday: 241
2026-07-10_17:35:43 poolControl filterState: off
2026-07-10_17:35:43 poolControl filterReason: kein Bedarf
2026-07-10_17:35:43 poolControl filterRuntimeToday: 242
2026-07-10_17:35:43 poolControl mixState: idle
2026-07-10_17:35:43 poolControl Pool 33.1/Soll 33.0°C | Filter off (kein Bedarf) | 4.0/8h
2026-07-10_17:36:39 poolControl solarIndex: 3
2026-07-10_17:36:39 poolControl lastDecision: WP aus: Solarindex zu niedrig (3, ein>=8/aus<=3)
2026-07-10_17:38:18 poolControl inflowTemp: 33.3
2026-07-10_17:43:18 poolControl inflowTemp: 33.4
2026-07-10_17:58:19 poolControl poolTemp: 33.2
2026-07-10_17:58:19 poolControl Pool 33.2/Soll 33.0°C | Filter off (kein Bedarf) | 4.0/8h
2026-07-10_18:00:35 poolControl solarIndex: 2
2026-07-10_18:00:35 poolControl lastDecision: WP aus: Solarindex zu niedrig (2, ein>=8/aus<=3)
2026-07-10_18:03:18 poolControl inflowTemp: 33.5
2026-07-10_18:08:17 poolControl inflowTemp: 33.6
2026-07-10_18:36:40 poolControl filterState: on
2026-07-10_18:36:40 poolControl filterReason: Umruehren
2026-07-10_18:36:40 poolControl mixState: active
2026-07-10_18:36:40 poolControl Pool 33.2/Soll 33.0°C | Filter on (Umruehren) | 4.0/8h
2026-07-10_18:37:42 poolControl filterRuntimeToday: 243
2026-07-10_18:38:18 poolControl poolTemp: 33.1
2026-07-10_18:38:18 poolControl inflowTemp: 33.0
2026-07-10_18:38:18 poolControl filterRemaining: 3.9
2026-07-10_18:38:18 poolControl Pool 33.1/Soll 33.0°C | Filter on (Umruehren) | 4.1/8h
2026-07-10_18:39:18 poolControl filterRuntimeToday: 244
2026-07-10_18:39:36 poolControl solarIndex: -1
2026-07-10_18:39:36 poolControl filterRuntimeToday: 245
2026-07-10_18:39:36 poolControl lastDecision: WP aus: Solarindex zu niedrig (-1, ein>=8/aus<=3)
2026-07-10_18:40:17 poolControl solarIndex: -3
2026-07-10_18:40:17 poolControl lastDecision: WP aus: Solarindex zu niedrig (-3, ein>=8/aus<=3)
2026-07-10_18:40:55 poolControl filterRuntimeToday: 246
2026-07-10_18:41:42 poolControl solarIndex: -4
2026-07-10_18:41:42 poolControl filterState: off
2026-07-10_18:41:42 poolControl filterReason: kein Bedarf
2026-07-10_18:41:42 poolControl filterRuntimeToday: 247
2026-07-10_18:41:42 poolControl mixState: idle
2026-07-10_18:41:42 poolControl lastDecision: WP aus: Solarindex zu niedrig (-4, ein>=8/aus<=3)
2026-07-10_18:41:42 poolControl Pool 33.1/Soll 33.0°C | Filter off (kein Bedarf) | 4.1/8h
2026-07-10_18:43:10 poolControl solarIndex: -2
2026-07-10_18:43:10 poolControl lastDecision: WP aus: Solarindex zu niedrig (-2, ein>=8/aus<=3)
2026-07-10_18:43:18 poolControl inflowTemp: 33.1
2026-07-10_18:44:05 poolControl solarIndex: -3
2026-07-10_18:44:05 poolControl lastDecision: WP aus: Solarindex zu niedrig (-3, ein>=8/aus<=3)
2026-07-10_18:45:37 poolControl solarIndex: -2
2026-07-10_18:45:37 poolControl lastDecision: WP aus: Solarindex zu niedrig (-2, ein>=8/aus<=3)
2026-07-10_18:47:48 poolControl solarIndex: -3
2026-07-10_18:47:48 poolControl lastDecision: WP aus: Solarindex zu niedrig (-3, ein>=8/aus<=3)
2026-07-10_18:48:18 poolControl inflowTemp: 33.3
2026-07-10_18:50:45 poolControl solarIndex: -2
2026-07-10_18:50:45 poolControl lastDecision: WP aus: Solarindex zu niedrig (-2, ein>=8/aus<=3)
2026-07-10_18:53:41 poolControl solarIndex: -3
2026-07-10_18:53:41 poolControl lastDecision: WP aus: Solarindex zu niedrig (-3, ein>=8/aus<=3)
2026-07-10_18:54:23 poolControl solarIndex: -2
2026-07-10_18:54:23 poolControl lastDecision: WP aus: Solarindex zu niedrig (-2, ein>=8/aus<=3)
2026-07-10_18:57:39 poolControl solarIndex: -1
2026-07-10_18:57:39 poolControl lastDecision: WP aus: Solarindex zu niedrig (-1, ein>=8/aus<=3)
2026-07-10_18:58:17 poolControl inflowTemp: 33.4
2026-07-10_19:00:00 poolControl lastDecision: WP aus: ausserhalb Zeitfenster
2026-07-10_19:08:21 poolControl solarIndex: 0
2026-07-10_19:10:07 poolControl solarIndex: -1
2026-07-10_19:12:57 poolControl solarIndex: -2
2026-07-10_19:15:44 poolControl solarIndex: -1
2026-07-10_19:18:18 poolControl inflowTemp: 33.3
2026-07-10_19:20:33 poolControl solarIndex: 0
2026-07-10_19:22:11 poolControl solarIndex: -1
2026-07-10_19:28:51 poolControl solarIndex: 0
2026-07-10_19:30:25 poolControl solarIndex: -1
2026-07-10_19:33:18 poolControl poolTemp: 33.0
2026-07-10_19:33:18 poolControl Pool 33.0/Soll 33.0°C | Filter off (kein Bedarf) | 4.1/8h
2026-07-10_19:35:23 poolControl solarIndex: 0
2026-07-10_19:36:56 poolControl solarIndex: -1
2026-07-10_19:42:26 poolControl filterState: on
2026-07-10_19:42:26 poolControl filterReason: Umruehren
2026-07-10_19:42:26 poolControl mixState: active
2026-07-10_19:42:26 poolControl Pool 33.0/Soll 33.0°C | Filter on (Umruehren) | 4.1/8h
2026-07-10_19:43:19 poolControl poolTemp: 32.9
2026-07-10_19:43:19 poolControl inflowTemp: 32.3
2026-07-10_19:43:19 poolControl heatingNeeded: yes
2026-07-10_19:43:19 poolControl filterRuntimeToday: 248
2026-07-10_19:43:19 poolControl solarState: on (Anlaufversuch)
2026-07-10_19:43:19 poolControl lastDecision: Solar heizt nicht: on (Anlaufversuch); WP aus: ausserhalb Zeitfenster
2026-07-10_19:43:19 poolControl Pool 32.9/Soll 33.0°C | Filter on (Umruehren) | 4.1/8h
2026-07-10_19:43:21 poolControl filterReason: Solar (Anlauf)
2026-07-10_19:43:21 poolControl solarState: on (Pruefphase)
2026-07-10_19:43:21 poolControl lastDecision: Solar heizt nicht: on (Pruefphase); WP aus: ausserhalb Zeitfenster
2026-07-10_19:43:21 poolControl Pool 32.9/Soll 33.0°C | Filter on (Solar (Anlauf)) | 4.1/8h
2026-07-10_19:44:18 poolControl solarIndex: 0
2026-07-10_19:44:18 poolControl filterRuntimeToday: 249
2026-07-10_19:45:17 poolControl solarIndex: -2
2026-07-10_19:45:17 poolControl filterRuntimeToday: 250
2026-07-10_19:45:17 poolControl filterRemaining: 3.8
2026-07-10_19:45:17 poolControl Pool 32.9/Soll 33.0°C | Filter on (Solar (Anlauf)) | 4.2/8h
2026-07-10_19:46:17 poolControl filterRuntimeToday: 251
2026-07-10_19:47:25 poolControl filterRuntimeToday: 252
2026-07-10_19:47:25 poolControl solarState: off (zu kalt, Auskuehlschutz)
2026-07-10_19:47:25 poolControl lastDecision: Solar heizt nicht: off (zu kalt, Auskuehlschutz); WP aus: ausserhalb Zeitfenster
2026-07-10_19:47:27 poolControl filterState: off
2026-07-10_19:47:27 poolControl filterReason: Heizbedarf, keine Quelle
2026-07-10_19:47:27 poolControl mixState: idle
2026-07-10_19:47:27 poolControl solarState: off (Wartezeit nach Auskuehlung)
2026-07-10_19:47:27 poolControl lastDecision: Solar heizt nicht: off (Wartezeit nach Auskuehlung); WP aus: ausserhalb Zeitfenster
2026-07-10_19:47:27 poolControl Pool 32.9/Soll 33.0°C | Filter off (Heizbedarf, keine Quelle) | 4.2/8h
2026-07-10_19:47:41 poolControl solarIndex: -1
2026-07-10_19:48:19 poolControl inflowTemp: 46.1
2026-07-10_19:53:19 poolControl poolTemp: 32.8
2026-07-10_19:53:19 poolControl inflowTemp: 40.1
2026-07-10_19:53:19 poolControl Pool 32.8/Soll 33.0°C | Filter off (Heizbedarf, keine Quelle) | 4.2/8h
2026-07-10_19:58:18 poolControl inflowTemp: 37.0
2026-07-10_20:03:12 poolControl solarIndex: 0
2026-07-10_20:03:18 poolControl inflowTemp: 35.2
2026-07-10_20:04:49 poolControl solarIndex: -1
2026-07-10_20:07:44 poolControl solarIndex: 0
2026-07-10_20:08:18 poolControl inflowTemp: 34.2
2026-07-10_20:09:10 poolControl solarIndex: -1
2026-07-10_20:13:17 poolControl inflowTemp: 33.5
2026-07-10_20:18:05 poolControl solarState: on (Anlaufversuch)
2026-07-10_20:18:05 poolControl lastDecision: Solar heizt nicht: on (Anlaufversuch); WP aus: ausserhalb Zeitfenster
2026-07-10_20:18:07 poolControl filterReason: Solar
2026-07-10_20:18:07 poolControl solarState: on (Pruefphase)
2026-07-10_20:18:07 poolControl solarHeating: yes
2026-07-10_20:18:07 poolControl lastDecision: WP aus: ausserhalb Zeitfenster
2026-07-10_20:18:07 poolControl Pool 32.8/Soll 33.0°C | Filter off (Solar) | 4.2/8h
2026-07-10_20:18:17 poolControl poolTemp: 32.7
2026-07-10_20:18:17 poolControl inflowTemp: 33.1
2026-07-10_20:18:17 poolControl filterReason: Solar (Anlauf)
2026-07-10_20:18:17 poolControl solarHeating: no
2026-07-10_20:18:17 poolControl lastDecision: Solar heizt nicht: on (Pruefphase); WP aus: ausserhalb Zeitfenster
2026-07-10_20:18:17 poolControl Pool 32.7/Soll 33.0°C | Filter off (Solar (Anlauf)) | 4.2/8h
2026-07-10_20:22:21 poolControl solarState: off (zu kalt, Auskuehlschutz)
2026-07-10_20:22:21 poolControl lastDecision: Solar heizt nicht: off (zu kalt, Auskuehlschutz); WP aus: ausserhalb Zeitfenster
2026-07-10_20:22:26 poolControl filterReason: Heizbedarf, keine Quelle
2026-07-10_20:22:26 poolControl solarState: off (Wartezeit nach Auskuehlung)
2026-07-10_20:22:26 poolControl lastDecision: Solar heizt nicht: off (Wartezeit nach Auskuehlung); WP aus: ausserhalb Zeitfenster
2026-07-10_20:22:26 poolControl Pool 32.7/Soll 33.0°C | Filter off (Heizbedarf, keine Quelle) | 4.2/8h
2026-07-10_20:23:17 poolControl poolTemp: 33.0
2026-07-10_20:23:17 poolControl inflowTemp: 34.1
2026-07-10_20:23:17 poolControl heatingNeeded: no
2026-07-10_20:23:17 poolControl filterReason: kein Bedarf
2026-07-10_20:23:17 poolControl solarState: off
2026-07-10_20:23:17 poolControl lastDecision: WP aus: ausserhalb Zeitfenster
2026-07-10_20:23:17 poolControl Pool 33.0/Soll 33.0°C | Filter off (kein Bedarf) | 4.2/8h
2026-07-10_20:27:13 poolControl solarIndex: 0
2026-07-10_20:28:18 poolControl poolTemp: 32.7
2026-07-10_20:28:18 poolControl inflowTemp: 33.4
2026-07-10_20:28:18 poolControl heatingNeeded: yes
2026-07-10_20:28:18 poolControl filterReason: Heizbedarf, keine Quelle
2026-07-10_20:28:18 poolControl solarState: off (Wartezeit nach Auskuehlung)
2026-07-10_20:28:18 poolControl lastDecision: Solar heizt nicht: off (Wartezeit nach Auskuehlung); WP aus: ausserhalb Zeitfenster
2026-07-10_20:28:18 poolControl Pool 32.7/Soll 33.0°C | Filter off (Heizbedarf, keine Quelle) | 4.2/8h
2026-07-10_20:29:01 poolControl solarIndex: -1
2026-07-10_20:30:01 poolControl solarState: off (ausserhalb Solarfenster)
2026-07-10_20:30:01 poolControl lastDecision: Solar heizt nicht: off (ausserhalb Solarfenster); WP aus: ausserhalb Zeitfenster
2026-07-10_20:33:18 poolControl poolTemp: 32.8
2026-07-10_20:33:18 poolControl inflowTemp: 33.1
2026-07-10_20:33:18 poolControl Pool 32.8/Soll 33.0°C | Filter off (Heizbedarf, keine Quelle) | 4.2/8h
2026-07-10_20:38:18 poolControl poolTemp: 32.7
2026-07-10_20:38:18 poolControl inflowTemp: 32.9
2026-07-10_20:38:18 poolControl Pool 32.7/Soll 33.0°C | Filter off (Heizbedarf, keine Quelle) | 4.2/8h
2026-07-10_20:43:17 poolControl poolTemp: 32.6
2026-07-10_20:43:17 poolControl inflowTemp: 32.8
2026-07-10_20:43:17 poolControl Pool 32.6/Soll 33.0°C | Filter off (Heizbedarf, keine Quelle) | 4.2/8h
2026-07-10_20:48:52 poolControl solarIndex: -2
2026-07-10_20:49:47 poolControl solarIndex: -1
2026-07-10_20:51:11 poolControl solarIndex: 0
2026-07-10_20:52:43 poolControl solarIndex: -1
2026-07-10_20:53:17 poolControl inflowTemp: 32.7
2026-07-10_20:54:19 poolControl solarIndex: 0
2026-07-10_20:55:47 poolControl solarIndex: -1
2026-07-10_20:58:17 poolControl inflowTemp: 32.6
2026-07-10_21:00:07 poolControl solarIndex: 0
2026-07-10_21:01:29 poolControl solarIndex: -1
2026-07-10_21:03:18 poolControl poolTemp: 32.5
2026-07-10_21:03:18 poolControl Pool 32.5/Soll 33.0°C | Filter off (Heizbedarf, keine Quelle) | 4.2/8h
2026-07-10_21:06:14 poolControl solarIndex: 0
2026-07-10_21:07:46 poolControl solarIndex: -1
2026-07-10_21:13:18 poolControl inflowTemp: 32.5
2026-07-10_21:18:18 poolControl poolTemp: 32.4
2026-07-10_21:18:18 poolControl Pool 32.4/Soll 33.0°C | Filter off (Heizbedarf, keine Quelle) | 4.2/8h
2026-07-10_21:21:05 poolControl solarIndex: -2
2026-07-10_21:22:48 poolControl solarIndex: -1
2026-07-10_21:23:18 poolControl inflowTemp: 32.4
2026-07-10_21:32:38 poolControl solarIndex: 0
2026-07-10_21:33:46 poolControl solarIndex: -1
2026-07-10_21:38:18 poolControl poolTemp: 32.3
2026-07-10_21:38:18 poolControl inflowTemp: 32.3
2026-07-10_21:38:18 poolControl Pool 32.3/Soll 33.0°C | Filter off (Heizbedarf, keine Quelle) | 4.2/8h
2026-07-10_21:47:33 poolControl solarIndex: 0
2026-07-10_21:48:34 poolControl solarIndex: -1
2026-07-10_21:54:09 poolControl solarIndex: 0
2026-07-10_21:55:07 poolControl solarIndex: -1
2026-07-10_21:58:14 poolControl solarIndex: 0
2026-07-10_21:58:18 poolControl poolTemp: 32.2
2026-07-10_21:58:18 poolControl Pool 32.2/Soll 33.0°C | Filter off (Heizbedarf, keine Quelle) | 4.2/8h
2026-07-10_21:59:53 poolControl solarIndex: -1
2026-07-10_22:00:02 poolControl filterState: on
2026-07-10_22:00:02 poolControl filterReason: Nachtfilterung
2026-07-10_22:00:02 poolControl Pool 32.2/Soll 33.0°C | Filter on (Nachtfilterung) | 4.2/8h
2026-07-10_22:00:42 poolControl solarIndex: 0
2026-07-10_22:01:42 poolControl filterRuntimeToday: 253
2026-07-10_22:01:51 poolControl filterRuntimeToday: 254
2026-07-10_22:02:51 poolControl filterRuntimeToday: 255
2026-07-10_22:03:18 poolControl inflowTemp: 32.2
2026-07-10_22:03:18 poolControl filterRemaining: 3.7
2026-07-10_22:03:18 poolControl Pool 32.2/Soll 33.0°C | Filter on (Nachtfilterung) | 4.3/8h
2026-07-10_22:04:07 poolControl filterRuntimeToday: 256
2026-07-10_22:05:07 poolControl filterRuntimeToday: 257
2026-07-10_22:06:13 poolControl filterRuntimeToday: 258
2026-07-10_22:07:15 poolControl filterRuntimeToday: 259
2026-07-10_22:08:18 poolControl poolTemp: 32.1
2026-07-10_22:08:18 poolControl inflowTemp: 32.1
2026-07-10_22:08:18 poolControl filterRuntimeToday: 260
2026-07-10_22:08:18 poolControl Pool 32.1/Soll 33.0°C | Filter on (Nachtfilterung) | 4.3/8h
2026-07-10_22:09:09 poolControl filterRuntimeToday: 261
2026-07-10_22:10:01 poolControl filterRuntimeToday: 262
2026-07-10_22:10:01 poolControl filterRemaining: 3.6
2026-07-10_22:10:01 poolControl Pool 32.1/Soll 33.0°C | Filter on (Nachtfilterung) | 4.4/8h
2026-07-10_22:11:02 poolControl filterRuntimeToday: 263
2026-07-10_22:11:52 poolControl filterRuntimeToday: 264
2026-07-10_22:12:48 poolControl filterRuntimeToday: 265
2026-07-10_22:13:44 poolControl filterRuntimeToday: 266
2026-07-10_22:15:30 poolControl filterRuntimeToday: 267
2026-07-10_22:15:30 poolControl filterRemaining: 3.5
2026-07-10_22:15:30 poolControl Pool 32.1/Soll 33.0°C | Filter on (Nachtfilterung) | 4.5/8h
2026-07-10_22:16:28 poolControl filterRuntimeToday: 268
2026-07-10_22:17:27 poolControl filterRuntimeToday: 269
2026-07-10_22:18:14 poolControl filterRuntimeToday: 270
2026-07-10_22:18:52 poolControl filterRuntimeToday: 271
2026-07-10_22:20:08 poolControl filterRuntimeToday: 272
2026-07-10_22:21:00 poolControl filterRuntimeToday: 273
2026-07-10_22:21:57 poolControl filterRuntimeToday: 274
2026-07-10_22:21:57 poolControl filterRemaining: 3.4
2026-07-10_22:21:57 poolControl Pool 32.1/Soll 33.0°C | Filter on (Nachtfilterung) | 4.6/8h
2026-07-10_22:22:46 poolControl filterRuntimeToday: 275
2026-07-10_22:23:17 poolControl poolTemp: 32.0
2026-07-10_22:23:17 poolControl inflowTemp: 32.0
2026-07-10_22:23:17 poolControl Pool 32.0/Soll 33.0°C | Filter on (Nachtfilterung) | 4.6/8h
2026-07-10_22:23:49 poolControl filterRuntimeToday: 276
2026-07-10_22:24:43 poolControl filterRuntimeToday: 277
2026-07-10_22:25:43 poolControl filterRuntimeToday: 278
2026-07-10_22:26:47 poolControl filterRuntimeToday: 279
2026-07-10_22:27:56 poolControl filterRuntimeToday: 280
2026-07-10_22:27:56 poolControl filterRemaining: 3.3
2026-07-10_22:27:56 poolControl Pool 32.0/Soll 33.0°C | Filter on (Nachtfilterung) | 4.7/8h
2026-07-10_22:28:57 poolControl filterRuntimeToday: 281
2026-07-10_22:29:57 poolControl filterRuntimeToday: 282
2026-07-10_22:31:14 poolControl filterRuntimeToday: 283
2026-07-10_22:32:14 poolControl filterRuntimeToday: 284
2026-07-10_22:33:19 poolControl poolTemp: 31.9
2026-07-10_22:33:19 poolControl inflowTemp: 31.9
2026-07-10_22:33:19 poolControl filterRuntimeToday: 285
2026-07-10_22:33:19 poolControl filterRemaining: 3.2
2026-07-10_22:33:19 poolControl Pool 31.9/Soll 33.0°C | Filter on (Nachtfilterung) | 4.8/8h
2026-07-10_22:34:27 poolControl filterRuntimeToday: 286
2026-07-10_22:34:50 poolControl filterRuntimeToday: 287
2026-07-10_22:35:50 poolControl filterRuntimeToday: 288
2026-07-10_22:37:09 poolControl filterRuntimeToday: 289
2026-07-10_22:38:18 poolControl filterRuntimeToday: 290
2026-07-10_22:39:40 poolControl filterRuntimeToday: 291
2026-07-10_22:39:40 poolControl filterRemaining: 3.1
2026-07-10_22:39:40 poolControl Pool 31.9/Soll 33.0°C | Filter on (Nachtfilterung) | 4.9/8h
2026-07-10_22:39:47 poolControl filterRuntimeToday: 292
2026-07-10_22:40:45 poolControl filterRuntimeToday: 293
2026-07-10_22:41:45 poolControl filterRuntimeToday: 294
2026-07-10_22:42:48 poolControl filterRuntimeToday: 295
2026-07-10_22:44:00 poolControl filterRuntimeToday: 296
2026-07-10_22:44:57 poolControl filterRuntimeToday: 297
2026-07-10_22:45:57 poolControl filterRuntimeToday: 298
2026-07-10_22:45:57 poolControl filterRemaining: 3.0
2026-07-10_22:45:57 poolControl Pool 31.9/Soll 33.0°C | Filter on (Nachtfilterung) | 5.0/8h
2026-07-10_22:46:53 poolControl filterRuntimeToday: 299
2026-07-10_22:47:51 poolControl filterRuntimeToday: 300
2026-07-10_22:48:18 poolControl poolTemp: 31.8
2026-07-10_22:48:18 poolControl inflowTemp: 31.8
2026-07-10_22:48:18 poolControl Pool 31.8/Soll 33.0°C | Filter on (Nachtfilterung) | 5.0/8h
2026-07-10_22:48:50 poolControl filterRuntimeToday: 301
2026-07-10_22:49:50 poolControl filterRuntimeToday: 302
2026-07-10_22:50:51 poolControl filterRuntimeToday: 303
2026-07-10_22:51:52 poolControl filterRuntimeToday: 304
2026-07-10_22:51:52 poolControl filterRemaining: 2.9
2026-07-10_22:51:52 poolControl Pool 31.8/Soll 33.0°C | Filter on (Nachtfilterung) | 5.1/8h
2026-07-10_22:52:57 poolControl filterRuntimeToday: 305
2026-07-10_22:53:53 poolControl filterRuntimeToday: 306
2026-07-10_22:54:50 poolControl filterRuntimeToday: 307
2026-07-10_22:55:42 poolControl filterRuntimeToday: 308
2026-07-10_22:56:43 poolControl filterRuntimeToday: 309
2026-07-10_22:57:40 poolControl filterRemaining: 2.8
2026-07-10_22:57:40 poolControl Pool 31.8/Soll 33.0°C | Filter on (Nachtfilterung) | 5.2/8h
2026-07-10_22:58:18 poolControl filterRuntimeToday: 310
2026-07-10_22:59:30 poolControl filterRuntimeToday: 311
2026-07-10_23:00:29 poolControl filterRuntimeToday: 312
2026-07-10_23:01:28 poolControl filterRuntimeToday: 313
2026-07-10_23:02:12 poolControl filterRuntimeToday: 314
2026-07-10_23:03:10 poolControl filterRuntimeToday: 315
2026-07-10_23:03:19 poolControl poolTemp: 31.7
2026-07-10_23:03:19 poolControl filterRemaining: 2.7
2026-07-10_23:03:19 poolControl Pool 31.7/Soll 33.0°C | Filter on (Nachtfilterung) | 5.3/8h
2026-07-10_23:04:09 poolControl filterRuntimeToday: 316
2026-07-10_23:05:10 poolControl filterRuntimeToday: 317
2026-07-10_23:06:10 poolControl filterRuntimeToday: 318
2026-07-10_23:07:17 poolControl filterRuntimeToday: 319
2026-07-10_23:08:18 poolControl inflowTemp: 31.7
2026-07-10_23:08:18 poolControl filterRuntimeToday: 320
2026-07-10_23:09:24 poolControl filterRuntimeToday: 321
2026-07-10_23:09:24 poolControl filterRemaining: 2.6
2026-07-10_23:09:24 poolControl Pool 31.7/Soll 33.0°C | Filter on (Nachtfilterung) | 5.4/8h
2026-07-10_23:10:34 poolControl filterRuntimeToday: 322
2026-07-10_23:11:37 poolControl filterRuntimeToday: 323
2026-07-10_23:11:43 poolControl filterRuntimeToday: 324
2026-07-10_23:12:43 poolControl filterRuntimeToday: 325
2026-07-10_23:13:18 poolControl poolTemp: 31.6
2026-07-10_23:13:18 poolControl Pool 31.6/Soll 33.0°C | Filter on (Nachtfilterung) | 5.4/8h
2026-07-10_23:13:57 poolControl filterRuntimeToday: 326
2026-07-10_23:14:57 poolControl filterRuntimeToday: 327
2026-07-10_23:16:00 poolControl filterRuntimeToday: 328
2026-07-10_23:16:00 poolControl filterRemaining: 2.5
2026-07-10_23:16:00 poolControl Pool 31.6/Soll 33.0°C | Filter on (Nachtfilterung) | 5.5/8h
2026-07-10_23:17:11 poolControl filterRuntimeToday: 329
2026-07-10_23:17:42 poolControl solarIndex: -1
2026-07-10_23:17:42 poolControl filterRuntimeToday: 330
2026-07-10_23:18:18 poolControl inflowTemp: 31.6
2026-07-10_23:18:52 poolControl filterRuntimeToday: 331
2026-07-10_23:19:52 poolControl filterRuntimeToday: 332
2026-07-10_23:21:37 poolControl filterRuntimeToday: 333
2026-07-10_23:21:37 poolControl filterRemaining: 2.4
2026-07-10_23:21:37 poolControl Pool 31.6/Soll 33.0°C | Filter on (Nachtfilterung) | 5.6/8h
2026-07-10_23:21:55 poolControl filterRuntimeToday: 334
2026-07-10_23:22:55 poolControl filterRuntimeToday: 335
2026-07-10_23:24:21 poolControl filterRuntimeToday: 336
2026-07-10_23:24:48 poolControl filterRuntimeToday: 337
2026-07-10_23:25:48 poolControl filterRuntimeToday: 338
2026-07-10_23:27:18 poolControl filterRuntimeToday: 339
2026-07-10_23:27:18 poolControl filterRemaining: 2.3
2026-07-10_23:27:18 poolControl Pool 31.6/Soll 33.0°C | Filter on (Nachtfilterung) | 5.7/8h
2026-07-10_23:28:18 poolControl filterRuntimeToday: 340
2026-07-10_23:29:07 poolControl filterRuntimeToday: 341
2026-07-10_23:30:08 poolControl filterRuntimeToday: 342
2026-07-10_23:31:39 poolControl filterRuntimeToday: 343
2026-07-10_23:31:58 poolControl filterRuntimeToday: 344
2026-07-10_23:32:58 poolControl filterRuntimeToday: 345
2026-07-10_23:33:18 poolControl filterRemaining: 2.2
2026-07-10_23:33:18 poolControl Pool 31.6/Soll 33.0°C | Filter on (Nachtfilterung) | 5.8/8h
2026-07-10_23:34:25 poolControl filterRuntimeToday: 346
2026-07-10_23:34:53 poolControl filterRuntimeToday: 347
2026-07-10_23:35:53 poolControl filterRuntimeToday: 348
2026-07-10_23:37:16 poolControl filterRuntimeToday: 349
2026-07-10_23:38:17 poolControl poolTemp: 31.5
2026-07-10_23:38:17 poolControl inflowTemp: 31.5
2026-07-10_23:38:17 poolControl filterRuntimeToday: 350
2026-07-10_23:38:17 poolControl Pool 31.5/Soll 33.0°C | Filter on (Nachtfilterung) | 5.8/8h
2026-07-10_23:39:01 poolControl filterRuntimeToday: 351
2026-07-10_23:40:01 poolControl filterRuntimeToday: 352
2026-07-10_23:40:01 poolControl filterRemaining: 2.1
2026-07-10_23:40:01 poolControl Pool 31.5/Soll 33.0°C | Filter on (Nachtfilterung) | 5.9/8h
2026-07-10_23:41:21 poolControl filterRuntimeToday: 353
2026-07-10_23:41:46 poolControl filterRuntimeToday: 354
2026-07-10_23:42:46 poolControl filterRuntimeToday: 355
2026-07-10_23:43:17 poolControl poolTemp: 31.4
2026-07-10_23:43:17 poolControl inflowTemp: 31.4
2026-07-10_23:43:17 poolControl Pool 31.4/Soll 33.0°C | Filter on (Nachtfilterung) | 5.9/8h
2026-07-10_23:44:17 poolControl filterRuntimeToday: 356
2026-07-10_23:45:36 poolControl filterRuntimeToday: 357
2026-07-10_23:45:36 poolControl filterRemaining: 2.0
2026-07-10_23:45:36 poolControl Pool 31.4/Soll 33.0°C | Filter on (Nachtfilterung) | 6.0/8h
2026-07-10_23:45:58 poolControl filterRuntimeToday: 358
2026-07-10_23:46:58 poolControl filterRuntimeToday: 359
2026-07-10_23:48:17 poolControl filterRuntimeToday: 360
2026-07-10_23:48:51 poolControl filterRuntimeToday: 361
2026-07-10_23:50:08 poolControl filterRuntimeToday: 362
2026-07-10_23:51:25 poolControl filterRuntimeToday: 363
2026-07-10_23:51:25 poolControl filterRemaining: 1.9
2026-07-10_23:51:25 poolControl Pool 31.4/Soll 33.0°C | Filter on (Nachtfilterung) | 6.1/8h
2026-07-10_23:51:50 poolControl filterRuntimeToday: 364
2026-07-10_23:52:50 poolControl filterRuntimeToday: 365
2026-07-10_23:54:17 poolControl filterRuntimeToday: 366
2026-07-10_23:55:39 poolControl filterRuntimeToday: 367
2026-07-10_23:56:06 poolControl filterRuntimeToday: 368
2026-07-10_23:57:06 poolControl filterRuntimeToday: 369
2026-07-10_23:57:34 poolControl filterRemaining: 1.8
2026-07-10_23:57:34 poolControl Pool 31.4/Soll 33.0°C | Filter on (Nachtfilterung) | 6.2/8h
2026-07-10_23:58:17 poolControl filterRuntimeToday: 370
2026-07-10_23:59:05 poolControl filterRuntimeToday: 371
2026-07-11_00:00:05 poolControl targetTemp: 32
2026-07-11_00:00:05 poolControl filterRuntimeToday: 372
2026-07-11_00:00:05 poolControl Pool 31.4/Soll 32.0°C | Filter on (Nachtfilterung) | 6.2/8h
2026-07-11_00:00:27 poolControl solarIndex: 3
2026-07-11_00:01:27 poolControl filterRuntimeToday: 373
2026-07-11_00:01:52 poolControl filterRuntimeToday: 374
2026-07-11_00:02:52 poolControl filterRuntimeToday: 375
2026-07-11_00:03:17 poolControl poolTemp: 31.3
2026-07-11_00:03:17 poolControl inflowTemp: 31.3
2026-07-11_00:03:17 poolControl filterRemaining: 1.7
2026-07-11_00:03:17 poolControl Pool 31.3/Soll 32.0°C | Filter on (Nachtfilterung) | 6.3/8h
2026-07-11_00:04:17 poolControl filterRuntimeToday: 376
2026-07-11_00:05:36 poolControl filterRuntimeToday: 377
2026-07-11_00:05:57 poolControl filterRuntimeToday: 378
2026-07-11_00:06:57 poolControl filterRuntimeToday: 379
2026-07-11_00:08:18 poolControl filterRuntimeToday: 380
2026-07-11_00:08:51 poolControl filterRuntimeToday: 381
2026-07-11_00:09:51 poolControl filterRuntimeToday: 382
2026-07-11_00:09:51 poolControl filterRemaining: 1.6
2026-07-11_00:09:51 poolControl Pool 31.3/Soll 32.0°C | Filter on (Nachtfilterung) | 6.4/8h
2026-07-11_00:11:21 poolControl filterRuntimeToday: 383
2026-07-11_00:11:49 poolControl filterRuntimeToday: 384
2026-07-11_00:12:49 poolControl filterRuntimeToday: 385
2026-07-11_00:14:17 poolControl filterRuntimeToday: 386
2026-07-11_00:14:47 poolControl filterRuntimeToday: 387
2026-07-11_00:15:47 poolControl filterRuntimeToday: 388
2026-07-11_00:15:47 poolControl filterRemaining: 1.5
2026-07-11_00:15:47 poolControl Pool 31.3/Soll 32.0°C | Filter on (Nachtfilterung) | 6.5/8h
2026-07-11_00:17:08 poolControl filterRuntimeToday: 389
2026-07-11_00:17:44 poolControl filterRuntimeToday: 390
2026-07-11_00:18:17 poolControl poolTemp: 31.2
2026-07-11_00:18:17 poolControl Pool 31.2/Soll 32.0°C | Filter on (Nachtfilterung) | 6.5/8h
2026-07-11_00:18:52 poolControl filterRuntimeToday: 391
2026-07-11_00:20:09 poolControl filterRuntimeToday: 392
2026-07-11_00:21:28 poolControl filterRuntimeToday: 393
2026-07-11_00:21:28 poolControl filterRemaining: 1.4
2026-07-11_00:21:28 poolControl Pool 31.2/Soll 32.0°C | Filter on (Nachtfilterung) | 6.6/8h
2026-07-11_00:21:59 poolControl filterRuntimeToday: 394
2026-07-11_00:22:59 poolControl filterRuntimeToday: 395
2026-07-11_00:23:18 poolControl inflowTemp: 31.2
2026-07-11_00:24:27 poolControl filterRuntimeToday: 396
2026-07-11_00:24:47 poolControl filterRuntimeToday: 397
2026-07-11_00:25:47 poolControl filterRuntimeToday: 398
2026-07-11_00:27:21 poolControl filterRuntimeToday: 399
2026-07-11_00:27:21 poolControl filterRemaining: 1.3
2026-07-11_00:27:21 poolControl Pool 31.2/Soll 32.0°C | Filter on (Nachtfilterung) | 6.7/8h
2026-07-11_00:28:18 poolControl poolTemp: 31.1
2026-07-11_00:28:18 poolControl inflowTemp: 31.1
2026-07-11_00:28:18 poolControl filterRuntimeToday: 400
2026-07-11_00:28:18 poolControl Pool 31.1/Soll 32.0°C | Filter on (Nachtfilterung) | 6.7/8h
2026-07-11_00:28:52 poolControl filterRuntimeToday: 401
2026-07-11_00:29:52 poolControl filterRuntimeToday: 402
2026-07-11_00:31:14 poolControl filterRuntimeToday: 403
2026-07-11_00:31:44 poolControl filterRuntimeToday: 404
2026-07-11_00:32:44 poolControl filterRuntimeToday: 405
2026-07-11_00:33:13 poolControl filterRemaining: 1.2
2026-07-11_00:33:13 poolControl Pool 31.1/Soll 32.0°C | Filter on (Nachtfilterung) | 6.8/8h
2026-07-11_00:34:18 poolControl filterRuntimeToday: 406
2026-07-11_00:34:55 poolControl filterRuntimeToday: 407
2026-07-11_00:35:55 poolControl filterRuntimeToday: 408
2026-07-11_00:37:08 poolControl filterRuntimeToday: 409
2026-07-11_00:38:18 poolControl filterRuntimeToday: 410
2026-07-11_00:39:10 poolControl filterRuntimeToday: 411
2026-07-11_00:40:10 poolControl filterRuntimeToday: 412
2026-07-11_00:40:10 poolControl filterRemaining: 1.1
2026-07-11_00:40:10 poolControl Pool 31.1/Soll 32.0°C | Filter on (Nachtfilterung) | 6.9/8h
2026-07-11_00:41:34 poolControl filterRuntimeToday: 413
2026-07-11_00:41:52 poolControl filterRuntimeToday: 414
2026-07-11_00:42:52 poolControl filterRuntimeToday: 415
2026-07-11_00:44:23 poolControl filterRuntimeToday: 416
2026-07-11_00:44:45 poolControl filterRuntimeToday: 417
2026-07-11_00:45:45 poolControl filterRuntimeToday: 418
2026-07-11_00:45:45 poolControl filterRemaining: 1.0
2026-07-11_00:45:45 poolControl Pool 31.1/Soll 32.0°C | Filter on (Nachtfilterung) | 7.0/8h
2026-07-11_00:47:18 poolControl filterRuntimeToday: 419
2026-07-11_00:48:18 poolControl poolTemp: 31.0
2026-07-11_00:48:18 poolControl inflowTemp: 31.0
2026-07-11_00:48:18 poolControl filterRuntimeToday: 420
2026-07-11_00:48:18 poolControl Pool 31.0/Soll 32.0°C | Filter on (Nachtfilterung) | 7.0/8h
2026-07-11_00:48:52 poolControl filterRuntimeToday: 421
2026-07-11_00:50:27 poolControl filterRuntimeToday: 422
2026-07-11_00:51:27 poolControl filterRuntimeToday: 423
2026-07-11_00:51:27 poolControl filterRemaining: 0.9
2026-07-11_00:51:27 poolControl Pool 31.0/Soll 32.0°C | Filter on (Nachtfilterung) | 7.1/8h
2026-07-11_00:52:40 poolControl filterRuntimeToday: 424
2026-07-11_00:53:01 poolControl filterRuntimeToday: 425
2026-07-11_00:53:17 poolControl poolTemp: 30.9
2026-07-11_00:53:17 poolControl Pool 30.9/Soll 32.0°C | Filter on (Nachtfilterung) | 7.1/8h
2026-07-11_00:54:19 poolControl filterRuntimeToday: 426
2026-07-11_00:55:19 poolControl filterRuntimeToday: 427
2026-07-11_00:56:36 poolControl filterRuntimeToday: 428
2026-07-11_00:57:03 poolControl filterRuntimeToday: 429
2026-07-11_00:58:03 poolControl filterRuntimeToday: 430
2026-07-11_00:58:03 poolControl filterRemaining: 0.8
2026-07-11_00:58:03 poolControl Pool 30.9/Soll 32.0°C | Filter on (Nachtfilterung) | 7.2/8h
2026-07-11_00:58:19 poolControl inflowTemp: 30.9
2026-07-11_00:59:25 poolControl filterRuntimeToday: 431
2026-07-11_01:00:37 poolControl filterRuntimeToday: 432
2026-07-11_01:00:56 poolControl filterRuntimeToday: 433
2026-07-11_01:01:56 poolControl filterRuntimeToday: 434
2026-07-11_01:03:11 poolControl filterRuntimeToday: 435
2026-07-11_01:03:18 poolControl filterRemaining: 0.7
2026-07-11_01:03:18 poolControl Pool 30.9/Soll 32.0°C | Filter on (Nachtfilterung) | 7.3/8h
2026-07-11_01:04:32 poolControl filterRuntimeToday: 436
2026-07-11_01:05:01 poolControl filterRuntimeToday: 437
2026-07-11_01:06:21 poolControl filterRuntimeToday: 438
2026-07-11_01:07:23 poolControl filterRuntimeToday: 439
2026-07-11_01:07:48 poolControl filterRuntimeToday: 440
2026-07-11_01:09:03 poolControl filterRuntimeToday: 441
2026-07-11_01:10:03 poolControl filterRuntimeToday: 442
2026-07-11_01:10:03 poolControl filterRemaining: 0.6
2026-07-11_01:10:03 poolControl Pool 30.9/Soll 32.0°C | Filter on (Nachtfilterung) | 7.4/8h
2026-07-11_01:11:25 poolControl filterRuntimeToday: 443
2026-07-11_01:11:53 poolControl filterRuntimeToday: 444
2026-07-11_01:12:53 poolControl filterRuntimeToday: 445
2026-07-11_01:13:18 poolControl poolTemp: 30.8
2026-07-11_01:13:18 poolControl inflowTemp: 30.8
2026-07-11_01:13:18 poolControl Pool 30.8/Soll 32.0°C | Filter on (Nachtfilterung) | 7.4/8h
2026-07-11_01:14:18 poolControl filterRuntimeToday: 446
2026-07-11_01:15:28 poolControl filterRuntimeToday: 447
2026-07-11_01:15:28 poolControl filterRemaining: 0.5
2026-07-11_01:15:28 poolControl Pool 30.8/Soll 32.0°C | Filter on (Nachtfilterung) | 7.5/8h
2026-07-11_01:15:48 poolControl filterRuntimeToday: 448
2026-07-11_01:17:09 poolControl filterRuntimeToday: 449
2026-07-11_01:18:16 poolControl filterRuntimeToday: 450
2026-07-11_01:19:38 poolControl filterRuntimeToday: 451
2026-07-11_01:19:52 poolControl filterRuntimeToday: 452
2026-07-11_01:20:52 poolControl filterRuntimeToday: 453
2026-07-11_01:21:22 poolControl filterRemaining: 0.4
2026-07-11_01:21:22 poolControl Pool 30.8/Soll 32.0°C | Filter on (Nachtfilterung) | 7.6/8h
2026-07-11_01:22:41 poolControl filterRuntimeToday: 454
2026-07-11_01:23:18 poolControl filterRuntimeToday: 455
2026-07-11_01:24:00 poolControl filterRuntimeToday: 456
2026-07-11_01:25:00 poolControl filterRuntimeToday: 457
2026-07-11_01:26:16 poolControl filterRuntimeToday: 458
2026-07-11_01:27:39 poolControl filterRuntimeToday: 459
2026-07-11_01:27:39 poolControl filterRemaining: 0.3
2026-07-11_01:27:39 poolControl Pool 30.8/Soll 32.0°C | Filter on (Nachtfilterung) | 7.7/8h
2026-07-11_01:27:57 poolControl filterRuntimeToday: 460
2026-07-11_01:29:18 poolControl filterRuntimeToday: 461
2026-07-11_01:30:22 poolControl filterRuntimeToday: 462
2026-07-11_01:31:40 poolControl filterRuntimeToday: 463
2026-07-11_01:32:10 poolControl filterRuntimeToday: 464
2026-07-11_01:33:10 poolControl filterRuntimeToday: 465
2026-07-11_01:33:18 poolControl poolTemp: 30.7
2026-07-11_01:33:18 poolControl inflowTemp: 30.7
2026-07-11_01:33:18 poolControl filterRemaining: 0.2
2026-07-11_01:33:18 poolControl Pool 30.7/Soll 32.0°C | Filter on (Nachtfilterung) | 7.8/8h
2026-07-11_01:34:27 poolControl filterRuntimeToday: 466
2026-07-11_01:34:51 poolControl filterRuntimeToday: 467
2026-07-11_01:35:51 poolControl filterRuntimeToday: 468
2026-07-11_01:37:16 poolControl filterRuntimeToday: 469
2026-07-11_01:38:18 poolControl poolTemp: 30.6
2026-07-11_01:38:18 poolControl inflowTemp: 30.6
2026-07-11_01:38:18 poolControl filterRuntimeToday: 470
2026-07-11_01:38:18 poolControl Pool 30.6/Soll 32.0°C | Filter on (Nachtfilterung) | 7.8/8h
2026-07-11_01:38:50 poolControl filterRuntimeToday: 471
2026-07-11_01:39:50 poolControl filterRuntimeToday: 472
2026-07-11_01:39:50 poolControl filterRemaining: 0.1
2026-07-11_01:39:50 poolControl Pool 30.6/Soll 32.0°C | Filter on (Nachtfilterung) | 7.9/8h
2026-07-11_01:41:13 poolControl filterRuntimeToday: 473
2026-07-11_01:42:36 poolControl filterRuntimeToday: 474
2026-07-11_01:42:52 poolControl filterRuntimeToday: 475
2026-07-11_01:44:16 poolControl filterRuntimeToday: 476
2026-07-11_01:45:16 poolControl filterRuntimeToday: 477
2026-07-11_01:45:16 poolControl filterRemaining: 0.0
2026-07-11_01:45:16 poolControl Pool 30.6/Soll 32.0°C | Filter on (Nachtfilterung) | 8.0/8h
2026-07-11_01:45:43 poolControl filterRuntimeToday: 478
2026-07-11_01:46:43 poolControl filterRuntimeToday: 479
2026-07-11_01:48:08 poolControl filterRuntimeToday: 480
2026-07-11_01:48:18 poolControl filterState: off
2026-07-11_01:48:18 poolControl filterReason: Heizbedarf, keine Quelle
2026-07-11_01:48:18 poolControl Pool 30.6/Soll 32.0°C | Filter off (Heizbedarf, keine Quelle) | 8.0/8h
2026-07-11_01:48:30 poolControl solarIndex: 4
2026-07-11_01:53:18 poolControl inflowTemp: 30.5
2026-07-11_01:58:18 poolControl poolTemp: 30.5
2026-07-11_01:58:18 poolControl heatpumpEffective: 31.4
2026-07-11_01:58:18 poolControl Pool 30.5/Soll 32.0°C | Filter off (Heizbedarf, keine Quelle) | 8.0/8h
2026-07-11_02:03:19 poolControl poolTemp: 30.4
2026-07-11_02:03:19 poolControl heatpumpEffective: 31.3
2026-07-11_02:03:19 poolControl Pool 30.4/Soll 32.0°C | Filter off (Heizbedarf, keine Quelle) | 8.0/8h
2026-07-11_02:04:48 poolControl solarIndex: 3
2026-07-11_02:13:17 poolControl inflowTemp: 30.4
2026-07-11_02:22:23 poolControl solarIndex: 4
2026-07-11_02:28:18 poolControl poolTemp: 30.3
2026-07-11_02:28:18 poolControl inflowTemp: 30.3
2026-07-11_02:28:18 poolControl heatpumpEffective: 31.2
2026-07-11_02:28:18 poolControl Pool 30.3/Soll 32.0°C | Filter off (Heizbedarf, keine Quelle) | 8.0/8h
2026-07-11_02:48:18 poolControl inflowTemp: 30.2
2026-07-11_02:53:18 poolControl poolTemp: 30.2
2026-07-11_02:53:18 poolControl heatpumpEffective: 31.1
2026-07-11_02:53:18 poolControl Pool 30.2/Soll 32.0°C | Filter off (Heizbedarf, keine Quelle) | 8.0/8h
2026-07-11_02:58:18 poolControl poolTemp: 30.1
2026-07-11_02:58:18 poolControl heatpumpEffective: 31.0
2026-07-11_02:58:18 poolControl Pool 30.1/Soll 32.0°C | Filter off (Heizbedarf, keine Quelle) | 8.0/8h
2026-07-11_03:03:18 poolControl inflowTemp: 30.1
2026-07-11_03:18:17 poolControl poolTemp: 30.0
2026-07-11_03:18:17 poolControl heatpumpEffective: 30.9
2026-07-11_03:18:17 poolControl Pool 30.0/Soll 32.0°C | Filter off (Heizbedarf, keine Quelle) | 8.0/8h
2026-07-11_03:23:18 poolControl inflowTemp: 30.0
2026-07-11_03:33:18 poolControl poolTemp: 29.9
2026-07-11_03:33:18 poolControl inflowTemp: 29.9
2026-07-11_03:33:18 poolControl heatpumpEffective: 30.8
2026-07-11_03:33:18 poolControl Pool 29.9/Soll 32.0°C | Filter off (Heizbedarf, keine Quelle) | 8.0/8h
2026-07-11_03:53:18 poolControl poolTemp: 29.8
2026-07-11_03:53:18 poolControl heatpumpEffective: 30.7
2026-07-11_03:53:18 poolControl Pool 29.8/Soll 32.0°C | Filter off (Heizbedarf, keine Quelle) | 8.0/8h
2026-07-11_03:58:17 poolControl inflowTemp: 29.8
2026-07-11_04:13:17 poolControl poolTemp: 29.7
2026-07-11_04:13:17 poolControl heatpumpEffective: 30.6
2026-07-11_04:13:17 poolControl Pool 29.7/Soll 32.0°C | Filter off (Heizbedarf, keine Quelle) | 8.0/8h
2026-07-11_04:17:21 poolControl solarIndex: 3
2026-07-11_04:18:18 poolControl poolTemp: 29.6
2026-07-11_04:18:18 poolControl inflowTemp: 29.7
2026-07-11_04:18:18 poolControl heatpumpEffective: 30.5
2026-07-11_04:18:18 poolControl Pool 29.6/Soll 32.0°C | Filter off (Heizbedarf, keine Quelle) | 8.0/8h
2026-07-11_04:18:52 poolControl solarIndex: 4
2026-07-11_04:28:17 poolControl inflowTemp: 29.6
2026-07-11_04:43:17 poolControl poolTemp: 29.5
2026-07-11_04:43:17 poolControl heatpumpEffective: 30.4
2026-07-11_04:43:17 poolControl Pool 29.5/Soll 32.0°C | Filter off (Heizbedarf, keine Quelle) | 8.0/8h
2026-07-11_04:53:18 poolControl inflowTemp: 29.5
2026-07-11_04:58:18 poolControl poolTemp: 29.4
2026-07-11_04:58:18 poolControl heatpumpEffective: 30.3
2026-07-11_04:58:18 poolControl Pool 29.4/Soll 32.0°C | Filter off (Heizbedarf, keine Quelle) | 8.0/8h
2026-07-11_05:03:18 poolControl inflowTemp: 29.4
2026-07-11_05:18:17 poolControl poolTemp: 29.3
2026-07-11_05:18:17 poolControl heatpumpEffective: 30.2
2026-07-11_05:18:17 poolControl Pool 29.3/Soll 32.0°C | Filter off (Heizbedarf, keine Quelle) | 8.0/8h
2026-07-11_05:23:18 poolControl inflowTemp: 29.3
2026-07-11_05:38:17 poolControl poolTemp: 29.2
2026-07-11_05:38:17 poolControl heatpumpEffective: 30.1
2026-07-11_05:38:17 poolControl Pool 29.2/Soll 32.0°C | Filter off (Heizbedarf, keine Quelle) | 8.0/8h
2026-07-11_05:43:17 poolControl poolTemp: 29.1
2026-07-11_05:43:17 poolControl heatpumpEffective: 30.0
2026-07-11_05:43:17 poolControl Pool 29.1/Soll 32.0°C | Filter off (Heizbedarf, keine Quelle) | 8.0/8h
2026-07-11_05:48:17 poolControl poolTemp: 29.2
2026-07-11_05:48:17 poolControl inflowTemp: 29.2
2026-07-11_05:48:17 poolControl heatpumpEffective: 30.1
2026-07-11_05:48:17 poolControl Pool 29.2/Soll 32.0°C | Filter off (Heizbedarf, keine Quelle) | 8.0/8h
2026-07-11_05:58:17 poolControl poolTemp: 29.1
2026-07-11_05:58:17 poolControl inflowTemp: 29.1
2026-07-11_05:58:17 poolControl heatpumpEffective: 30.0
2026-07-11_05:58:17 poolControl Pool 29.1/Soll 32.0°C | Filter off (Heizbedarf, keine Quelle) | 8.0/8h
2026-07-11_06:00:19 poolControl filterRuntimeToday: 0
2026-07-11_06:00:19 poolControl filterRemaining: 8.0
2026-07-11_06:00:19 poolControl Pool 29.1/Soll 32.0°C | Filter off (Heizbedarf, keine Quelle) | 0.0/8h
2026-07-11_06:13:18 poolControl poolTemp: 29.0
2026-07-11_06:13:18 poolControl heatpumpEffective: 29.9
2026-07-11_06:13:18 poolControl Pool 29.0/Soll 32.0°C | Filter off (Heizbedarf, keine Quelle) | 0.0/8h
2026-07-11_06:18:18 poolControl inflowTemp: 29.0
2026-07-11_06:23:17 poolControl poolTemp: 28.9
2026-07-11_06:23:17 poolControl heatpumpEffective: 29.8
2026-07-11_06:23:17 poolControl Pool 28.9/Soll 32.0°C | Filter off (Heizbedarf, keine Quelle) | 0.0/8h
2026-07-11_06:28:18 poolControl inflowTemp: 28.9
2026-07-11_06:43:18 poolControl poolTemp: 28.8
2026-07-11_06:43:18 poolControl heatpumpEffective: 29.7
2026-07-11_06:43:18 poolControl Pool 28.8/Soll 32.0°C | Filter off (Heizbedarf, keine Quelle) | 0.0/8h
2026-07-11_06:53:17 poolControl inflowTemp: 28.8
2026-07-11_07:23:18 poolControl poolTemp: 28.7
2026-07-11_07:23:18 poolControl heatpumpEffective: 29.6
2026-07-11_07:23:18 poolControl Pool 28.7/Soll 32.0°C | Filter off (Heizbedarf, keine Quelle) | 0.0/8h
2026-07-11_07:28:18 poolControl poolTemp: 28.6
2026-07-11_07:28:18 poolControl inflowTemp: 28.7
2026-07-11_07:28:18 poolControl heatpumpEffective: 29.5
2026-07-11_07:28:18 poolControl Pool 28.6/Soll 32.0°C | Filter off (Heizbedarf, keine Quelle) | 0.0/8h
2026-07-11_07:53:17 poolControl inflowTemp: 28.6
2026-07-11_07:58:06 poolControl solarIndex: 3
2026-07-11_07:59:31 poolControl solarIndex: 5
2026-07-11_08:01:45 poolControl solarIndex: 4
2026-07-11_08:04:00 poolControl solarIndex: 1
2026-07-11_08:05:30 poolControl solarIndex: 3
2026-07-11_08:09:22 poolControl solarIndex: 4
2026-07-11_08:13:43 poolControl solarIndex: 5
2026-07-11_08:18:52 poolControl solarIndex: 6
2026-07-11_08:22:26 poolControl solarIndex: 5
2026-07-11_08:23:17 poolControl poolTemp: 28.5
2026-07-11_08:23:17 poolControl heatpumpEffective: 29.4
2026-07-11_08:23:17 poolControl Pool 28.5/Soll 32.0°C | Filter off (Heizbedarf, keine Quelle) | 0.0/8h
2026-07-11_08:38:18 poolControl poolTemp: 28.4
2026-07-11_08:38:18 poolControl inflowTemp: 28.5
2026-07-11_08:38:18 poolControl heatpumpEffective: 29.3
2026-07-11_08:38:18 poolControl Pool 28.4/Soll 32.0°C | Filter off (Heizbedarf, keine Quelle) | 0.0/8h
2026-07-11_08:42:25 poolControl solarIndex: 7
2026-07-11_08:43:19 poolControl poolTemp: 28.5
2026-07-11_08:43:19 poolControl inflowTemp: 28.6
2026-07-11_08:43:19 poolControl heatpumpEffective: 29.4
2026-07-11_08:43:19 poolControl Pool 28.5/Soll 32.0°C | Filter off (Heizbedarf, keine Quelle) | 0.0/8h
2026-07-11_08:43:28 poolControl solarIndex: 8
2026-07-11_08:46:10 poolControl solarIndex: 7
2026-07-11_08:47:07 poolControl solarIndex: 8
2026-07-11_08:48:18 poolControl poolTemp: 28.6
2026-07-11_08:48:18 poolControl inflowTemp: 28.7
2026-07-11_08:48:18 poolControl heatpumpEffective: 29.5
2026-07-11_08:48:18 poolControl Pool 28.6/Soll 32.0°C | Filter off (Heizbedarf, keine Quelle) | 0.0/8h
2026-07-11_08:53:18 poolControl inflowTemp: 28.8
2026-07-11_09:00:02 poolControl filterState: on
2026-07-11_09:00:02 poolControl filterReason: WP
2026-07-11_09:00:02 poolControl heatpumpState: on
2026-07-11_09:00:02 poolControl lastDecision: Solar heizt nicht: off (ausserhalb Solarfenster)
2026-07-11_09:00:02 poolControl Pool 28.6/Soll 32.0°C | Filter on (WP) | 0.0/8h
2026-07-11_09:01:06 poolControl filterRuntimeToday: 1
2026-07-11_09:01:22 poolControl solarIndex: 6
2026-07-11_09:02:22 poolControl filterRuntimeToday: 2
2026-07-11_09:03:18 poolControl inflowTemp: 28.9
2026-07-11_09:03:18 poolControl filterRuntimeToday: 3
2026-07-11_09:03:18 poolControl filterRemaining: 7.9
2026-07-11_09:03:18 poolControl Pool 28.6/Soll 32.0°C | Filter on (WP) | 0.1/8h
2026-07-11_09:04:18 poolControl filterRuntimeToday: 4
2026-07-11_09:05:18 poolControl filterRuntimeToday: 5
2026-07-11_09:06:18 poolControl filterRuntimeToday: 6
2026-07-11_09:07:18 poolControl filterRuntimeToday: 7
2026-07-11_09:07:44 poolControl solarIndex: 5
2026-07-11_09:07:44 poolControl filterRuntimeToday: 8
2026-07-11_09:08:17 poolControl inflowTemp: 29.7
2026-07-11_09:09:17 poolControl filterRuntimeToday: 9
2026-07-11_09:09:17 poolControl filterRemaining: 7.8
2026-07-11_09:09:17 poolControl Pool 28.6/Soll 32.0°C | Filter on (WP) | 0.2/8h
2026-07-11_09:10:15 poolControl solarIndex: 4
2026-07-11_09:10:15 poolControl filterRuntimeToday: 10
2026-07-11_09:11:15 poolControl filterRuntimeToday: 11
2026-07-11_09:11:54 poolControl solarIndex: 5
2026-07-11_09:11:54 poolControl filterRuntimeToday: 12
2026-07-11_09:12:54 poolControl filterRuntimeToday: 13
2026-07-11_09:13:19 poolControl poolTemp: 28.7
2026-07-11_09:13:19 poolControl inflowTemp: 29.9
2026-07-11_09:13:19 poolControl heatpumpEffective: 29.6
2026-07-11_09:13:19 poolControl Pool 28.7/Soll 32.0°C | Filter on (WP) | 0.2/8h
2026-07-11_09:14:19 poolControl filterRuntimeToday: 14
2026-07-11_09:15:19 poolControl filterRuntimeToday: 15
2026-07-11_09:15:19 poolControl filterRemaining: 7.7
2026-07-11_09:15:19 poolControl Pool 28.7/Soll 32.0°C | Filter on (WP) | 0.3/8h
2026-07-11_09:16:19 poolControl filterRuntimeToday: 16
2026-07-11_09:16:38 poolControl solarIndex: 3
2026-07-11_09:16:38 poolControl filterState: off
2026-07-11_09:16:38 poolControl filterReason: Heizbedarf, keine Quelle
2026-07-11_09:16:38 poolControl filterRuntimeToday: 17
2026-07-11_09:16:38 poolControl heatpumpState: off
2026-07-11_09:16:38 poolControl lastDecision: Solar heizt nicht: off (ausserhalb Solarfenster); WP aus: Solarindex zu niedrig (3, ein>=8/aus<=3)
2026-07-11_09:16:38 poolControl Pool 28.7/Soll 32.0°C | Filter off (Heizbedarf, keine Quelle) | 0.3/8h
2026-07-11_09:18:18 poolControl poolTemp: 28.8
2026-07-11_09:18:18 poolControl inflowTemp: 29.0
2026-07-11_09:18:18 poolControl heatpumpEffective: 29.7
2026-07-11_09:18:18 poolControl Pool 28.8/Soll 32.0°C | Filter off (Heizbedarf, keine Quelle) | 0.3/8h
2026-07-11_09:18:52 poolControl solarIndex: 4
2026-07-11_09:18:52 poolControl lastDecision: Solar heizt nicht: off (ausserhalb Solarfenster); WP aus: Solarindex zu niedrig (4, ein>=8/aus<=3)
2026-07-11_09:19:15 poolControl solarIndex: 5
2026-07-11_09:19:15 poolControl lastDecision: Solar heizt nicht: off (ausserhalb Solarfenster); WP aus: Solarindex zu niedrig (5, ein>=8/aus<=3)
2026-07-11_09:21:18 poolControl solarIndex: 6
2026-07-11_09:21:18 poolControl lastDecision: Solar heizt nicht: off (ausserhalb Solarfenster); WP aus: Solarindex zu niedrig (6, ein>=8/aus<=3)
2026-07-11_09:22:41 poolControl solarIndex: 4
2026-07-11_09:22:41 poolControl lastDecision: Solar heizt nicht: off (ausserhalb Solarfenster); WP aus: Solarindex zu niedrig (4, ein>=8/aus<=3)
2026-07-11_09:23:17 poolControl inflowTemp: 28.9
2026-07-11_09:25:30 poolControl solarIndex: 6
2026-07-11_09:25:30 poolControl lastDecision: Solar heizt nicht: off (ausserhalb Solarfenster); WP aus: Solarindex zu niedrig (6, ein>=8/aus<=3)
2026-07-11_09:27:33 poolControl solarIndex: 9
2026-07-11_09:27:33 poolControl filterState: on
2026-07-11_09:27:33 poolControl filterReason: WP
2026-07-11_09:27:33 poolControl heatpumpState: on
2026-07-11_09:27:33 poolControl lastDecision: Solar heizt nicht: off (ausserhalb Solarfenster)
2026-07-11_09:27:33 poolControl Pool 28.8/Soll 32.0°C | Filter on (WP) | 0.3/8h
2026-07-11_09:29:21 poolControl solarIndex: 7
2026-07-11_09:29:21 poolControl filterRuntimeToday: 18
2026-07-11_09:30:21 poolControl filterRuntimeToday: 19
2026-07-11_09:30:30 poolControl filterRuntimeToday: 20
2026-07-11_09:31:47 poolControl filterRuntimeToday: 21
2026-07-11_09:32:11 poolControl filterRemaining: 7.6
2026-07-11_09:32:11 poolControl Pool 28.8/Soll 32.0°C | Filter on (WP) | 0.4/8h
2026-07-11_09:33:11 poolControl filterRuntimeToday: 22
2026-07-11_09:33:17 poolControl poolTemp: 28.9
2026-07-11_09:33:17 poolControl inflowTemp: 30.0
2026-07-11_09:33:17 poolControl heatpumpEffective: 29.8
2026-07-11_09:33:17 poolControl Pool 28.9/Soll 32.0°C | Filter on (WP) | 0.4/8h
2026-07-11_09:34:18 poolControl filterRuntimeToday: 23
2026-07-11_09:35:09 poolControl solarIndex: 5
2026-07-11_09:35:09 poolControl filterRuntimeToday: 24
2026-07-11_09:36:09 poolControl filterRuntimeToday: 25
2026-07-11_09:36:44 poolControl filterRuntimeToday: 26
2026-07-11_09:37:44 poolControl filterRuntimeToday: 27
2026-07-11_09:38:18 poolControl poolTemp: 29.0
2026-07-11_09:38:18 poolControl inflowTemp: 30.2
2026-07-11_09:38:18 poolControl filterRemaining: 7.5
2026-07-11_09:38:18 poolControl heatpumpEffective: 29.9
2026-07-11_09:38:18 poolControl Pool 29.0/Soll 32.0°C | Filter on (WP) | 0.5/8h
2026-07-11_09:39:26 poolControl filterRuntimeToday: 28
2026-07-11_09:40:23 poolControl filterRuntimeToday: 29
2026-07-11_09:41:24 poolControl filterRuntimeToday: 30
2026-07-11_09:41:47 poolControl filterRuntimeToday: 31
2026-07-11_09:42:07 poolControl solarIndex: 6
2026-07-11_09:43:08 poolControl filterRuntimeToday: 32
2026-07-11_09:43:18 poolControl poolTemp: 29.1
2026-07-11_09:43:18 poolControl inflowTemp: 30.3
2026-07-11_09:43:18 poolControl heatpumpEffective: 30.0
2026-07-11_09:43:18 poolControl Pool 29.1/Soll 32.0°C | Filter on (WP) | 0.5/8h
2026-07-11_09:44:09 poolControl solarIndex: 7
2026-07-11_09:44:09 poolControl filterRuntimeToday: 33
2026-07-11_09:44:09 poolControl filterRemaining: 7.4
2026-07-11_09:44:09 poolControl Pool 29.1/Soll 32.0°C | Filter on (WP) | 0.6/8h
2026-07-11_09:45:09 poolControl filterRuntimeToday: 34
2026-07-11_09:46:09 poolControl filterRuntimeToday: 35
2026-07-11_09:47:03 poolControl filterRuntimeToday: 36
2026-07-11_09:48:03 poolControl filterRuntimeToday: 37
2026-07-11_09:48:18 poolControl poolTemp: 29.2
2026-07-11_09:48:18 poolControl inflowTemp: 30.4
2026-07-11_09:48:18 poolControl heatpumpEffective: 30.1
2026-07-11_09:48:18 poolControl Pool 29.2/Soll 32.0°C | Filter on (WP) | 0.6/8h
2026-07-11_09:48:52 poolControl filterRuntimeToday: 38
2026-07-11_09:50:21 poolControl filterRuntimeToday: 39
2026-07-11_09:50:21 poolControl filterRemaining: 7.3
2026-07-11_09:50:21 poolControl Pool 29.2/Soll 32.0°C | Filter on (WP) | 0.7/8h
2026-07-11_09:51:21 poolControl filterRuntimeToday: 40
2026-07-11_09:52:25 poolControl filterRuntimeToday: 41
2026-07-11_09:53:17 poolControl poolTemp: 29.3
2026-07-11_09:53:17 poolControl inflowTemp: 30.6
2026-07-11_09:53:17 poolControl filterRuntimeToday: 42
2026-07-11_09:53:17 poolControl heatpumpEffective: 30.2
2026-07-11_09:53:17 poolControl Pool 29.3/Soll 32.0°C | Filter on (WP) | 0.7/8h
2026-07-11_09:53:45 poolControl filterRuntimeToday: 43
2026-07-11_09:54:46 poolControl filterRuntimeToday: 44
2026-07-11_09:55:46 poolControl filterRuntimeToday: 45
2026-07-11_09:56:04 poolControl filterRemaining: 7.2
2026-07-11_09:56:04 poolControl Pool 29.3/Soll 32.0°C | Filter on (WP) | 0.8/8h
2026-07-11_09:57:04 poolControl filterRuntimeToday: 46
2026-07-11_09:58:04 poolControl filterRuntimeToday: 47
2026-07-11_09:58:07 poolControl solarIndex: 5
2026-07-11_09:58:17 poolControl poolTemp: 29.4
2026-07-11_09:58:17 poolControl inflowTemp: 30.7
2026-07-11_09:58:17 poolControl heatpumpEffective: 30.3
2026-07-11_09:58:17 poolControl Pool 29.4/Soll 32.0°C | Filter on (WP) | 0.8/8h
2026-07-11_09:59:17 poolControl filterRuntimeToday: 48
2026-07-11_09:59:47 poolControl solarIndex: 4
2026-07-11_09:59:47 poolControl filterRuntimeToday: 49
2026-07-11_10:00:47 poolControl filterRuntimeToday: 50
2026-07-11_10:01:33 poolControl solarIndex: 5
2026-07-11_10:01:33 poolControl filterRuntimeToday: 51
2026-07-11_10:02:33 poolControl filterRuntimeToday: 52
2026-07-11_10:02:33 poolControl filterRemaining: 7.1
2026-07-11_10:02:33 poolControl Pool 29.4/Soll 32.0°C | Filter on (WP) | 0.9/8h
2026-07-11_10:03:18 poolControl poolTemp: 29.5
2026-07-11_10:03:18 poolControl inflowTemp: 30.8
2026-07-11_10:03:18 poolControl heatpumpEffective: 30.4
2026-07-11_10:03:18 poolControl Pool 29.5/Soll 32.0°C | Filter on (WP) | 0.9/8h
2026-07-11_10:04:26 poolControl filterRuntimeToday: 53
2026-07-11_10:05:26 poolControl filterRuntimeToday: 54
2026-07-11_10:06:26 poolControl filterRuntimeToday: 55
2026-07-11_10:07:10 poolControl solarIndex: 7
2026-07-11_10:07:10 poolControl filterRuntimeToday: 56
2026-07-11_10:08:10 poolControl filterRuntimeToday: 57
2026-07-11_10:08:10 poolControl filterRemaining: 7.0
2026-07-11_10:08:10 poolControl Pool 29.5/Soll 32.0°C | Filter on (WP) | 1.0/8h
2026-07-11_10:08:19 poolControl poolTemp: 29.6
2026-07-11_10:08:19 poolControl inflowTemp: 30.9
2026-07-11_10:08:19 poolControl heatpumpEffective: 30.5
2026-07-11_10:08:19 poolControl Pool 29.6/Soll 32.0°C | Filter on (WP) | 1.0/8h
2026-07-11_10:09:02 poolControl filterRuntimeToday: 58
2026-07-11_10:10:02 poolControl filterRuntimeToday: 59
2026-07-11_10:10:55 poolControl filterRuntimeToday: 60
2026-07-11_10:11:55 poolControl filterRuntimeToday: 61
2026-07-11_10:13:12 poolControl filterRuntimeToday: 62
2026-07-11_10:13:18 poolControl poolTemp: 29.8
2026-07-11_10:13:18 poolControl inflowTemp: 30.8
2026-07-11_10:13:18 poolControl heatpumpEffective: 30.7
2026-07-11_10:13:18 poolControl Pool 29.8/Soll 32.0°C | Filter on (WP) | 1.0/8h
2026-07-11_10:13:38 poolControl filterRuntimeToday: 63
2026-07-11_10:14:38 poolControl filterRuntimeToday: 64
2026-07-11_10:14:38 poolControl filterRemaining: 6.9
2026-07-11_10:14:38 poolControl Pool 29.8/Soll 32.0°C | Filter on (WP) | 1.1/8h
2026-07-11_10:15:58 poolControl filterRuntimeToday: 65
2026-07-11_10:17:08 poolControl filterRuntimeToday: 66
2026-07-11_10:18:18 poolControl filterRuntimeToday: 67
2026-07-11_10:18:43 poolControl filterRuntimeToday: 68
2026-07-11_10:19:43 poolControl filterRuntimeToday: 69
2026-07-11_10:20:58 poolControl filterRuntimeToday: 70
2026-07-11_10:20:58 poolControl filterRemaining: 6.8
2026-07-11_10:20:58 poolControl Pool 29.8/Soll 32.0°C | Filter on (WP) | 1.2/8h
2026-07-11_10:22:11 poolControl filterRuntimeToday: 71
2026-07-11_10:23:17 poolControl poolTemp: 29.9
2026-07-11_10:23:17 poolControl inflowTemp: 30.9
2026-07-11_10:23:17 poolControl filterRuntimeToday: 72
2026-07-11_10:23:17 poolControl heatpumpEffective: 30.8
2026-07-11_10:23:17 poolControl Pool 29.9/Soll 32.0°C | Filter on (WP) | 1.2/8h
2026-07-11_10:23:43 poolControl filterRuntimeToday: 73
2026-07-11_10:24:43 poolControl filterRuntimeToday: 74
2026-07-11_10:25:55 poolControl filterRuntimeToday: 75
2026-07-11_10:26:12 poolControl filterRemaining: 6.7
2026-07-11_10:26:12 poolControl Pool 29.9/Soll 32.0°C | Filter on (WP) | 1.3/8h
2026-07-11_10:27:12 poolControl filterRuntimeToday: 76
2026-07-11_10:28:17 poolControl poolTemp: 30.0
2026-07-11_10:28:17 poolControl inflowTemp: 31.0
2026-07-11_10:28:17 poolControl filterRuntimeToday: 77
2026-07-11_10:28:17 poolControl heatpumpEffective: 30.9
2026-07-11_10:28:17 poolControl Pool 30.0/Soll 32.0°C | Filter on (WP) | 1.3/8h
2026-07-11_10:28:37 poolControl filterRuntimeToday: 78
2026-07-11_10:30:11 poolControl filterRuntimeToday: 79
2026-07-11_10:31:12 poolControl filterRuntimeToday: 80
2026-07-11_10:32:12 poolControl filterRuntimeToday: 81
2026-07-11_10:32:12 poolControl filterRemaining: 6.6
2026-07-11_10:32:12 poolControl Pool 30.0/Soll 32.0°C | Filter on (WP) | 1.4/8h
2026-07-11_10:32:20 poolControl solarIndex: 6
2026-07-11_10:32:48 poolControl filterRuntimeToday: 82
2026-07-11_10:33:17 poolControl poolTemp: 30.1
2026-07-11_10:33:17 poolControl inflowTemp: 31.1
2026-07-11_10:33:17 poolControl heatpumpEffective: 31.0
2026-07-11_10:33:17 poolControl Pool 30.1/Soll 32.0°C | Filter on (WP) | 1.4/8h
2026-07-11_10:34:17 poolControl filterRuntimeToday: 83
2026-07-11_10:34:27 poolControl solarIndex: 7
2026-07-11_10:35:20 poolControl solarIndex: 6
2026-07-11_10:35:20 poolControl filterRuntimeToday: 84
2026-07-11_10:35:53 poolControl filterRuntimeToday: 85
2026-07-11_10:37:29 poolControl filterRuntimeToday: 86
2026-07-11_10:38:07 poolControl filterRuntimeToday: 87
2026-07-11_10:38:07 poolControl filterRemaining: 6.5
2026-07-11_10:38:07 poolControl Pool 30.1/Soll 32.0°C | Filter on (WP) | 1.5/8h
2026-07-11_10:38:18 poolControl poolTemp: 30.2
2026-07-11_10:38:18 poolControl inflowTemp: 31.2
2026-07-11_10:38:18 poolControl heatpumpEffective: 31.1
2026-07-11_10:38:18 poolControl Pool 30.2/Soll 32.0°C | Filter on (WP) | 1.5/8h
2026-07-11_10:38:44 poolControl solarIndex: 7
2026-07-11_10:38:44 poolControl filterRuntimeToday: 88
2026-07-11_10:39:20 poolControl solarIndex: 6
2026-07-11_10:40:21 poolControl filterRuntimeToday: 89
2026-07-11_10:40:27 poolControl solarIndex: 7
2026-07-11_10:41:17 poolControl filterRuntimeToday: 90
2026-07-11_10:42:02 poolControl filterRuntimeToday: 91
2026-07-11_10:43:01 poolControl filterRuntimeToday: 92
2026-07-11_10:43:18 poolControl poolTemp: 30.3
2026-07-11_10:43:18 poolControl inflowTemp: 31.3
2026-07-11_10:43:18 poolControl heatpumpEffective: 31.2
2026-07-11_10:43:18 poolControl Pool 30.3/Soll 32.0°C | Filter on (WP) | 1.5/8h
2026-07-11_10:44:18 poolControl filterRuntimeToday: 93
2026-07-11_10:44:18 poolControl filterRemaining: 6.4
2026-07-11_10:44:18 poolControl Pool 30.3/Soll 32.0°C | Filter on (WP) | 1.6/8h
2026-07-11_10:45:18 poolControl filterRuntimeToday: 94
2026-07-11_10:45:45 poolControl solarIndex: 6
2026-07-11_10:45:45 poolControl filterRuntimeToday: 95
2026-07-11_10:46:45 poolControl filterRuntimeToday: 96
2026-07-11_10:47:37 poolControl filterRuntimeToday: 97
2026-07-11_10:48:18 poolControl poolTemp: 30.4
2026-07-11_10:48:18 poolControl inflowTemp: 31.4
2026-07-11_10:48:18 poolControl heatpumpEffective: 31.3
2026-07-11_10:48:18 poolControl Pool 30.4/Soll 32.0°C | Filter on (WP) | 1.6/8h
2026-07-11_10:48:52 poolControl filterRuntimeToday: 98
2026-07-11_10:49:52 poolControl filterRuntimeToday: 99
2026-07-11_10:50:52 poolControl filterRuntimeToday: 100
2026-07-11_10:50:52 poolControl filterRemaining: 6.3
2026-07-11_10:50:52 poolControl Pool 30.4/Soll 32.0°C | Filter on (WP) | 1.7/8h
2026-07-11_10:50:56 poolControl solarIndex: 5
2026-07-11_10:51:55 poolControl solarIndex: 6
2026-07-11_10:51:55 poolControl filterRuntimeToday: 101
2026-07-11_10:52:55 poolControl filterRuntimeToday: 102
2026-07-11_10:53:19 poolControl inflowTemp: 31.5
2026-07-11_10:54:19 poolControl filterRuntimeToday: 103
2026-07-11_10:55:18 poolControl solarIndex: 7
2026-07-11_10:55:18 poolControl filterRuntimeToday: 104
2026-07-11_10:55:46 poolControl filterRuntimeToday: 105
2026-07-11_10:56:20 poolControl filterRemaining: 6.2
2026-07-11_10:56:20 poolControl Pool 30.4/Soll 32.0°C | Filter on (WP) | 1.8/8h
2026-07-11_10:56:48 poolControl solarIndex: 6
2026-07-11_10:56:48 poolControl filterRuntimeToday: 106
2026-07-11_10:57:48 poolControl filterRuntimeToday: 107
2026-07-11_10:58:17 poolControl poolTemp: 30.6
2026-07-11_10:58:17 poolControl inflowTemp: 31.6
2026-07-11_10:58:17 poolControl heatpumpEffective: 31.5
2026-07-11_10:58:17 poolControl Pool 30.6/Soll 32.0°C | Filter on (WP) | 1.8/8h
2026-07-11_10:59:17 poolControl filterRuntimeToday: 108
2026-07-11_11:00:17 poolControl filterRuntimeToday: 109
2026-07-11_11:01:17 poolControl filterRuntimeToday: 110
2026-07-11_11:02:18 poolControl filterRuntimeToday: 111
2026-07-11_11:02:18 poolControl filterRemaining: 6.1
2026-07-11_11:02:18 poolControl Pool 30.6/Soll 32.0°C | Filter on (WP) | 1.9/8h
2026-07-11_11:03:18 poolControl poolTemp: 30.7
2026-07-11_11:03:18 poolControl inflowTemp: 31.7
2026-07-11_11:03:18 poolControl filterRuntimeToday: 112
2026-07-11_11:03:18 poolControl Pool 30.7/Soll 32.0°C | Filter on (WP) | 1.9/8h
2026-07-11_11:04:18 poolControl filterRuntimeToday: 113
2026-07-11_11:05:18 poolControl filterRuntimeToday: 114
2026-07-11_11:06:18 poolControl filterRuntimeToday: 115
2026-07-11_11:07:18 poolControl filterRuntimeToday: 116
2026-07-11_11:08:17 poolControl poolTemp: 30.8
2026-07-11_11:08:17 poolControl inflowTemp: 31.8
2026-07-11_11:08:17 poolControl filterRuntimeToday: 117
2026-07-11_11:08:17 poolControl filterRemaining: 6.0
2026-07-11_11:08:17 poolControl Pool 30.8/Soll 32.0°C | Filter on (WP) | 2.0/8h
2026-07-11_11:09:12 poolControl solarIndex: 7
2026-07-11_11:09:12 poolControl filterRuntimeToday: 118
2026-07-11_11:10:02 poolControl filterRuntimeToday: 119
2026-07-11_11:10:59 poolControl filterRuntimeToday: 120
2026-07-11_11:12:23 poolControl filterRuntimeToday: 121
2026-07-11_11:13:18 poolControl poolTemp: 30.9
2026-07-11_11:13:18 poolControl inflowTemp: 31.9
2026-07-11_11:13:18 poolControl filterRuntimeToday: 122
2026-07-11_11:13:18 poolControl Pool 30.9/Soll 32.0°C | Filter on (WP) | 2.0/8h
2026-07-11_11:13:29 poolControl solarIndex: 6
2026-07-11_11:14:01 poolControl filterRuntimeToday: 123
2026-07-11_11:14:01 poolControl filterRemaining: 5.9
2026-07-11_11:14:01 poolControl Pool 30.9/Soll 32.0°C | Filter on (WP) | 2.1/8h
2026-07-11_11:14:28 poolControl solarIndex: 7
2026-07-11_11:14:56 poolControl filterRuntimeToday: 124
2026-07-11_11:15:39 poolControl filterRuntimeToday: 125
2026-07-11_11:16:34 poolControl filterRuntimeToday: 126
2026-07-11_11:18:07 poolControl filterRuntimeToday: 127
2026-07-11_11:18:18 poolControl poolTemp: 31.0
2026-07-11_11:18:18 poolControl inflowTemp: 32.0
2026-07-11_11:18:18 poolControl filterState: off
2026-07-11_11:18:18 poolControl filterReason: Heizbedarf, keine Quelle
2026-07-11_11:18:18 poolControl heatpumpState: off
2026-07-11_11:18:18 poolControl lastDecision: Solar heizt nicht: off (ausserhalb Solarfenster); WP aus: Pool >= WP-Sollwert (31)
2026-07-11_11:18:18 poolControl Pool 31.0/Soll 32.0°C | Filter off (Heizbedarf, keine Quelle) | 2.1/8h
2026-07-11_11:18:20 poolControl lastDecision: Solar heizt nicht: off (ausserhalb Solarfenster); WP aus: Solarindex zu niedrig (7, ein>=8/aus<=3)
2026-07-11_11:18:52 poolControl solarIndex: 8
2026-07-11_11:18:52 poolControl lastDecision: Solar heizt nicht: off (ausserhalb Solarfenster); WP aus: Pool >= WP-Sollwert (31)
2026-07-11_11:23:18 poolControl poolTemp: 30.9
2026-07-11_11:23:18 poolControl inflowTemp: 31.5
2026-07-11_11:23:18 poolControl filterState: on
2026-07-11_11:23:18 poolControl filterReason: WP
2026-07-11_11:23:18 poolControl heatpumpState: on
2026-07-11_11:23:18 poolControl lastDecision: Solar heizt nicht: off (ausserhalb Solarfenster)
2026-07-11_11:23:18 poolControl Pool 30.9/Soll 32.0°C | Filter on (WP) | 2.1/8h
2026-07-11_11:23:46 poolControl filterRuntimeToday: 128
2026-07-11_11:24:53 poolControl filterRuntimeToday: 129
2026-07-11_11:25:15 poolControl filterRemaining: 5.8
2026-07-11_11:25:15 poolControl Pool 30.9/Soll 32.0°C | Filter on (WP) | 2.2/8h
2026-07-11_11:26:11 poolControl solarIndex: 7
2026-07-11_11:26:11 poolControl filterRuntimeToday: 130
2026-07-11_11:26:40 poolControl filterRuntimeToday: 131
2026-07-11_11:27:43 poolControl solarIndex: 8
2026-07-11_11:27:43 poolControl filterRuntimeToday: 132
2026-07-11_11:28:18 poolControl poolTemp: 31.0
2026-07-11_11:28:18 poolControl filterState: off
2026-07-11_11:28:18 poolControl filterReason: Heizbedarf, keine Quelle
2026-07-11_11:28:18 poolControl heatpumpState: off
2026-07-11_11:28:18 poolControl lastDecision: Solar heizt nicht: off (ausserhalb Solarfenster); WP aus: Pool >= WP-Sollwert (31)
2026-07-11_11:28:18 poolControl Pool 31.0/Soll 32.0°C | Filter off (Heizbedarf, keine Quelle) | 2.2/8h
2026-07-11_11:33:18 poolControl poolTemp: 31.1
2026-07-11_11:33:18 poolControl inflowTemp: 31.8
2026-07-11_11:33:18 poolControl Pool 31.1/Soll 32.0°C | Filter off (Heizbedarf, keine Quelle) | 2.2/8h
2026-07-11_11:38:18 poolControl inflowTemp: 31.9
2026-07-11_11:43:10 poolControl solarIndex: 9
2026-07-11_11:43:17 poolControl inflowTemp: 31.7
2026-07-11_11:47:43 poolControl solarIndex: 8
2026-07-11_11:48:20 poolControl poolTemp: 31.2
2026-07-11_11:48:20 poolControl inflowTemp: 31.6
2026-07-11_11:48:20 poolControl solarIndex: 9
2026-07-11_11:48:20 poolControl Pool 31.2/Soll 32.0°C | Filter off (Heizbedarf, keine Quelle) | 2.2/8h
2026-07-11_11:49:41 poolControl solarIndex: 8
2026-07-11_11:50:12 poolControl solarIndex: 7
2026-07-11_11:50:12 poolControl lastDecision: Solar heizt nicht: off (ausserhalb Solarfenster); WP aus: Solarindex zu niedrig (7, ein>=8/aus<=3)
2026-07-11_11:53:17 poolControl inflowTemp: 31.4
2026-07-11_11:54:57 poolControl solarIndex: 6
2026-07-11_11:54:57 poolControl lastDecision: Solar heizt nicht: off (ausserhalb Solarfenster); WP aus: Solarindex zu niedrig (6, ein>=8/aus<=3)
2026-07-11_11:55:43 poolControl solarIndex: 7
2026-07-11_11:55:43 poolControl lastDecision: Solar heizt nicht: off (ausserhalb Solarfenster); WP aus: Solarindex zu niedrig (7, ein>=8/aus<=3)
2026-07-11_11:58:18 poolControl poolTemp: 31.3
2026-07-11_11:58:18 poolControl Pool 31.3/Soll 32.0°C | Filter off (Heizbedarf, keine Quelle) | 2.2/8h
2026-07-11_11:58:23 poolControl solarIndex: 6
2026-07-11_11:58:23 poolControl lastDecision: Solar heizt nicht: off (ausserhalb Solarfenster); WP aus: Solarindex zu niedrig (6, ein>=8/aus<=3)
2026-07-11_11:59:27 poolControl solarIndex: 7
2026-07-11_11:59:27 poolControl lastDecision: Solar heizt nicht: off (ausserhalb Solarfenster); WP aus: Solarindex zu niedrig (7, ein>=8/aus<=3)
2026-07-11_12:00:43 poolControl solarIndex: 6
2026-07-11_12:00:43 poolControl lastDecision: Solar heizt nicht: off (ausserhalb Solarfenster); WP aus: Solarindex zu niedrig (6, ein>=8/aus<=3)
2026-07-11_12:01:26 poolControl solarIndex: 7
2026-07-11_12:01:26 poolControl lastDecision: Solar heizt nicht: off (ausserhalb Solarfenster); WP aus: Solarindex zu niedrig (7, ein>=8/aus<=3)
2026-07-11_12:06:08 poolControl solarIndex: 6
2026-07-11_12:06:08 poolControl lastDecision: Solar heizt nicht: off (ausserhalb Solarfenster); WP aus: Solarindex zu niedrig (6, ein>=8/aus<=3)
2026-07-11_12:06:57 poolControl solarIndex: 7
2026-07-11_12:06:57 poolControl lastDecision: Solar heizt nicht: off (ausserhalb Solarfenster); WP aus: Solarindex zu niedrig (7, ein>=8/aus<=3)
2026-07-11_12:08:18 poolControl inflowTemp: 31.5
2026-07-11_12:11:11 poolControl solarIndex: 8
2026-07-11_12:11:11 poolControl lastDecision: Solar heizt nicht: off (ausserhalb Solarfenster); WP aus: Pool >= WP-Sollwert (31)
2026-07-11_12:11:30 poolControl solarIndex: 7
2026-07-11_12:11:30 poolControl lastDecision: Solar heizt nicht: off (ausserhalb Solarfenster); WP aus: Solarindex zu niedrig (7, ein>=8/aus<=3)
2026-07-11_12:13:19 poolControl poolTemp: 31.4
2026-07-11_12:13:19 poolControl Pool 31.4/Soll 32.0°C | Filter off (Heizbedarf, keine Quelle) | 2.2/8h
2026-07-11_12:17:02 poolControl solarIndex: 6
2026-07-11_12:17:02 poolControl lastDecision: Solar heizt nicht: off (ausserhalb Solarfenster); WP aus: Solarindex zu niedrig (6, ein>=8/aus<=3)
2026-07-11_12:18:18 poolControl inflowTemp: 31.6
2026-07-11_12:22:37 poolControl solarIndex: 7
2026-07-11_12:22:37 poolControl lastDecision: Solar heizt nicht: off (ausserhalb Solarfenster); WP aus: Solarindex zu niedrig (7, ein>=8/aus<=3)
2026-07-11_12:23:18 poolControl poolTemp: 31.5
2026-07-11_12:23:18 poolControl Pool 31.5/Soll 32.0°C | Filter off (Heizbedarf, keine Quelle) | 2.2/8h
2026-07-11_12:25:56 poolControl solarIndex: 2
2026-07-11_12:25:56 poolControl lastDecision: Solar heizt nicht: off (ausserhalb Solarfenster); WP aus: Solarindex zu niedrig (2, ein>=8/aus<=3)
2026-07-11_12:26:28 poolControl solarIndex: 4
2026-07-11_12:26:28 poolControl lastDecision: Solar heizt nicht: off (ausserhalb Solarfenster); WP aus: Solarindex zu niedrig (4, ein>=8/aus<=3)
2026-07-11_12:27:11 poolControl solarIndex: 6
2026-07-11_12:27:11 poolControl lastDecision: Solar heizt nicht: off (ausserhalb Solarfenster); WP aus: Solarindex zu niedrig (6, ein>=8/aus<=3)
2026-07-11_12:28:19 poolControl inflowTemp: 31.7
2026-07-11_12:29:28 poolControl solarIndex: 7
2026-07-11_12:29:28 poolControl lastDecision: Solar heizt nicht: off (ausserhalb Solarfenster); WP aus: Solarindex zu niedrig (7, ein>=8/aus<=3)
2026-07-11_12:31:37 poolControl solarIndex: 5
2026-07-11_12:31:37 poolControl lastDecision: Solar heizt nicht: off (ausserhalb Solarfenster); WP aus: Solarindex zu niedrig (5, ein>=8/aus<=3)
2026-07-11_12:32:44 poolControl solarIndex: 6
2026-07-11_12:32:44 poolControl lastDecision: Solar heizt nicht: off (ausserhalb Solarfenster); WP aus: Solarindex zu niedrig (6, ein>=8/aus<=3)
2026-07-11_12:33:18 poolControl poolTemp: 31.6
2026-07-11_12:33:18 poolControl inflowTemp: 31.8
2026-07-11_12:33:18 poolControl Pool 31.6/Soll 32.0°C | Filter off (Heizbedarf, keine Quelle) | 2.2/8h
2026-07-11_12:33:49 poolControl solarIndex: 5
2026-07-11_12:33:49 poolControl lastDecision: Solar heizt nicht: off (ausserhalb Solarfenster); WP aus: Solarindex zu niedrig (5, ein>=8/aus<=3)
2026-07-11_12:34:32 poolControl solarIndex: 6
2026-07-11_12:34:32 poolControl lastDecision: Solar heizt nicht: off (ausserhalb Solarfenster); WP aus: Solarindex zu niedrig (6, ein>=8/aus<=3)
2026-07-11_12:38:04 poolControl solarIndex: 7
2026-07-11_12:38:04 poolControl lastDecision: Solar heizt nicht: off (ausserhalb Solarfenster); WP aus: Solarindex zu niedrig (7, ein>=8/aus<=3)
2026-07-11_12:39:21 poolControl solarIndex: 6
2026-07-11_12:39:21 poolControl lastDecision: Solar heizt nicht: off (ausserhalb Solarfenster); WP aus: Solarindex zu niedrig (6, ein>=8/aus<=3)
2026-07-11_12:40:02 poolControl solarIndex: 7
2026-07-11_12:40:02 poolControl lastDecision: Solar heizt nicht: off (ausserhalb Solarfenster); WP aus: Solarindex zu niedrig (7, ein>=8/aus<=3)
2026-07-11_12:40:37 poolControl solarIndex: 6
2026-07-11_12:40:37 poolControl lastDecision: Solar heizt nicht: off (ausserhalb Solarfenster); WP aus: Solarindex zu niedrig (6, ein>=8/aus<=3)
2026-07-11_12:41:10 poolControl solarIndex: 4
2026-07-11_12:41:10 poolControl lastDecision: Solar heizt nicht: off (ausserhalb Solarfenster); WP aus: Solarindex zu niedrig (4, ein>=8/aus<=3)
2026-07-11_12:42:39 poolControl solarIndex: 5
2026-07-11_12:42:39 poolControl lastDecision: Solar heizt nicht: off (ausserhalb Solarfenster); WP aus: Solarindex zu niedrig (5, ein>=8/aus<=3)
2026-07-11_12:43:19 poolControl solarIndex: 7
2026-07-11_12:43:19 poolControl lastDecision: Solar heizt nicht: off (ausserhalb Solarfenster); WP aus: Solarindex zu niedrig (7, ein>=8/aus<=3)
2026-07-11_12:44:57 poolControl solarIndex: 6
2026-07-11_12:44:57 poolControl lastDecision: Solar heizt nicht: off (ausserhalb Solarfenster); WP aus: Solarindex zu niedrig (6, ein>=8/aus<=3)
2026-07-11_12:45:19 poolControl solarIndex: 5
2026-07-11_12:45:19 poolControl lastDecision: Solar heizt nicht: off (ausserhalb Solarfenster); WP aus: Solarindex zu niedrig (5, ein>=8/aus<=3)
2026-07-11_12:45:58 poolControl solarIndex: 6
2026-07-11_12:45:58 poolControl lastDecision: Solar heizt nicht: off (ausserhalb Solarfenster); WP aus: Solarindex zu niedrig (6, ein>=8/aus<=3)
2026-07-11_12:48:17 poolControl poolTemp: 31.7
2026-07-11_12:48:17 poolControl inflowTemp: 31.9
2026-07-11_12:48:17 poolControl Pool 31.7/Soll 32.0°C | Filter off (Heizbedarf, keine Quelle) | 2.2/8h
2026-07-11_12:48:52 poolControl solarIndex: 4
2026-07-11_12:48:52 poolControl lastDecision: Solar heizt nicht: off (ausserhalb Solarfenster); WP aus: Solarindex zu niedrig (4, ein>=8/aus<=3)
2026-07-11_12:49:41 poolControl solarIndex: 6
2026-07-11_12:49:41 poolControl lastDecision: Solar heizt nicht: off (ausserhalb Solarfenster); WP aus: Solarindex zu niedrig (6, ein>=8/aus<=3)
2026-07-11_12:50:28 poolControl solarIndex: 5
2026-07-11_12:50:28 poolControl lastDecision: Solar heizt nicht: off (ausserhalb Solarfenster); WP aus: Solarindex zu niedrig (5, ein>=8/aus<=3)
2026-07-11_12:51:07 poolControl solarIndex: 6
2026-07-11_12:51:07 poolControl lastDecision: Solar heizt nicht: off (ausserhalb Solarfenster); WP aus: Solarindex zu niedrig (6, ein>=8/aus<=3)
2026-07-11_12:52:08 poolControl solarIndex: 5
2026-07-11_12:52:08 poolControl lastDecision: Solar heizt nicht: off (ausserhalb Solarfenster); WP aus: Solarindex zu niedrig (5, ein>=8/aus<=3)
2026-07-11_12:52:54 poolControl solarIndex: 6
2026-07-11_12:52:54 poolControl lastDecision: Solar heizt nicht: off (ausserhalb Solarfenster); WP aus: Solarindex zu niedrig (6, ein>=8/aus<=3)
2026-07-11_12:58:18 poolControl poolTemp: 31.8
2026-07-11_12:58:18 poolControl Pool 31.8/Soll 32.0°C | Filter off (Heizbedarf, keine Quelle) | 2.2/8h
2026-07-11_13:00:04 poolControl solarState: on (Anlaufversuch)
2026-07-11_13:00:04 poolControl lastDecision: Solar heizt nicht: on (Anlaufversuch); WP aus: Solarindex zu niedrig (6, ein>=8/aus<=3)
2026-07-11_13:00:07 poolControl filterReason: Solar (Anlauf)
2026-07-11_13:00:07 poolControl solarState: on (Pruefphase)
2026-07-11_13:00:07 poolControl lastDecision: Solar heizt nicht: on (Pruefphase); WP aus: Solarindex zu niedrig (6, ein>=8/aus<=3)
2026-07-11_13:00:07 poolControl Pool 31.8/Soll 32.0°C | Filter off (Solar (Anlauf)) | 2.2/8h
2026-07-11_13:03:18 poolControl inflowTemp: 30.6
2026-07-11_13:04:34 poolControl solarState: off (zu kalt, Auskuehlschutz)
2026-07-11_13:04:34 poolControl lastDecision: Solar heizt nicht: off (zu kalt, Auskuehlschutz); WP aus: Solarindex zu niedrig (6, ein>=8/aus<=3)
2026-07-11_13:04:36 poolControl filterReason: Heizbedarf, keine Quelle
2026-07-11_13:04:36 poolControl solarState: off (Wartezeit nach Auskuehlung)
2026-07-11_13:04:36 poolControl lastDecision: Solar heizt nicht: off (Wartezeit nach Auskuehlung); WP aus: Solarindex zu niedrig (6, ein>=8/aus<=3)
2026-07-11_13:04:36 poolControl Pool 31.8/Soll 32.0°C | Filter off (Heizbedarf, keine Quelle) | 2.2/8h
2026-07-11_13:06:00 poolControl solarIndex: 7
2026-07-11_13:06:00 poolControl lastDecision: Solar heizt nicht: off (Wartezeit nach Auskuehlung); WP aus: Solarindex zu niedrig (7, ein>=8/aus<=3)
2026-07-11_13:06:33 poolControl solarIndex: 6
2026-07-11_13:06:33 poolControl lastDecision: Solar heizt nicht: off (Wartezeit nach Auskuehlung); WP aus: Solarindex zu niedrig (6, ein>=8/aus<=3)
2026-07-11_13:07:45 poolControl solarIndex: 3
2026-07-11_13:07:45 poolControl lastDecision: Solar heizt nicht: off (Wartezeit nach Auskuehlung); WP aus: Solarindex zu niedrig (3, ein>=8/aus<=3)
2026-07-11_13:08:17 poolControl inflowTemp: 32.0
2026-07-11_13:08:26 poolControl solarIndex: 6
2026-07-11_13:08:26 poolControl lastDecision: Solar heizt nicht: off (Wartezeit nach Auskuehlung); WP aus: Solarindex zu niedrig (6, ein>=8/aus<=3)
2026-07-11_13:13:17 poolControl poolTemp: 31.9
2026-07-11_13:13:17 poolControl inflowTemp: 32.1
2026-07-11_13:13:17 poolControl Pool 31.9/Soll 32.0°C | Filter off (Heizbedarf, keine Quelle) | 2.2/8h
2026-07-11_13:18:18 poolControl poolTemp: 32.0
2026-07-11_13:18:18 poolControl inflowTemp: 32.3
2026-07-11_13:18:18 poolControl heatingNeeded: no
2026-07-11_13:18:18 poolControl filterState: on
2026-07-11_13:18:18 poolControl filterReason: Umruehren
2026-07-11_13:18:18 poolControl mixState: active
2026-07-11_13:18:18 poolControl solarState: off
2026-07-11_13:18:18 poolControl lastDecision: WP aus: Solarindex zu niedrig (6, ein>=8/aus<=3)
2026-07-11_13:18:18 poolControl Pool 32.0/Soll 32.0°C | Filter on (Umruehren) | 2.2/8h
2026-07-11_13:18:42 poolControl filterRuntimeToday: 133
2026-07-11_13:19:36 poolControl filterRuntimeToday: 134
2026-07-11_13:21:01 poolControl filterRuntimeToday: 135
2026-07-11_13:21:01 poolControl filterRemaining: 5.7
2026-07-11_13:21:01 poolControl Pool 32.0/Soll 32.0°C | Filter on (Umruehren) | 2.3/8h
2026-07-11_13:21:46 poolControl filterRuntimeToday: 136
2026-07-11_13:23:18 poolControl poolTemp: 31.8
2026-07-11_13:23:18 poolControl inflowTemp: 31.8
2026-07-11_13:23:18 poolControl heatingNeeded: yes
2026-07-11_13:23:18 poolControl filterState: off
2026-07-11_13:23:18 poolControl filterReason: Heizbedarf, keine Quelle
2026-07-11_13:23:18 poolControl filterRuntimeToday: 137
2026-07-11_13:23:18 poolControl mixState: idle
2026-07-11_13:23:18 poolControl solarState: off (Wartezeit nach Auskuehlung)
2026-07-11_13:23:18 poolControl lastDecision: Solar heizt nicht: off (Wartezeit nach Auskuehlung); WP aus: Solarindex zu niedrig (6, ein>=8/aus<=3)
2026-07-11_13:23:18 poolControl Pool 31.8/Soll 32.0°C | Filter off (Heizbedarf, keine Quelle) | 2.3/8h
2026-07-11_13:28:17 poolControl poolTemp: 31.9
2026-07-11_13:28:17 poolControl inflowTemp: 32.5
2026-07-11_13:28:17 poolControl Pool 31.9/Soll 32.0°C | Filter off (Heizbedarf, keine Quelle) | 2.3/8h
2026-07-11_13:33:18 poolControl inflowTemp: 33.0
2026-07-11_13:34:40 poolControl solarState: on (Anlaufversuch)
2026-07-11_13:34:40 poolControl lastDecision: Solar heizt nicht: on (Anlaufversuch); WP aus: Solarindex zu niedrig (6, ein>=8/aus<=3)
2026-07-11_13:34:42 poolControl filterReason: Solar
2026-07-11_13:34:42 poolControl solarState: on (Pruefphase)
2026-07-11_13:34:42 poolControl solarHeating: yes
2026-07-11_13:34:42 poolControl lastDecision: WP aus: Solarindex zu niedrig (6, ein>=8/aus<=3)
2026-07-11_13:34:42 poolControl Pool 31.9/Soll 32.0°C | Filter off (Solar) | 2.3/8h
2026-07-11_13:38:18 poolControl poolTemp: 32.0
2026-07-11_13:38:18 poolControl inflowTemp: 42.9
2026-07-11_13:38:18 poolControl heatingNeeded: no
2026-07-11_13:38:18 poolControl solarState: off (Soll erreicht)
2026-07-11_13:38:18 poolControl Pool 32.0/Soll 32.0°C | Filter off (Solar) | 2.3/8h
2026-07-11_13:38:20 poolControl filterReason: kein Bedarf
2026-07-11_13:38:20 poolControl solarState: off
2026-07-11_13:38:20 poolControl solarHeating: no
2026-07-11_13:38:20 poolControl Pool 32.0/Soll 32.0°C | Filter off (kein Bedarf) | 2.3/8h
2026-07-11_13:41:38 poolControl solarIndex: 5
2026-07-11_13:41:38 poolControl lastDecision: WP aus: Solarindex zu niedrig (5, ein>=8/aus<=3)
2026-07-11_13:43:18 poolControl poolTemp: 32.1
2026-07-11_13:43:18 poolControl inflowTemp: 38.9
2026-07-11_13:43:18 poolControl Pool 32.1/Soll 32.0°C | Filter off (kein Bedarf) | 2.3/8h
2026-07-11_13:46:27 poolControl solarIndex: 6
2026-07-11_13:46:27 poolControl lastDecision: WP aus: Solarindex zu niedrig (6, ein>=8/aus<=3)
2026-07-11_13:47:16 poolControl solarIndex: 5
2026-07-11_13:47:16 poolControl lastDecision: WP aus: Solarindex zu niedrig (5, ein>=8/aus<=3)
2026-07-11_13:48:18 poolControl inflowTemp: 36.1
2026-07-11_13:53:18 poolControl poolTemp: 32.3
2026-07-11_13:53:18 poolControl inflowTemp: 34.9
2026-07-11_13:53:18 poolControl Pool 32.3/Soll 32.0°C | Filter off (kein Bedarf) | 2.3/8h
2026-07-11_13:53:37 poolControl solarIndex: 6
2026-07-11_13:53:37 poolControl lastDecision: WP aus: Solarindex zu niedrig (6, ein>=8/aus<=3)
2026-07-11_13:54:27 poolControl solarIndex: 5
2026-07-11_13:54:27 poolControl lastDecision: WP aus: Solarindex zu niedrig (5, ein>=8/aus<=3)
2026-07-11_13:58:19 poolControl poolTemp: 32.1
2026-07-11_13:58:19 poolControl inflowTemp: 34.5
2026-07-11_13:58:19 poolControl Pool 32.1/Soll 32.0°C | Filter off (kein Bedarf) | 2.3/8h
2026-07-11_13:59:18 poolControl solarIndex: 4
2026-07-11_13:59:18 poolControl lastDecision: WP aus: Solarindex zu niedrig (4, ein>=8/aus<=3)
2026-07-11_14:01:39 poolControl solarIndex: 3
2026-07-11_14:01:39 poolControl lastDecision: WP aus: Solarindex zu niedrig (3, ein>=8/aus<=3)
2026-07-11_14:02:20 poolControl solarIndex: 5
2026-07-11_14:02:20 poolControl lastDecision: WP aus: Solarindex zu niedrig (5, ein>=8/aus<=3)
2026-07-11_14:03:19 poolControl poolTemp: 32.3
2026-07-11_14:03:19 poolControl inflowTemp: 34.0
2026-07-11_14:03:19 poolControl Pool 32.3/Soll 32.0°C | Filter off (kein Bedarf) | 2.3/8h
2026-07-11_14:13:18 poolControl poolTemp: 32.4
2026-07-11_14:13:18 poolControl inflowTemp: 33.8
2026-07-11_14:13:18 poolControl Pool 32.4/Soll 32.0°C | Filter off (kein Bedarf) | 2.3/8h
2026-07-11_14:23:19 poolControl inflowTemp: 34.0
2026-07-11_14:23:19 poolControl filterState: on
2026-07-11_14:23:19 poolControl filterReason: Umruehren
2026-07-11_14:23:19 poolControl mixState: active
2026-07-11_14:23:19 poolControl Pool 32.4/Soll 32.0°C | Filter on (Umruehren) | 2.3/8h
2026-07-11_14:23:46 poolControl filterRuntimeToday: 138
2026-07-11_14:24:42 poolControl filterRuntimeToday: 139
2026-07-11_14:26:23 poolControl filterRuntimeToday: 140
2026-07-11_14:27:07 poolControl filterRuntimeToday: 141
2026-07-11_14:27:07 poolControl filterRemaining: 5.6
2026-07-11_14:27:07 poolControl Pool 32.4/Soll 32.0°C | Filter on (Umruehren) | 2.4/8h
2026-07-11_14:28:07 poolControl filterRuntimeToday: 142
2026-07-11_14:28:19 poolControl inflowTemp: 32.4
2026-07-11_14:28:19 poolControl filterState: off
2026-07-11_14:28:19 poolControl filterReason: kein Bedarf
2026-07-11_14:28:19 poolControl mixState: idle
2026-07-11_14:28:19 poolControl Pool 32.4/Soll 32.0°C | Filter off (kein Bedarf) | 2.4/8h
2026-07-11_14:33:19 poolControl inflowTemp: 33.1
2026-07-11_14:38:18 poolControl poolTemp: 32.5
2026-07-11_14:38:18 poolControl inflowTemp: 33.3
2026-07-11_14:38:18 poolControl Pool 32.5/Soll 32.0°C | Filter off (kein Bedarf) | 2.4/8h
2026-07-11_14:43:18 poolControl inflowTemp: 33.6
2026-07-11_14:48:18 poolControl poolTemp: 32.6
2026-07-11_14:48:18 poolControl Pool 32.6/Soll 32.0°C | Filter off (kein Bedarf) | 2.4/8h
2026-07-11_14:58:17 poolControl inflowTemp: 33.7
2026-07-11_15:03:18 poolControl poolTemp: 32.8
2026-07-11_15:03:18 poolControl inflowTemp: 33.6
2026-07-11_15:03:18 poolControl Pool 32.8/Soll 32.0°C | Filter off (kein Bedarf) | 2.4/8h
2026-07-11_15:08:17 poolControl poolTemp: 32.7
2026-07-11_15:08:17 poolControl Pool 32.7/Soll 32.0°C | Filter off (kein Bedarf) | 2.4/8h
2026-07-11_15:13:18 poolControl poolTemp: 32.8
2026-07-11_15:13:18 poolControl Pool 32.8/Soll 32.0°C | Filter off (kein Bedarf) | 2.4/8h
2026-07-11_15:23:18 poolControl poolTemp: 32.9
2026-07-11_15:23:18 poolControl inflowTemp: 33.5
2026-07-11_15:23:18 poolControl Pool 32.9/Soll 32.0°C | Filter off (kein Bedarf) | 2.4/8h
2026-07-11_15:27:17 poolControl solarIndex: 4
2026-07-11_15:27:17 poolControl lastDecision: WP aus: Solarindex zu niedrig (4, ein>=8/aus<=3)
2026-07-11_15:28:20 poolControl inflowTemp: 33.2
2026-07-11_15:28:20 poolControl filterState: on
2026-07-11_15:28:20 poolControl filterReason: Umruehren
2026-07-11_15:28:20 poolControl mixState: active
2026-07-11_15:28:20 poolControl Pool 32.9/Soll 32.0°C | Filter on (Umruehren) | 2.4/8h
2026-07-11_15:29:16 poolControl filterRuntimeToday: 143
2026-07-11_15:30:17 poolControl filterRuntimeToday: 144
2026-07-11_15:31:27 poolControl filterRuntimeToday: 145
2026-07-11_15:32:29 poolControl filterRuntimeToday: 146
2026-07-11_15:32:36 poolControl filterRuntimeToday: 147
2026-07-11_15:33:18 poolControl poolTemp: 32.8
2026-07-11_15:33:18 poolControl inflowTemp: 32.8
2026-07-11_15:33:18 poolControl filterRemaining: 5.5
2026-07-11_15:33:18 poolControl Pool 32.8/Soll 32.0°C | Filter on (Umruehren) | 2.5/8h
2026-07-11_15:33:39 poolControl filterState: off
2026-07-11_15:33:39 poolControl filterReason: kein Bedarf
2026-07-11_15:33:39 poolControl filterRuntimeToday: 148
2026-07-11_15:33:39 poolControl mixState: idle
2026-07-11_15:33:39 poolControl Pool 32.8/Soll 32.0°C | Filter off (kein Bedarf) | 2.5/8h
2026-07-11_15:38:19 poolControl inflowTemp: 32.9
2026-07-11_15:40:24 poolControl solarIndex: 3
2026-07-11_15:40:24 poolControl lastDecision: WP aus: Solarindex zu niedrig (3, ein>=8/aus<=3)
2026-07-11_15:43:17 poolControl inflowTemp: 33.0
2026-07-11_15:48:18 poolControl inflowTemp: 32.9
2026-07-11_16:00:02 poolControl targetTemp: 33
2026-07-11_16:00:02 poolControl heatingNeeded: yes
2026-07-11_16:00:02 poolControl filterReason: Heizbedarf, keine Quelle
2026-07-11_16:00:02 poolControl solarState: on (Anlaufversuch)
2026-07-11_16:00:02 poolControl lastDecision: Solar heizt nicht: on (Anlaufversuch); WP aus: Solarindex zu niedrig (3, ein>=8/aus<=3)
2026-07-11_16:00:02 poolControl Pool 32.8/Soll 33.0°C | Filter off (Heizbedarf, keine Quelle) | 2.5/8h
2026-07-11_16:00:04 poolControl filterReason: Solar (Anlauf)
2026-07-11_16:00:04 poolControl solarState: on (Pruefphase)
2026-07-11_16:00:04 poolControl lastDecision: Solar heizt nicht: on (Pruefphase); WP aus: Solarindex zu niedrig (3, ein>=8/aus<=3)
2026-07-11_16:00:04 poolControl Pool 32.8/Soll 33.0°C | Filter off (Solar (Anlauf)) | 2.5/8h
2026-07-11_16:03:18 poolControl inflowTemp: 48.3
2026-07-11_16:03:18 poolControl filterReason: Solar
2026-07-11_16:03:18 poolControl solarHeating: yes
2026-07-11_16:03:18 poolControl lastDecision: WP aus: Solarindex zu niedrig (3, ein>=8/aus<=3)
2026-07-11_16:03:18 poolControl Pool 32.8/Soll 33.0°C | Filter off (Solar) | 2.5/8h
2026-07-11_16:04:52 poolControl solarState: on (heizt)
2026-07-11_16:08:18 poolControl inflowTemp: 41.1
2026-07-11_16:13:17 poolControl poolTemp: 32.9
2026-07-11_16:13:17 poolControl inflowTemp: 37.1
2026-07-11_16:13:17 poolControl Pool 32.9/Soll 33.0°C | Filter off (Solar) | 2.5/8h
2026-07-11_16:18:18 poolControl poolTemp: 33.2
2026-07-11_16:18:18 poolControl inflowTemp: 35.6
2026-07-11_16:18:18 poolControl heatingNeeded: no
2026-07-11_16:18:18 poolControl solarState: off (Soll erreicht)
2026-07-11_16:18:18 poolControl Pool 33.2/Soll 33.0°C | Filter off (Solar) | 2.5/8h
2026-07-11_16:18:20 poolControl filterReason: kein Bedarf
2026-07-11_16:18:20 poolControl solarState: off
2026-07-11_16:18:20 poolControl solarHeating: no
2026-07-11_16:18:20 poolControl Pool 33.2/Soll 33.0°C | Filter off (kein Bedarf) | 2.5/8h
2026-07-11_16:23:18 poolControl poolTemp: 32.9
2026-07-11_16:23:18 poolControl inflowTemp: 34.1
2026-07-11_16:23:18 poolControl heatingNeeded: yes
2026-07-11_16:23:18 poolControl filterReason: Heizbedarf, keine Quelle
2026-07-11_16:23:18 poolControl solarState: on (Anlaufversuch)
2026-07-11_16:23:18 poolControl lastDecision: Solar heizt nicht: on (Anlaufversuch); WP aus: Solarindex zu niedrig (3, ein>=8/aus<=3)
2026-07-11_16:23:18 poolControl Pool 32.9/Soll 33.0°C | Filter off (Heizbedarf, keine Quelle) | 2.5/8h
2026-07-11_16:23:21 poolControl filterReason: Solar
2026-07-11_16:23:21 poolControl solarState: on (Pruefphase)
2026-07-11_16:23:21 poolControl solarHeating: yes
2026-07-11_16:23:21 poolControl lastDecision: WP aus: Solarindex zu niedrig (3, ein>=8/aus<=3)
2026-07-11_16:23:21 poolControl Pool 32.9/Soll 33.0°C | Filter off (Solar) | 2.5/8h
2026-07-11_16:27:40 poolControl solarState: on (heizt)
2026-07-11_16:28:18 poolControl poolTemp: 33.1
2026-07-11_16:28:18 poolControl inflowTemp: 34.3
2026-07-11_16:28:18 poolControl heatingNeeded: no
2026-07-11_16:28:18 poolControl solarState: off (Soll erreicht)
2026-07-11_16:28:18 poolControl Pool 33.1/Soll 33.0°C | Filter off (Solar) | 2.5/8h
2026-07-11_16:28:20 poolControl filterReason: kein Bedarf
2026-07-11_16:28:20 poolControl solarState: off
2026-07-11_16:28:20 poolControl solarHeating: no
2026-07-11_16:28:20 poolControl Pool 33.1/Soll 33.0°C | Filter off (kein Bedarf) | 2.5/8h
2026-07-11_16:33:18 poolControl poolTemp: 33.0
2026-07-11_16:33:18 poolControl inflowTemp: 33.6
2026-07-11_16:33:18 poolControl Pool 33.0/Soll 33.0°C | Filter off (kein Bedarf) | 2.5/8h
2026-07-11_16:34:18 poolControl filterState: on
2026-07-11_16:34:18 poolControl filterReason: Umruehren
2026-07-11_16:34:18 poolControl mixState: active
2026-07-11_16:34:18 poolControl Pool 33.0/Soll 33.0°C | Filter on (Umruehren) | 2.5/8h
2026-07-11_16:34:52 poolControl solarIndex: 2
2026-07-11_16:34:52 poolControl lastDecision: WP aus: Solarindex zu niedrig (2, ein>=8/aus<=3)
2026-07-11_16:35:52 poolControl filterRuntimeToday: 149
2026-07-11_16:36:52 poolControl filterRuntimeToday: 150
2026-07-11_16:37:31 poolControl filterRuntimeToday: 151
2026-07-11_16:38:17 poolControl poolTemp: 33.1
2026-07-11_16:38:17 poolControl inflowTemp: 33.3
2026-07-11_16:38:17 poolControl filterRuntimeToday: 152
2026-07-11_16:38:17 poolControl Pool 33.1/Soll 33.0°C | Filter on (Umruehren) | 2.5/8h
2026-07-11_16:39:17 poolControl filterRuntimeToday: 153
2026-07-11_16:40:17 poolControl filterState: off
2026-07-11_16:40:17 poolControl filterReason: kein Bedarf
2026-07-11_16:40:17 poolControl filterRuntimeToday: 154
2026-07-11_16:40:17 poolControl filterRemaining: 5.4
2026-07-11_16:40:17 poolControl mixState: idle
2026-07-11_16:40:17 poolControl Pool 33.1/Soll 33.0°C | Filter off (kein Bedarf) | 2.6/8h
2026-07-11_16:43:17 poolControl inflowTemp: 34.0
2026-07-11_16:48:17 poolControl inflowTemp: 33.9
2026-07-11_16:51:02 poolControl solarIndex: 1
2026-07-11_16:51:02 poolControl lastDecision: WP aus: Solarindex zu niedrig (1, ein>=8/aus<=3)
2026-07-11_16:51:59 poolControl solarIndex: -1
2026-07-11_16:51:59 poolControl lastDecision: WP aus: Solarindex zu niedrig (-1, ein>=8/aus<=3)
2026-07-11_16:53:18 poolControl inflowTemp: 33.4
2026-07-11_16:53:34 poolControl solarIndex: 0
2026-07-11_16:53:34 poolControl lastDecision: WP aus: Solarindex zu niedrig (0, ein>=8/aus<=3)
2026-07-11_16:54:34 poolControl solarIndex: -1
2026-07-11_16:54:34 poolControl lastDecision: WP aus: Solarindex zu niedrig (-1, ein>=8/aus<=3)
2026-07-11_16:58:19 poolControl inflowTemp: 33.2
2026-07-11_17:03:18 poolControl inflowTemp: 33.1
2026-07-11_17:13:18 poolControl poolTemp: 33.0
2026-07-11_17:13:18 poolControl inflowTemp: 33.0
2026-07-11_17:13:18 poolControl Pool 33.0/Soll 33.0°C | Filter off (kein Bedarf) | 2.6/8h
2026-07-11_17:18:18 poolControl poolTemp: 33.1
2026-07-11_17:18:18 poolControl inflowTemp: 33.3
2026-07-11_17:18:18 poolControl Pool 33.1/Soll 33.0°C | Filter off (kein Bedarf) | 2.6/8h
2026-07-11_17:23:17 poolControl inflowTemp: 33.6
2026-07-11_17:29:07 poolControl solarIndex: 0
2026-07-11_17:29:07 poolControl lastDecision: WP aus: Solarindex zu niedrig (0, ein>=8/aus<=3)
2026-07-11_17:32:03 poolControl solarIndex: -1
2026-07-11_17:32:03 poolControl lastDecision: WP aus: Solarindex zu niedrig (-1, ein>=8/aus<=3)
2026-07-11_17:33:17 poolControl inflowTemp: 33.7
2026-07-11_17:41:17 poolControl filterState: on
2026-07-11_17:41:17 poolControl filterReason: Umruehren
2026-07-11_17:41:17 poolControl mixState: active
2026-07-11_17:41:17 poolControl Pool 33.1/Soll 33.0°C | Filter on (Umruehren) | 2.6/8h
2026-07-11_17:42:20 poolControl filterRuntimeToday: 155
2026-07-11_17:43:17 poolControl inflowTemp: 33.0
2026-07-11_17:43:17 poolControl filterRuntimeToday: 156
2026-07-11_17:44:18 poolControl filterRuntimeToday: 157
2026-07-11_17:45:18 poolControl filterRuntimeToday: 158
2026-07-11_17:46:18 poolControl filterState: off
2026-07-11_17:46:18 poolControl filterReason: kein Bedarf
2026-07-11_17:46:18 poolControl filterRuntimeToday: 159
2026-07-11_17:46:18 poolControl mixState: idle
2026-07-11_17:46:18 poolControl Pool 33.1/Soll 33.0°C | Filter off (kein Bedarf) | 2.6/8h
2026-07-11_17:48:18 poolControl poolTemp: 33.0
2026-07-11_17:48:18 poolControl inflowTemp: 33.4
2026-07-11_17:48:18 poolControl Pool 33.0/Soll 33.0°C | Filter off (kein Bedarf) | 2.6/8h
2026-07-11_17:48:52 poolControl solarIndex: 1
2026-07-11_17:48:52 poolControl lastDecision: WP aus: Solarindex zu niedrig (1, ein>=8/aus<=3)
2026-07-11_17:53:19 poolControl poolTemp: 32.9
2026-07-11_17:53:19 poolControl inflowTemp: 33.5
2026-07-11_17:53:19 poolControl heatingNeeded: yes
2026-07-11_17:53:19 poolControl filterReason: Heizbedarf, keine Quelle
2026-07-11_17:53:19 poolControl solarState: on (Anlaufversuch)
2026-07-11_17:53:19 poolControl lastDecision: Solar heizt nicht: on (Anlaufversuch); WP aus: Solarindex zu niedrig (1, ein>=8/aus<=3)
2026-07-11_17:53:19 poolControl Pool 32.9/Soll 33.0°C | Filter off (Heizbedarf, keine Quelle) | 2.6/8h
2026-07-11_17:53:21 poolControl filterReason: Solar
2026-07-11_17:53:21 poolControl solarState: on (Pruefphase)
2026-07-11_17:53:21 poolControl solarHeating: yes
2026-07-11_17:53:21 poolControl lastDecision: WP aus: Solarindex zu niedrig (1, ein>=8/aus<=3)
2026-07-11_17:53:21 poolControl Pool 32.9/Soll 33.0°C | Filter off (Solar) | 2.6/8h
2026-07-11_17:57:21 poolControl solarState: on (heizt)
2026-07-11_17:58:19 poolControl poolTemp: 33.0
2026-07-11_17:58:19 poolControl inflowTemp: 50.3
2026-07-11_17:58:19 poolControl heatingNeeded: no
2026-07-11_17:58:19 poolControl solarState: off (Soll erreicht)
2026-07-11_17:58:19 poolControl Pool 33.0/Soll 33.0°C | Filter off (Solar) | 2.6/8h
2026-07-11_17:58:21 poolControl filterReason: kein Bedarf
2026-07-11_17:58:21 poolControl solarState: off
2026-07-11_17:58:21 poolControl solarHeating: no
2026-07-11_17:58:21 poolControl Pool 33.0/Soll 33.0°C | Filter off (kein Bedarf) | 2.6/8h
2026-07-11_18:03:19 poolControl poolTemp: 33.1
2026-07-11_18:03:19 poolControl inflowTemp: 40.0
2026-07-11_18:03:19 poolControl Pool 33.1/Soll 33.0°C | Filter off (kein Bedarf) | 2.6/8h
2026-07-11_18:03:41 poolControl solarIndex: 0
2026-07-11_18:03:41 poolControl lastDecision: WP aus: Solarindex zu niedrig (0, ein>=8/aus<=3)
2026-07-11_18:08:18 poolControl inflowTemp: 36.9
2026-07-11_18:13:19 poolControl poolTemp: 33.0
2026-07-11_18:13:19 poolControl inflowTemp: 35.6
2026-07-11_18:13:19 poolControl Pool 33.0/Soll 33.0°C | Filter off (kein Bedarf) | 2.6/8h
2026-07-11_18:18:18 poolControl inflowTemp: 34.7
2026-07-11_18:20:35 poolControl solarIndex: 1
2026-07-11_18:20:35 poolControl lastDecision: WP aus: Solarindex zu niedrig (1, ein>=8/aus<=3)
2026-07-11_18:23:18 poolControl inflowTemp: 34.1
2026-07-11_18:28:18 poolControl inflowTemp: 33.8
2026-07-11_18:33:17 poolControl poolTemp: 32.9
2026-07-11_18:33:17 poolControl inflowTemp: 33.6
2026-07-11_18:33:17 poolControl heatingNeeded: yes
2026-07-11_18:33:17 poolControl filterReason: Heizbedarf, keine Quelle
2026-07-11_18:33:17 poolControl solarState: on (Anlaufversuch)
2026-07-11_18:33:17 poolControl lastDecision: Solar heizt nicht: on (Anlaufversuch); WP aus: Solarindex zu niedrig (1, ein>=8/aus<=3)
2026-07-11_18:33:17 poolControl Pool 32.9/Soll 33.0°C | Filter off (Heizbedarf, keine Quelle) | 2.6/8h
2026-07-11_18:33:20 poolControl filterReason: Solar
2026-07-11_18:33:20 poolControl solarState: on (Pruefphase)
2026-07-11_18:33:20 poolControl solarHeating: yes
2026-07-11_18:33:20 poolControl lastDecision: WP aus: Solarindex zu niedrig (1, ein>=8/aus<=3)
2026-07-11_18:33:20 poolControl Pool 32.9/Soll 33.0°C | Filter off (Solar) | 2.6/8h
2026-07-11_18:37:20 poolControl solarState: on (heizt)
2026-07-11_18:38:17 poolControl poolTemp: 32.8
2026-07-11_18:38:17 poolControl inflowTemp: 36.6
2026-07-11_18:38:17 poolControl Pool 32.8/Soll 33.0°C | Filter off (Solar) | 2.6/8h
2026-07-11_18:43:17 poolControl inflowTemp: 35.3
2026-07-11_18:47:22 poolControl solarIndex: 0
2026-07-11_18:47:22 poolControl lastDecision: WP aus: Solarindex zu niedrig (0, ein>=8/aus<=3)
2026-07-11_18:48:19 poolControl poolTemp: 33.2
2026-07-11_18:48:19 poolControl inflowTemp: 34.1
2026-07-11_18:48:19 poolControl heatingNeeded: no
2026-07-11_18:48:19 poolControl solarState: off (Soll erreicht)
2026-07-11_18:48:19 poolControl Pool 33.2/Soll 33.0°C | Filter off (Solar) | 2.6/8h
2026-07-11_18:48:21 poolControl filterState: on
2026-07-11_18:48:21 poolControl filterReason: Umruehren
2026-07-11_18:48:21 poolControl mixState: active
2026-07-11_18:48:21 poolControl solarState: off
2026-07-11_18:48:21 poolControl solarHeating: no
2026-07-11_18:48:21 poolControl Pool 33.2/Soll 33.0°C | Filter on (Umruehren) | 2.6/8h
2026-07-11_18:48:52 poolControl filterRemaining: 5.3
2026-07-11_18:48:52 poolControl Pool 33.2/Soll 33.0°C | Filter on (Umruehren) | 2.7/8h
2026-07-11_18:49:52 poolControl filterRuntimeToday: 160
2026-07-11_18:50:53 poolControl filterRuntimeToday: 161
2026-07-11_18:51:53 poolControl filterRuntimeToday: 162
2026-07-11_18:53:05 poolControl filterRuntimeToday: 163
2026-07-11_18:53:18 poolControl poolTemp: 32.9
2026-07-11_18:53:18 poolControl inflowTemp: 33.1
2026-07-11_18:53:18 poolControl heatingNeeded: yes
2026-07-11_18:53:18 poolControl filterRuntimeToday: 164
2026-07-11_18:53:18 poolControl solarState: on (Anlaufversuch)
2026-07-11_18:53:18 poolControl lastDecision: Solar heizt nicht: on (Anlaufversuch); WP aus: Solarindex zu niedrig (0, ein>=8/aus<=3)
2026-07-11_18:53:18 poolControl Pool 32.9/Soll 33.0°C | Filter on (Umruehren) | 2.7/8h
2026-07-11_18:53:20 poolControl filterReason: Solar
2026-07-11_18:53:20 poolControl solarState: on (Pruefphase)
2026-07-11_18:53:20 poolControl solarHeating: yes
2026-07-11_18:53:20 poolControl lastDecision: WP aus: Solarindex zu niedrig (0, ein>=8/aus<=3)
2026-07-11_18:53:20 poolControl Pool 32.9/Soll 33.0°C | Filter on (Solar) | 2.7/8h
2026-07-11_18:54:20 poolControl filterState: off
2026-07-11_18:54:20 poolControl filterRuntimeToday: 165
2026-07-11_18:54:20 poolControl mixState: idle
2026-07-11_18:54:20 poolControl Pool 32.9/Soll 33.0°C | Filter off (Solar) | 2.7/8h
2026-07-11_18:54:23 poolControl filterReason: Solar (Anlauf)
2026-07-11_18:54:23 poolControl solarHeating: no
2026-07-11_18:54:23 poolControl lastDecision: Solar heizt nicht: on (Pruefphase); WP aus: Solarindex zu niedrig (0, ein>=8/aus<=3)
2026-07-11_18:54:23 poolControl Pool 32.9/Soll 33.0°C | Filter off (Solar (Anlauf)) | 2.7/8h
2026-07-11_18:58:18 poolControl poolTemp: 32.7
2026-07-11_18:58:18 poolControl inflowTemp: 36.5
2026-07-11_18:58:18 poolControl filterReason: Solar
2026-07-11_18:58:18 poolControl solarState: on (heizt)
2026-07-11_18:58:18 poolControl solarHeating: yes
2026-07-11_18:58:18 poolControl lastDecision: WP aus: Solarindex zu niedrig (0, ein>=8/aus<=3)
2026-07-11_18:58:18 poolControl Pool 32.7/Soll 33.0°C | Filter off (Solar) | 2.7/8h
2026-07-11_18:59:08 poolControl solarIndex: -1
2026-07-11_18:59:08 poolControl lastDecision: WP aus: Solarindex zu niedrig (-1, ein>=8/aus<=3)
2026-07-11_19:00:08 poolControl lastDecision: WP aus: ausserhalb Zeitfenster
2026-07-11_19:02:30 poolControl solarIndex: 0
2026-07-11_19:03:17 poolControl poolTemp: 32.8
2026-07-11_19:03:17 poolControl inflowTemp: 34.6
2026-07-11_19:03:17 poolControl Pool 32.8/Soll 33.0°C | Filter off (Solar) | 2.7/8h
2026-07-11_19:06:57 poolControl solarIndex: -2
2026-07-11_19:07:26 poolControl solarIndex: -3
2026-07-11_19:08:17 poolControl poolTemp: 32.7
2026-07-11_19:08:17 poolControl inflowTemp: 34.3
2026-07-11_19:08:17 poolControl Pool 32.7/Soll 33.0°C | Filter off (Solar) | 2.7/8h
2026-07-11_19:13:18 poolControl poolTemp: 32.4
2026-07-11_19:13:18 poolControl inflowTemp: 34.0
2026-07-11_19:13:18 poolControl solarIndex: -2
2026-07-11_19:13:18 poolControl Pool 32.4/Soll 33.0°C | Filter off (Solar) | 2.7/8h
2026-07-11_19:15:38 poolControl solarIndex: -1
2026-07-11_19:18:18 poolControl poolTemp: 32.3
2026-07-11_19:18:18 poolControl inflowTemp: 33.8
2026-07-11_19:18:18 poolControl Pool 32.3/Soll 33.0°C | Filter off (Solar) | 2.7/8h
2026-07-11_19:23:18 poolControl inflowTemp: 33.6
2026-07-11_19:27:06 poolControl solarIndex: 0
2026-07-11_19:28:18 poolControl poolTemp: 31.9
2026-07-11_19:28:18 poolControl inflowTemp: 33.4
2026-07-11_19:28:18 poolControl Pool 31.9/Soll 33.0°C | Filter off (Solar) | 2.7/8h
2026-07-11_19:30:09 poolControl solarIndex: -1
2026-07-11_19:32:23 poolControl solarIndex: -2
2026-07-11_19:33:04 poolControl solarIndex: -3
2026-07-11_19:33:18 poolControl poolTemp: 31.8
2026-07-11_19:33:18 poolControl inflowTemp: 33.1
2026-07-11_19:33:18 poolControl Pool 31.8/Soll 33.0°C | Filter off (Solar) | 2.7/8h
2026-07-11_19:34:10 poolControl solarIndex: -4
2026-07-11_19:35:14 poolControl solarIndex: -2
2026-07-11_19:35:44 poolControl solarIndex: -3
2026-07-11_19:36:42 poolControl solarIndex: -2
2026-07-11_19:37:16 poolControl solarIndex: -1
2026-07-11_19:38:17 poolControl poolTemp: 31.6
2026-07-11_19:38:17 poolControl inflowTemp: 32.8
2026-07-11_19:38:17 poolControl Pool 31.6/Soll 33.0°C | Filter off (Solar) | 2.7/8h
2026-07-11_19:38:36 poolControl solarIndex: -2
2026-07-11_19:39:54 poolControl solarIndex: -1
2026-07-11_19:43:18 poolControl poolTemp: 31.4
2026-07-11_19:43:18 poolControl inflowTemp: 32.6
2026-07-11_19:43:18 poolControl Pool 31.4/Soll 33.0°C | Filter off (Solar) | 2.7/8h
2026-07-11_19:48:09 poolControl solarIndex: 0
2026-07-11_19:48:18 poolControl poolTemp: 31.3
2026-07-11_19:48:18 poolControl inflowTemp: 32.3
2026-07-11_19:48:18 poolControl Pool 31.3/Soll 33.0°C | Filter off (Solar) | 2.7/8h
2026-07-11_19:48:52 poolControl solarIndex: -1
2026-07-11_19:50:11 poolControl solarIndex: -3
2026-07-11_19:51:20 poolControl solarIndex: -2
2026-07-11_19:51:54 poolControl solarIndex: -3
2026-07-11_19:52:23 poolControl solarIndex: -2
2026-07-11_19:52:57 poolControl solarIndex: -3
2026-07-11_19:53:19 poolControl poolTemp: 31.1
2026-07-11_19:53:19 poolControl inflowTemp: 32.1
2026-07-11_19:53:19 poolControl Pool 31.1/Soll 33.0°C | Filter off (Solar) | 2.7/8h
2026-07-11_19:57:32 poolControl solarIndex: -4
2026-07-11_19:58:18 poolControl poolTemp: 30.9
2026-07-11_19:58:18 poolControl inflowTemp: 31.9
2026-07-11_19:58:18 poolControl Pool 30.9/Soll 33.0°C | Filter off (Solar) | 2.7/8h
2026-07-11_19:58:46 poolControl solarIndex: -1
2026-07-11_19:59:40 poolControl targetTemp: 33.5
2026-07-11_19:59:40 poolControl Pool 30.9/Soll 33.5°C | Filter off (Solar) | 2.7/8h
2026-07-11_20:03:17 poolControl poolTemp: 30.8
2026-07-11_20:03:17 poolControl inflowTemp: 31.8
2026-07-11_20:03:17 poolControl Pool 30.8/Soll 33.5°C | Filter off (Solar) | 2.7/8h
2026-07-11_20:08:18 poolControl poolTemp: 30.7
2026-07-11_20:08:18 poolControl inflowTemp: 31.5
2026-07-11_20:08:18 poolControl Pool 30.7/Soll 33.5°C | Filter off (Solar) | 2.7/8h
2026-07-11_20:13:17 poolControl poolTemp: 30.5
2026-07-11_20:13:17 poolControl inflowTemp: 31.2
2026-07-11_20:13:17 poolControl heatpumpEffective: 31.4
2026-07-11_20:13:17 poolControl Pool 30.5/Soll 33.5°C | Filter off (Solar) | 2.7/8h
2026-07-11_20:13:43 poolControl solarIndex: -2
2026-07-11_20:14:14 poolControl solarIndex: -3
2026-07-11_20:18:18 poolControl poolTemp: 30.4
2026-07-11_20:18:18 poolControl inflowTemp: 30.6
2026-07-11_20:18:18 poolControl filterReason: Solar (Anlauf)
2026-07-11_20:18:18 poolControl solarState: off (zu kalt, Auskuehlschutz)
2026-07-11_20:18:18 poolControl solarHeating: no
2026-07-11_20:18:18 poolControl heatpumpEffective: 31.3
2026-07-11_20:18:18 poolControl lastDecision: Solar heizt nicht: off (zu kalt, Auskuehlschutz); WP aus: ausserhalb Zeitfenster
2026-07-11_20:18:18 poolControl Pool 30.4/Soll 33.5°C | Filter off (Solar (Anlauf)) | 2.7/8h
2026-07-11_20:18:20 poolControl filterReason: Heizbedarf, keine Quelle
2026-07-11_20:18:20 poolControl solarState: off (Wartezeit nach Auskuehlung)
2026-07-11_20:18:20 poolControl lastDecision: Solar heizt nicht: off (Wartezeit nach Auskuehlung); WP aus: ausserhalb Zeitfenster
2026-07-11_20:18:20 poolControl Pool 30.4/Soll 33.5°C | Filter off (Heizbedarf, keine Quelle) | 2.7/8h
2026-07-11_20:22:05 poolControl solarIndex: -2
2026-07-11_20:23:06 poolControl solarIndex: -1
2026-07-11_20:23:18 poolControl poolTemp: 30.2
2026-07-11_20:23:18 poolControl inflowTemp: 30.4
2026-07-11_20:23:18 poolControl heatpumpEffective: 31.1
2026-07-11_20:23:18 poolControl Pool 30.2/Soll 33.5°C | Filter off (Heizbedarf, keine Quelle) | 2.7/8h
2026-07-11_20:28:18 poolControl poolTemp: 30.1
2026-07-11_20:28:18 poolControl inflowTemp: 30.2
2026-07-11_20:28:18 poolControl heatpumpEffective: 31.0
2026-07-11_20:28:18 poolControl Pool 30.1/Soll 33.5°C | Filter off (Heizbedarf, keine Quelle) | 2.7/8h
2026-07-11_20:30:16 poolControl solarState: off (ausserhalb Solarfenster)
2026-07-11_20:30:16 poolControl lastDecision: Solar heizt nicht: off (ausserhalb Solarfenster); WP aus: ausserhalb Zeitfenster
2026-07-11_20:33:18 poolControl poolTemp: 29.9
2026-07-11_20:33:18 poolControl inflowTemp: 30.0
2026-07-11_20:33:18 poolControl heatpumpEffective: 30.8
2026-07-11_20:33:18 poolControl Pool 29.9/Soll 33.5°C | Filter off (Heizbedarf, keine Quelle) | 2.7/8h
2026-07-11_20:35:42 poolControl solarIndex: -2
2026-07-11_20:36:54 poolControl solarIndex: -1
2026-07-11_20:38:18 poolControl poolTemp: 29.8
2026-07-11_20:38:18 poolControl inflowTemp: 29.9
2026-07-11_20:38:18 poolControl heatpumpEffective: 30.7
2026-07-11_20:38:18 poolControl Pool 29.8/Soll 33.5°C | Filter off (Heizbedarf, keine Quelle) | 2.7/8h
2026-07-11_20:50:12 poolControl solarIndex: -2
2026-07-11_20:51:02 poolControl solarIndex: -1
2026-07-11_20:53:18 poolControl inflowTemp: 29.8
2026-07-11_21:07:39 poolControl solarIndex: -3
2026-07-11_21:13:19 poolControl poolTemp: 29.7
2026-07-11_21:13:19 poolControl heatpumpEffective: 30.6
2026-07-11_21:13:19 poolControl Pool 29.7/Soll 33.5°C | Filter off (Heizbedarf, keine Quelle) | 2.7/8h
2026-07-11_21:18:40 poolControl solarIndex: -2
2026-07-11_21:19:32 poolControl solarIndex: -1
2026-07-11_21:23:18 poolControl inflowTemp: 29.7
2026-07-11_21:33:18 poolControl poolTemp: 29.6
2026-07-11_21:33:18 poolControl heatpumpEffective: 30.5
2026-07-11_21:33:18 poolControl Pool 29.6/Soll 33.5°C | Filter off (Heizbedarf, keine Quelle) | 2.7/8h
2026-07-11_21:38:18 poolControl inflowTemp: 29.6
2026-07-11_21:41:37 poolControl solarIndex: -2
2026-07-11_21:47:34 poolControl solarIndex: -1
2026-07-11_22:00:02 poolControl filterState: on
2026-07-11_22:00:02 poolControl filterReason: Nachtfilterung
2026-07-11_22:00:02 poolControl Pool 29.6/Soll 33.5°C | Filter on (Nachtfilterung) | 2.7/8h
2026-07-11_22:00:38 poolControl solarIndex: -2
2026-07-11_22:00:38 poolControl filterRemaining: 5.2
2026-07-11_22:00:38 poolControl Pool 29.6/Soll 33.5°C | Filter on (Nachtfilterung) | 2.8/8h
2026-07-11_22:01:17 poolControl filterRuntimeToday: 166
2026-07-11_22:01:58 poolControl filterRuntimeToday: 167
2026-07-11_22:02:56 poolControl filterRuntimeToday: 168
2026-07-11_22:03:18 poolControl poolTemp: 29.5
2026-07-11_22:03:18 poolControl heatpumpEffective: 30.4
2026-07-11_22:03:18 poolControl Pool 29.5/Soll 33.5°C | Filter on (Nachtfilterung) | 2.8/8h
2026-07-11_22:04:20 poolControl filterRuntimeToday: 169
2026-07-11_22:05:01 poolControl filterRuntimeToday: 170
2026-07-11_22:06:34 poolControl filterRuntimeToday: 171
2026-07-11_22:06:34 poolControl filterRemaining: 5.1
2026-07-11_22:06:34 poolControl Pool 29.5/Soll 33.5°C | Filter on (Nachtfilterung) | 2.9/8h
2026-07-11_22:07:17 poolControl filterRuntimeToday: 172
2026-07-11_22:08:04 poolControl filterRuntimeToday: 173
2026-07-11_22:09:22 poolControl filterRuntimeToday: 174
2026-07-11_22:10:04 poolControl filterRuntimeToday: 175
2026-07-11_22:11:33 poolControl filterRuntimeToday: 176
2026-07-11_22:12:17 poolControl filterRuntimeToday: 177
2026-07-11_22:12:35 poolControl filterRemaining: 5.0
2026-07-11_22:12:35 poolControl Pool 29.5/Soll 33.5°C | Filter on (Nachtfilterung) | 3.0/8h
2026-07-11_22:13:07 poolControl filterRuntimeToday: 178
2026-07-11_22:13:18 poolControl inflowTemp: 29.5
2026-07-11_22:14:38 poolControl filterRuntimeToday: 179
2026-07-11_22:15:14 poolControl filterRuntimeToday: 180
2026-07-11_22:16:00 poolControl filterRuntimeToday: 181
2026-07-11_22:17:29 poolControl filterRuntimeToday: 182
2026-07-11_22:18:18 poolControl poolTemp: 29.4
2026-07-11_22:18:18 poolControl inflowTemp: 29.4
2026-07-11_22:18:18 poolControl filterRuntimeToday: 183
2026-07-11_22:18:18 poolControl heatpumpEffective: 30.3
2026-07-11_22:18:18 poolControl Pool 29.4/Soll 33.5°C | Filter on (Nachtfilterung) | 3.0/8h
2026-07-11_22:18:51 poolControl filterRemaining: 4.9
2026-07-11_22:18:51 poolControl Pool 29.4/Soll 33.5°C | Filter on (Nachtfilterung) | 3.1/8h
2026-07-11_22:19:15 poolControl filterRuntimeToday: 184
2026-07-11_22:20:30 poolControl filterRuntimeToday: 185
2026-07-11_22:21:13 poolControl filterRuntimeToday: 186
2026-07-11_22:22:05 poolControl filterRuntimeToday: 187
2026-07-11_22:23:18 poolControl filterRuntimeToday: 188
2026-07-11_22:24:19 poolControl filterRuntimeToday: 189
2026-07-11_22:25:04 poolControl filterRuntimeToday: 190
2026-07-11_22:25:04 poolControl filterRemaining: 4.8
2026-07-11_22:25:04 poolControl Pool 29.4/Soll 33.5°C | Filter on (Nachtfilterung) | 3.2/8h
2026-07-11_22:26:31 poolControl filterRuntimeToday: 191
2026-07-11_22:27:17 poolControl filterRuntimeToday: 192
2026-07-11_22:28:01 poolControl filterRuntimeToday: 193
2026-07-11_22:29:25 poolControl filterRuntimeToday: 194
2026-07-11_22:30:09 poolControl filterRuntimeToday: 195
2026-07-11_22:30:50 poolControl filterRemaining: 4.7
2026-07-11_22:30:50 poolControl Pool 29.4/Soll 33.5°C | Filter on (Nachtfilterung) | 3.3/8h
2026-07-11_22:31:36 poolControl filterRuntimeToday: 196
2026-07-11_22:32:33 poolControl filterRuntimeToday: 197
2026-07-11_22:33:17 poolControl filterRuntimeToday: 198
2026-07-11_22:34:00 poolControl filterRuntimeToday: 199
2026-07-11_22:35:33 poolControl filterRuntimeToday: 200
2026-07-11_22:36:19 poolControl filterRuntimeToday: 201
2026-07-11_22:37:04 poolControl filterRuntimeToday: 202
2026-07-11_22:37:04 poolControl filterRemaining: 4.6
2026-07-11_22:37:04 poolControl Pool 29.4/Soll 33.5°C | Filter on (Nachtfilterung) | 3.4/8h
2026-07-11_22:37:56 poolControl filterRuntimeToday: 203
2026-07-11_22:39:42 poolControl filterRuntimeToday: 204
2026-07-11_22:40:40 poolControl filterRuntimeToday: 205
2026-07-11_22:41:29 poolControl filterRuntimeToday: 206
2026-07-11_22:42:14 poolControl filterRuntimeToday: 207
2026-07-11_22:43:02 poolControl filterRuntimeToday: 208
2026-07-11_22:43:02 poolControl filterRemaining: 4.5
2026-07-11_22:43:02 poolControl Pool 29.4/Soll 33.5°C | Filter on (Nachtfilterung) | 3.5/8h
2026-07-11_22:43:57 poolControl filterRuntimeToday: 209
2026-07-11_22:45:33 poolControl filterRuntimeToday: 210
2026-07-11_22:46:27 poolControl filterRuntimeToday: 211
2026-07-11_22:47:15 poolControl filterRuntimeToday: 212
2026-07-11_22:48:12 poolControl filterRuntimeToday: 213
2026-07-11_22:48:18 poolControl poolTemp: 29.3
2026-07-11_22:48:18 poolControl heatpumpEffective: 30.2
2026-07-11_22:48:18 poolControl Pool 29.3/Soll 33.5°C | Filter on (Nachtfilterung) | 3.5/8h
2026-07-11_22:48:52 poolControl filterRemaining: 4.4
2026-07-11_22:48:52 poolControl Pool 29.3/Soll 33.5°C | Filter on (Nachtfilterung) | 3.6/8h
2026-07-11_22:49:11 poolControl filterRuntimeToday: 214
2026-07-11_22:50:43 poolControl filterRuntimeToday: 215
2026-07-11_22:51:32 poolControl filterRuntimeToday: 216
2026-07-11_22:52:23 poolControl filterRuntimeToday: 217
2026-07-11_22:53:17 poolControl inflowTemp: 29.3
2026-07-11_22:53:17 poolControl filterRuntimeToday: 218
2026-07-11_22:54:03 poolControl filterRuntimeToday: 219
2026-07-11_22:54:54 poolControl filterRemaining: 4.3
2026-07-11_22:54:54 poolControl Pool 29.3/Soll 33.5°C | Filter on (Nachtfilterung) | 3.7/8h
2026-07-11_22:55:38 poolControl filterRuntimeToday: 220
2026-07-11_22:56:30 poolControl filterRuntimeToday: 221
2026-07-11_22:57:18 poolControl filterRuntimeToday: 222
2026-07-11_22:58:06 poolControl filterRuntimeToday: 223
2026-07-11_22:59:04 poolControl filterRuntimeToday: 224
2026-07-11_23:00:04 poolControl solarIndex: -1
2026-07-11_23:00:04 poolControl filterRuntimeToday: 225
2026-07-11_23:00:44 poolControl filterRemaining: 4.2
2026-07-11_23:00:44 poolControl Pool 29.3/Soll 33.5°C | Filter on (Nachtfilterung) | 3.8/8h
2026-07-11_23:01:36 poolControl filterRuntimeToday: 226
2026-07-11_23:02:32 poolControl filterRuntimeToday: 227
2026-07-11_23:03:19 poolControl filterRuntimeToday: 228
2026-07-11_23:04:13 poolControl filterRuntimeToday: 229
2026-07-11_23:05:10 poolControl filterRuntimeToday: 230
2026-07-11_23:06:10 poolControl filterRuntimeToday: 231
2026-07-11_23:06:54 poolControl filterRemaining: 4.1
2026-07-11_23:06:54 poolControl Pool 29.3/Soll 33.5°C | Filter on (Nachtfilterung) | 3.9/8h
2026-07-11_23:07:52 poolControl solarIndex: -2
2026-07-11_23:07:52 poolControl filterRuntimeToday: 232
2026-07-11_23:08:20 poolControl filterRuntimeToday: 233
2026-07-11_23:08:35 poolControl solarIndex: -1
2026-07-11_23:09:33 poolControl filterRuntimeToday: 234
2026-07-11_23:10:24 poolControl filterRuntimeToday: 235
2026-07-11_23:11:25 poolControl filterRuntimeToday: 236
2026-07-11_23:12:13 poolControl filterRuntimeToday: 237
2026-07-11_23:13:13 poolControl filterRuntimeToday: 238
2026-07-11_23:13:13 poolControl filterRemaining: 4.0
2026-07-11_23:13:13 poolControl Pool 29.3/Soll 33.5°C | Filter on (Nachtfilterung) | 4.0/8h
2026-07-11_23:14:03 poolControl filterRuntimeToday: 239
2026-07-11_23:15:48 poolControl filterRuntimeToday: 240
2026-07-11_23:16:44 poolControl filterRuntimeToday: 241
2026-07-11_23:17:29 poolControl filterRuntimeToday: 242
2026-07-11_23:18:17 poolControl poolTemp: 29.2
2026-07-11_23:18:17 poolControl filterRuntimeToday: 243
2026-07-11_23:18:17 poolControl heatpumpEffective: 30.1
2026-07-11_23:18:17 poolControl Pool 29.2/Soll 33.5°C | Filter on (Nachtfilterung) | 4.0/8h
2026-07-11_23:18:40 poolControl filterRemaining: 3.9
2026-07-11_23:18:40 poolControl Pool 29.2/Soll 33.5°C | Filter on (Nachtfilterung) | 4.1/8h
2026-07-11_23:19:31 poolControl filterRuntimeToday: 244
2026-07-11_23:20:17 poolControl filterRuntimeToday: 245
2026-07-11_23:21:12 poolControl filterRuntimeToday: 246
2026-07-11_23:21:56 poolControl filterRuntimeToday: 247
2026-07-11_23:23:18 poolControl inflowTemp: 29.2
2026-07-11_23:23:18 poolControl filterRuntimeToday: 248
2026-07-11_23:24:29 poolControl filterRuntimeToday: 249
2026-07-11_23:24:29 poolControl filterRemaining: 3.8
2026-07-11_23:24:29 poolControl Pool 29.2/Soll 33.5°C | Filter on (Nachtfilterung) | 4.2/8h
2026-07-11_23:25:26 poolControl filterRuntimeToday: 250
2026-07-11_23:26:14 poolControl filterRuntimeToday: 251
2026-07-11_23:27:14 poolControl filterRuntimeToday: 252
2026-07-11_23:28:06 poolControl filterRuntimeToday: 253
2026-07-11_23:29:02 poolControl filterRuntimeToday: 254
2026-07-11_23:30:48 poolControl filterRuntimeToday: 255
2026-07-11_23:30:48 poolControl filterRemaining: 3.7
2026-07-11_23:30:48 poolControl Pool 29.2/Soll 33.5°C | Filter on (Nachtfilterung) | 4.3/8h
2026-07-11_23:31:35 poolControl filterRuntimeToday: 256
2026-07-11_23:32:35 poolControl filterRuntimeToday: 257
2026-07-11_23:33:18 poolControl poolTemp: 29.1
2026-07-11_23:33:18 poolControl filterRuntimeToday: 258
2026-07-11_23:33:18 poolControl heatpumpEffective: 30.0
2026-07-11_23:33:18 poolControl Pool 29.1/Soll 33.5°C | Filter on (Nachtfilterung) | 4.3/8h
2026-07-11_23:34:17 poolControl filterRuntimeToday: 259
2026-07-11_23:35:16 poolControl filterRuntimeToday: 260
2026-07-11_23:36:05 poolControl filterRuntimeToday: 261
2026-07-11_23:36:56 poolControl filterRuntimeToday: 262
2026-07-11_23:36:56 poolControl filterRemaining: 3.6
2026-07-11_23:36:56 poolControl Pool 29.1/Soll 33.5°C | Filter on (Nachtfilterung) | 4.4/8h
2026-07-11_23:37:55 poolControl filterRuntimeToday: 263
2026-07-11_23:38:18 poolControl inflowTemp: 29.1
2026-07-11_23:38:56 poolControl filterRuntimeToday: 264
2026-07-11_23:40:39 poolControl filterRuntimeToday: 265
2026-07-11_23:40:59 poolControl filterRuntimeToday: 266
2026-07-11_23:42:21 poolControl filterRuntimeToday: 267
2026-07-11_23:43:12 poolControl filterRuntimeToday: 268
2026-07-11_23:43:12 poolControl filterRemaining: 3.5
2026-07-11_23:43:12 poolControl Pool 29.1/Soll 33.5°C | Filter on (Nachtfilterung) | 4.5/8h
2026-07-11_23:43:29 poolControl solarIndex: -2
2026-07-11_23:44:04 poolControl filterRuntimeToday: 269
2026-07-11_23:45:00 poolControl solarIndex: -1
2026-07-11_23:45:00 poolControl filterRuntimeToday: 270
2026-07-11_23:45:48 poolControl solarIndex: -2
2026-07-11_23:46:45 poolControl filterRuntimeToday: 271
2026-07-11_23:47:41 poolControl solarIndex: -1
2026-07-11_23:47:41 poolControl filterRuntimeToday: 272
2026-07-11_23:48:17 poolControl filterRuntimeToday: 273
2026-07-11_23:48:32 poolControl filterRemaining: 3.4
2026-07-11_23:48:32 poolControl Pool 29.1/Soll 33.5°C | Filter on (Nachtfilterung) | 4.6/8h
2026-07-11_23:49:25 poolControl filterRuntimeToday: 274
2026-07-11_23:50:05 poolControl solarIndex: -2
2026-07-11_23:50:05 poolControl filterRuntimeToday: 275
2026-07-11_23:51:02 poolControl solarIndex: -1
2026-07-11_23:51:02 poolControl filterRuntimeToday: 276
2026-07-11_23:51:58 poolControl filterRuntimeToday: 277
2026-07-11_23:53:17 poolControl filterRuntimeToday: 278
2026-07-11_23:54:29 poolControl filterRuntimeToday: 279
2026-07-11_23:54:29 poolControl filterRemaining: 3.3
2026-07-11_23:54:29 poolControl Pool 29.1/Soll 33.5°C | Filter on (Nachtfilterung) | 4.7/8h
2026-07-11_23:55:24 poolControl filterRuntimeToday: 280
2026-07-11_23:56:20 poolControl filterRuntimeToday: 281
2026-07-11_23:57:10 poolControl filterRuntimeToday: 282
2026-07-11_23:58:11 poolControl filterRuntimeToday: 283
2026-07-11_23:58:59 poolControl filterRuntimeToday: 284
2026-07-11_23:59:55 poolControl filterRuntimeToday: 285
2026-07-12_00:00:44 poolControl targetTemp: 32
2026-07-12_00:00:44 poolControl solarIndex: 3
2026-07-12_00:00:44 poolControl filterRemaining: 3.2
2026-07-12_00:00:44 poolControl Pool 29.1/Soll 32.0°C | Filter on (Nachtfilterung) | 4.8/8h
2026-07-12_00:01:32 poolControl filterRuntimeToday: 286
2026-07-12_00:02:29 poolControl filterRuntimeToday: 287
2026-07-12_00:03:17 poolControl poolTemp: 29.0
2026-07-12_00:03:17 poolControl filterRuntimeToday: 288
2026-07-12_00:03:17 poolControl heatpumpEffective: 29.9
2026-07-12_00:03:17 poolControl Pool 29.0/Soll 32.0°C | Filter on (Nachtfilterung) | 4.8/8h
2026-07-12_00:04:18 poolControl filterRuntimeToday: 289
2026-07-12_00:05:09 poolControl filterRuntimeToday: 290
2026-07-12_00:06:05 poolControl filterRuntimeToday: 291
2026-07-12_00:06:56 poolControl filterRuntimeToday: 292
2026-07-12_00:06:56 poolControl filterRemaining: 3.1
2026-07-12_00:06:56 poolControl Pool 29.0/Soll 32.0°C | Filter on (Nachtfilterung) | 4.9/8h
2026-07-12_00:08:17 poolControl inflowTemp: 29.0
2026-07-12_00:08:17 poolControl filterRuntimeToday: 293
2026-07-12_00:08:48 poolControl solarIndex: 2
2026-07-12_00:09:50 poolControl filterRuntimeToday: 294
2026-07-12_00:10:36 poolControl filterRuntimeToday: 295
2026-07-12_00:11:16 poolControl filterRuntimeToday: 296
2026-07-12_00:12:11 poolControl filterRuntimeToday: 297
2026-07-12_00:13:00 poolControl filterRuntimeToday: 298
2026-07-12_00:13:00 poolControl filterRemaining: 3.0
2026-07-12_00:13:00 poolControl Pool 29.0/Soll 32.0°C | Filter on (Nachtfilterung) | 5.0/8h
2026-07-12_00:13:17 poolControl poolTemp: 28.9
2026-07-12_00:13:17 poolControl heatpumpEffective: 29.8
2026-07-12_00:13:17 poolControl Pool 28.9/Soll 32.0°C | Filter on (Nachtfilterung) | 5.0/8h
2026-07-12_00:13:59 poolControl solarIndex: 3
2026-07-12_00:13:59 poolControl filterRuntimeToday: 299
2026-07-12_00:15:37 poolControl filterRuntimeToday: 300
2026-07-12_00:16:37 poolControl filterRuntimeToday: 301
2026-07-12_00:17:25 poolControl filterRuntimeToday: 302
2026-07-12_00:18:17 poolControl filterRuntimeToday: 303
2026-07-12_00:18:28 poolControl filterRemaining: 2.9
2026-07-12_00:18:28 poolControl Pool 28.9/Soll 32.0°C | Filter on (Nachtfilterung) | 5.1/8h
2026-07-12_00:19:15 poolControl filterRuntimeToday: 304
2026-07-12_00:20:10 poolControl filterRuntimeToday: 305
2026-07-12_00:20:58 poolControl filterRuntimeToday: 306
2026-07-12_00:22:16 poolControl filterRuntimeToday: 307
2026-07-12_00:23:18 poolControl inflowTemp: 28.9
2026-07-12_00:23:18 poolControl filterRuntimeToday: 308
2026-07-12_00:24:37 poolControl filterRuntimeToday: 309
2026-07-12_00:24:37 poolControl filterRemaining: 2.8
2026-07-12_00:24:37 poolControl Pool 28.9/Soll 32.0°C | Filter on (Nachtfilterung) | 5.2/8h
2026-07-12_00:25:35 poolControl filterRuntimeToday: 310
2026-07-12_00:26:28 poolControl filterRuntimeToday: 311
2026-07-12_00:27:15 poolControl filterRuntimeToday: 312
2026-07-12_00:28:12 poolControl filterRuntimeToday: 313
2026-07-12_00:29:07 poolControl filterRuntimeToday: 314
2026-07-12_00:29:55 poolControl filterRuntimeToday: 315
2026-07-12_00:30:48 poolControl filterRemaining: 2.7
2026-07-12_00:30:48 poolControl Pool 28.9/Soll 32.0°C | Filter on (Nachtfilterung) | 5.3/8h
2026-07-12_00:31:44 poolControl filterRuntimeToday: 316
2026-07-12_00:32:40 poolControl solarIndex: 4
2026-07-12_00:32:40 poolControl filterRuntimeToday: 317
2026-07-12_00:33:18 poolControl filterRuntimeToday: 318
2026-07-12_00:33:25 poolControl solarIndex: 3
2026-07-12_00:34:18 poolControl filterRuntimeToday: 319
2026-07-12_00:35:07 poolControl filterRuntimeToday: 320
2026-07-12_00:35:57 poolControl filterRuntimeToday: 321
2026-07-12_00:36:51 poolControl filterRemaining: 2.6
2026-07-12_00:36:51 poolControl Pool 28.9/Soll 32.0°C | Filter on (Nachtfilterung) | 5.4/8h
2026-07-12_00:37:41 poolControl filterRuntimeToday: 322
2026-07-12_00:38:18 poolControl filterRuntimeToday: 323
2026-07-12_00:39:20 poolControl filterRuntimeToday: 324
2026-07-12_00:40:09 poolControl solarIndex: 4
2026-07-12_00:40:09 poolControl filterRuntimeToday: 325
2026-07-12_00:41:08 poolControl filterRuntimeToday: 326
2026-07-12_00:41:55 poolControl filterRuntimeToday: 327
2026-07-12_00:42:51 poolControl filterRemaining: 2.5
2026-07-12_00:42:51 poolControl Pool 28.9/Soll 32.0°C | Filter on (Nachtfilterung) | 5.5/8h
2026-07-12_00:43:18 poolControl poolTemp: 28.8
2026-07-12_00:43:18 poolControl filterRuntimeToday: 328
2026-07-12_00:43:18 poolControl heatpumpEffective: 29.7
2026-07-12_00:43:18 poolControl Pool 28.8/Soll 32.0°C | Filter on (Nachtfilterung) | 5.5/8h
2026-07-12_00:44:39 poolControl filterRuntimeToday: 329
2026-07-12_00:45:28 poolControl filterRuntimeToday: 330
2026-07-12_00:46:25 poolControl filterRuntimeToday: 331
2026-07-12_00:47:18 poolControl filterRuntimeToday: 332
2026-07-12_00:48:13 poolControl filterRuntimeToday: 333
2026-07-12_00:48:52 poolControl filterRemaining: 2.4
2026-07-12_00:48:52 poolControl Pool 28.8/Soll 32.0°C | Filter on (Nachtfilterung) | 5.6/8h
2026-07-12_00:49:07 poolControl filterRuntimeToday: 334
2026-07-12_00:49:57 poolControl filterRuntimeToday: 335
2026-07-12_00:51:45 poolControl filterRuntimeToday: 336
2026-07-12_00:52:39 poolControl filterRuntimeToday: 337
2026-07-12_00:53:18 poolControl inflowTemp: 28.8
2026-07-12_00:53:18 poolControl filterRuntimeToday: 338
2026-07-12_00:54:28 poolControl filterRuntimeToday: 339
2026-07-12_00:54:28 poolControl filterRemaining: 2.3
2026-07-12_00:54:28 poolControl Pool 28.8/Soll 32.0°C | Filter on (Nachtfilterung) | 5.7/8h
2026-07-12_00:55:29 poolControl filterRuntimeToday: 340
2026-07-12_00:56:20 poolControl filterRuntimeToday: 341
2026-07-12_00:57:13 poolControl filterRuntimeToday: 342
2026-07-12_00:58:09 poolControl filterRuntimeToday: 343
2026-07-12_00:59:04 poolControl filterRuntimeToday: 344
2026-07-12_00:59:55 poolControl filterRuntimeToday: 345
2026-07-12_01:00:53 poolControl filterRemaining: 2.2
2026-07-12_01:00:53 poolControl Pool 28.8/Soll 32.0°C | Filter on (Nachtfilterung) | 5.8/8h
2026-07-12_01:01:39 poolControl filterRuntimeToday: 346
2026-07-12_01:02:34 poolControl filterRuntimeToday: 347
2026-07-12_01:03:18 poolControl filterRuntimeToday: 348
2026-07-12_01:04:25 poolControl filterRuntimeToday: 349
2026-07-12_01:05:17 poolControl filterRuntimeToday: 350
2026-07-12_01:06:07 poolControl filterRuntimeToday: 351
2026-07-12_01:07:03 poolControl filterRuntimeToday: 352
2026-07-12_01:07:03 poolControl filterRemaining: 2.1
2026-07-12_01:07:03 poolControl Pool 28.8/Soll 32.0°C | Filter on (Nachtfilterung) | 5.9/8h
2026-07-12_01:07:58 poolControl filterRuntimeToday: 353
2026-07-12_01:09:42 poolControl filterRuntimeToday: 354
2026-07-12_01:10:41 poolControl filterRuntimeToday: 355
2026-07-12_01:11:37 poolControl filterRuntimeToday: 356
2026-07-12_01:12:31 poolControl filterRuntimeToday: 357
2026-07-12_01:12:31 poolControl filterRemaining: 2.0
2026-07-12_01:12:31 poolControl Pool 28.8/Soll 32.0°C | Filter on (Nachtfilterung) | 6.0/8h
2026-07-12_01:13:20 poolControl poolTemp: 28.7
2026-07-12_01:13:20 poolControl inflowTemp: 28.7
2026-07-12_01:13:20 poolControl filterRuntimeToday: 358
2026-07-12_01:13:20 poolControl heatpumpEffective: 29.6
2026-07-12_01:13:20 poolControl Pool 28.7/Soll 32.0°C | Filter on (Nachtfilterung) | 6.0/8h
2026-07-12_01:14:20 poolControl filterRuntimeToday: 359
2026-07-12_01:15:12 poolControl filterRuntimeToday: 360
2026-07-12_01:16:03 poolControl filterRuntimeToday: 361
2026-07-12_01:16:59 poolControl filterRuntimeToday: 362
2026-07-12_01:18:17 poolControl filterRuntimeToday: 363
2026-07-12_01:18:52 poolControl filterRemaining: 1.9
2026-07-12_01:18:52 poolControl Pool 28.7/Soll 32.0°C | Filter on (Nachtfilterung) | 6.1/8h
2026-07-12_01:19:44 poolControl solarIndex: 2
2026-07-12_01:19:44 poolControl filterRuntimeToday: 364
2026-07-12_01:20:39 poolControl filterRuntimeToday: 365
2026-07-12_01:21:27 poolControl filterRuntimeToday: 366
2026-07-12_01:22:27 poolControl filterRuntimeToday: 367
2026-07-12_01:23:18 poolControl poolTemp: 28.6
2026-07-12_01:23:18 poolControl filterRuntimeToday: 368
2026-07-12_01:23:18 poolControl heatpumpEffective: 29.5
2026-07-12_01:23:18 poolControl Pool 28.6/Soll 32.0°C | Filter on (Nachtfilterung) | 6.1/8h
2026-07-12_01:24:14 poolControl filterRuntimeToday: 369
2026-07-12_01:25:11 poolControl filterRuntimeToday: 370
2026-07-12_01:25:11 poolControl filterRemaining: 1.8
2026-07-12_01:25:11 poolControl Pool 28.6/Soll 32.0°C | Filter on (Nachtfilterung) | 6.2/8h
2026-07-12_01:26:13 poolControl filterRuntimeToday: 371
2026-07-12_01:26:57 poolControl filterRuntimeToday: 372
2026-07-12_01:27:57 poolControl filterRuntimeToday: 373
2026-07-12_01:28:18 poolControl inflowTemp: 28.6
2026-07-12_01:29:18 poolControl filterRuntimeToday: 374
2026-07-12_01:30:18 poolControl filterRuntimeToday: 375
2026-07-12_01:31:18 poolControl filterRuntimeToday: 376
2026-07-12_01:31:18 poolControl filterRemaining: 1.7
2026-07-12_01:31:18 poolControl Pool 28.6/Soll 32.0°C | Filter on (Nachtfilterung) | 6.3/8h
2026-07-12_01:32:18 poolControl filterRuntimeToday: 377
2026-07-12_01:33:17 poolControl filterRuntimeToday: 378
2026-07-12_01:34:15 poolControl filterRuntimeToday: 379
2026-07-12_01:35:00 poolControl filterRuntimeToday: 380
2026-07-12_01:36:34 poolControl filterRuntimeToday: 381
2026-07-12_01:36:34 poolControl filterRemaining: 1.6
2026-07-12_01:36:34 poolControl Pool 28.6/Soll 32.0°C | Filter on (Nachtfilterung) | 6.4/8h
2026-07-12_01:37:31 poolControl filterRuntimeToday: 382
2026-07-12_01:38:17 poolControl filterRuntimeToday: 383
2026-07-12_01:39:25 poolControl filterRuntimeToday: 384
2026-07-12_01:40:14 poolControl filterRuntimeToday: 385
2026-07-12_01:41:07 poolControl filterRuntimeToday: 386
2026-07-12_01:42:02 poolControl filterRuntimeToday: 387
2026-07-12_01:42:59 poolControl filterRuntimeToday: 388
2026-07-12_01:42:59 poolControl filterRemaining: 1.5
2026-07-12_01:42:59 poolControl Pool 28.6/Soll 32.0°C | Filter on (Nachtfilterung) | 6.5/8h
2026-07-12_01:44:48 poolControl filterRuntimeToday: 389
2026-07-12_01:45:48 poolControl filterRuntimeToday: 390
2026-07-12_01:46:36 poolControl filterRuntimeToday: 391
2026-07-12_01:47:28 poolControl filterRuntimeToday: 392
2026-07-12_01:48:17 poolControl filterRuntimeToday: 393
2026-07-12_01:48:52 poolControl filterRemaining: 1.4
2026-07-12_01:48:52 poolControl Pool 28.6/Soll 32.0°C | Filter on (Nachtfilterung) | 6.6/8h
2026-07-12_01:49:16 poolControl filterRuntimeToday: 394
2026-07-12_01:50:12 poolControl filterRuntimeToday: 395
2026-07-12_01:51:05 poolControl filterRuntimeToday: 396
2026-07-12_01:52:01 poolControl filterRuntimeToday: 397
2026-07-12_01:53:18 poolControl poolTemp: 28.5
2026-07-12_01:53:18 poolControl filterRuntimeToday: 398
2026-07-12_01:53:18 poolControl heatpumpEffective: 29.4
2026-07-12_01:53:18 poolControl Pool 28.5/Soll 32.0°C | Filter on (Nachtfilterung) | 6.6/8h
2026-07-12_01:54:34 poolControl filterRuntimeToday: 399
2026-07-12_01:54:34 poolControl filterRemaining: 1.3
2026-07-12_01:54:34 poolControl Pool 28.5/Soll 32.0°C | Filter on (Nachtfilterung) | 6.7/8h
2026-07-12_01:55:31 poolControl filterRuntimeToday: 400
2026-07-12_01:56:17 poolControl filterRuntimeToday: 401
2026-07-12_01:57:11 poolControl filterRuntimeToday: 402
2026-07-12_01:58:10 poolControl filterRuntimeToday: 403
2026-07-12_01:58:19 poolControl inflowTemp: 28.5
2026-07-12_01:58:58 poolControl filterRuntimeToday: 404
2026-07-12_01:59:56 poolControl filterRuntimeToday: 405
2026-07-12_02:00:50 poolControl filterRemaining: 1.2
2026-07-12_02:00:50 poolControl Pool 28.5/Soll 32.0°C | Filter on (Nachtfilterung) | 6.8/8h
2026-07-12_02:01:36 poolControl filterRuntimeToday: 406
2026-07-12_02:02:31 poolControl filterRuntimeToday: 407
2026-07-12_02:03:18 poolControl poolTemp: 28.4
2026-07-12_02:03:18 poolControl filterRuntimeToday: 408
2026-07-12_02:03:18 poolControl heatpumpEffective: 29.3
2026-07-12_02:03:18 poolControl Pool 28.4/Soll 32.0°C | Filter on (Nachtfilterung) | 6.8/8h
2026-07-12_02:04:25 poolControl filterRuntimeToday: 409
2026-07-12_02:05:25 poolControl filterRuntimeToday: 410
2026-07-12_02:06:07 poolControl filterRuntimeToday: 411
2026-07-12_02:07:07 poolControl filterRuntimeToday: 412
2026-07-12_02:07:07 poolControl filterRemaining: 1.1
2026-07-12_02:07:07 poolControl Pool 28.4/Soll 32.0°C | Filter on (Nachtfilterung) | 6.9/8h
2026-07-12_02:08:00 poolControl filterRuntimeToday: 413
2026-07-12_02:08:18 poolControl inflowTemp: 28.4
2026-07-12_02:09:44 poolControl filterRuntimeToday: 414
2026-07-12_02:10:42 poolControl filterRuntimeToday: 415
2026-07-12_02:11:07 poolControl filterRuntimeToday: 416
2026-07-12_02:12:33 poolControl filterRuntimeToday: 417
2026-07-12_02:12:33 poolControl filterRemaining: 1.0
2026-07-12_02:12:33 poolControl Pool 28.4/Soll 32.0°C | Filter on (Nachtfilterung) | 7.0/8h
2026-07-12_02:13:20 poolControl filterRuntimeToday: 418
2026-07-12_02:14:20 poolControl filterRuntimeToday: 419
2026-07-12_02:15:08 poolControl filterRuntimeToday: 420
2026-07-12_02:16:06 poolControl filterRuntimeToday: 421
2026-07-12_02:17:01 poolControl filterRuntimeToday: 422
2026-07-12_02:18:18 poolControl filterRuntimeToday: 423
2026-07-12_02:18:44 poolControl filterRemaining: 0.9
2026-07-12_02:18:44 poolControl Pool 28.4/Soll 32.0°C | Filter on (Nachtfilterung) | 7.1/8h
2026-07-12_02:19:41 poolControl filterRuntimeToday: 424
2026-07-12_02:20:27 poolControl filterRuntimeToday: 425
2026-07-12_02:21:27 poolControl filterRuntimeToday: 426
2026-07-12_02:22:11 poolControl filterRuntimeToday: 427
2026-07-12_02:23:11 poolControl filterRuntimeToday: 428
2026-07-12_02:23:58 poolControl filterRuntimeToday: 429
2026-07-12_02:24:52 poolControl filterRemaining: 0.8
2026-07-12_02:24:52 poolControl Pool 28.4/Soll 32.0°C | Filter on (Nachtfilterung) | 7.2/8h
2026-07-12_02:25:45 poolControl filterRuntimeToday: 430
2026-07-12_02:26:45 poolControl filterRuntimeToday: 431
2026-07-12_02:27:44 poolControl filterRuntimeToday: 432
2026-07-12_02:28:18 poolControl poolTemp: 28.3
2026-07-12_02:28:18 poolControl filterRuntimeToday: 433
2026-07-12_02:28:18 poolControl heatpumpEffective: 29.2
2026-07-12_02:28:18 poolControl Pool 28.3/Soll 32.0°C | Filter on (Nachtfilterung) | 7.2/8h
2026-07-12_02:29:34 poolControl filterRuntimeToday: 434
2026-07-12_02:30:30 poolControl filterRuntimeToday: 435
2026-07-12_02:30:30 poolControl filterRemaining: 0.7
2026-07-12_02:30:30 poolControl Pool 28.3/Soll 32.0°C | Filter on (Nachtfilterung) | 7.3/8h
2026-07-12_02:31:20 poolControl filterRuntimeToday: 436
2026-07-12_02:32:12 poolControl filterRuntimeToday: 437
2026-07-12_02:33:12 poolControl filterRuntimeToday: 438
2026-07-12_02:34:03 poolControl filterRuntimeToday: 439
2026-07-12_02:35:00 poolControl filterRuntimeToday: 440
2026-07-12_02:35:57 poolControl filterRuntimeToday: 441
2026-07-12_02:36:49 poolControl filterRemaining: 0.6
2026-07-12_02:36:49 poolControl Pool 28.3/Soll 32.0°C | Filter on (Nachtfilterung) | 7.4/8h
2026-07-12_02:37:47 poolControl filterRuntimeToday: 442
2026-07-12_02:38:17 poolControl inflowTemp: 28.3
2026-07-12_02:38:17 poolControl filterRuntimeToday: 443
2026-07-12_02:39:40 poolControl filterRuntimeToday: 444
2026-07-12_02:40:29 poolControl filterRuntimeToday: 445
2026-07-12_02:41:25 poolControl filterRuntimeToday: 446
2026-07-12_02:42:19 poolControl filterRuntimeToday: 447
2026-07-12_02:43:18 poolControl filterRuntimeToday: 448
2026-07-12_02:43:18 poolControl filterRemaining: 0.5
2026-07-12_02:43:18 poolControl Pool 28.3/Soll 32.0°C | Filter on (Nachtfilterung) | 7.5/8h
2026-07-12_02:44:06 poolControl filterRuntimeToday: 449
2026-07-12_02:45:04 poolControl filterRuntimeToday: 450
2026-07-12_02:46:00 poolControl filterRuntimeToday: 451
2026-07-12_02:47:38 poolControl filterRuntimeToday: 452
2026-07-12_02:48:18 poolControl filterRuntimeToday: 453
2026-07-12_02:48:52 poolControl filterRemaining: 0.4
2026-07-12_02:48:52 poolControl Pool 28.3/Soll 32.0°C | Filter on (Nachtfilterung) | 7.6/8h
2026-07-12_02:49:23 poolControl filterRuntimeToday: 454
2026-07-12_02:50:10 poolControl filterRuntimeToday: 455
2026-07-12_02:51:07 poolControl filterRuntimeToday: 456
2026-07-12_02:52:00 poolControl filterRuntimeToday: 457
2026-07-12_02:52:57 poolControl filterRuntimeToday: 458
2026-07-12_02:54:42 poolControl filterRuntimeToday: 459
2026-07-12_02:54:42 poolControl filterRemaining: 0.3
2026-07-12_02:54:42 poolControl Pool 28.3/Soll 32.0°C | Filter on (Nachtfilterung) | 7.7/8h
2026-07-12_02:55:37 poolControl filterRuntimeToday: 460
2026-07-12_02:56:26 poolControl filterRuntimeToday: 461
2026-07-12_02:57:25 poolControl filterRuntimeToday: 462
2026-07-12_02:58:17 poolControl filterRuntimeToday: 463
2026-07-12_02:59:12 poolControl filterRuntimeToday: 464
2026-07-12_03:00:08 poolControl filterRuntimeToday: 465
2026-07-12_03:00:59 poolControl filterRuntimeToday: 466
2026-07-12_03:00:59 poolControl filterRemaining: 0.2
2026-07-12_03:00:59 poolControl Pool 28.3/Soll 32.0°C | Filter on (Nachtfilterung) | 7.8/8h
2026-07-12_03:01:58 poolControl filterRuntimeToday: 467
2026-07-12_03:03:17 poolControl filterRuntimeToday: 468
2026-07-12_03:04:31 poolControl filterRuntimeToday: 469
2026-07-12_03:05:20 poolControl filterRuntimeToday: 470
2026-07-12_03:06:14 poolControl filterRuntimeToday: 471
2026-07-12_03:07:12 poolControl filterRuntimeToday: 472
2026-07-12_03:07:12 poolControl filterRemaining: 0.1
2026-07-12_03:07:12 poolControl Pool 28.3/Soll 32.0°C | Filter on (Nachtfilterung) | 7.9/8h
2026-07-12_03:08:09 poolControl filterRuntimeToday: 473
2026-07-12_03:08:17 poolControl poolTemp: 28.2
2026-07-12_03:08:17 poolControl inflowTemp: 28.2
2026-07-12_03:08:17 poolControl heatpumpEffective: 29.1
2026-07-12_03:08:17 poolControl Pool 28.2/Soll 32.0°C | Filter on (Nachtfilterung) | 7.9/8h
2026-07-12_03:09:51 poolControl filterRuntimeToday: 474
2026-07-12_03:10:52 poolControl filterRuntimeToday: 475
2026-07-12_03:11:28 poolControl filterRuntimeToday: 476
2026-07-12_03:12:28 poolControl filterRuntimeToday: 477
2026-07-12_03:12:28 poolControl filterRemaining: 0.0
2026-07-12_03:12:28 poolControl Pool 28.2/Soll 32.0°C | Filter on (Nachtfilterung) | 8.0/8h
2026-07-12_03:13:12 poolControl filterRuntimeToday: 478
2026-07-12_03:14:13 poolControl filterRuntimeToday: 479
2026-07-12_03:15:09 poolControl filterRuntimeToday: 480
2026-07-12_03:16:00 poolControl filterState: off
2026-07-12_03:16:00 poolControl filterReason: Heizbedarf, keine Quelle
2026-07-12_03:16:00 poolControl filterRuntimeToday: 481
2026-07-12_03:16:00 poolControl Pool 28.2/Soll 32.0°C | Filter off (Heizbedarf, keine Quelle) | 8.0/8h
2026-07-12_03:18:18 poolControl inflowTemp: 28.1
2026-07-12_03:23:19 poolControl poolTemp: 28.1
2026-07-12_03:23:19 poolControl heatpumpEffective: 29.0
2026-07-12_03:23:19 poolControl Pool 28.1/Soll 32.0°C | Filter off (Heizbedarf, keine Quelle) | 8.0/8h
2026-07-12_03:28:19 poolControl inflowTemp: 28.2
2026-07-12_03:33:18 poolControl inflowTemp: 28.1
2026-07-12_03:37:19 poolControl solarIndex: 0
2026-07-12_03:53:18 poolControl poolTemp: 28.0
2026-07-12_03:53:18 poolControl inflowTemp: 28.0
2026-07-12_03:53:18 poolControl heatpumpEffective: 28.9
2026-07-12_03:53:18 poolControl Pool 28.0/Soll 32.0°C | Filter off (Heizbedarf, keine Quelle) | 8.0/8h
2026-07-12_04:08:18 poolControl poolTemp: 27.9
2026-07-12_04:08:18 poolControl inflowTemp: 27.9
2026-07-12_04:08:18 poolControl heatpumpEffective: 28.8
2026-07-12_04:08:18 poolControl Pool 27.9/Soll 32.0°C | Filter off (Heizbedarf, keine Quelle) | 8.0/8h
2026-07-12_04:20:30 poolControl solarIndex: -1
2026-07-12_04:38:19 poolControl inflowTemp: 27.8
2026-07-12_04:43:18 poolControl poolTemp: 27.8
2026-07-12_04:43:18 poolControl heatpumpEffective: 28.7
2026-07-12_04:43:18 poolControl Pool 27.8/Soll 32.0°C | Filter off (Heizbedarf, keine Quelle) | 8.0/8h
2026-07-12_05:03:18 poolControl inflowTemp: 27.7
2026-07-12_05:18:18 poolControl poolTemp: 27.6
2026-07-12_05:18:18 poolControl heatpumpEffective: 28.5
2026-07-12_05:18:18 poolControl Pool 27.6/Soll 32.0°C | Filter off (Heizbedarf, keine Quelle) | 8.0/8h
2026-07-12_05:23:17 poolControl inflowTemp: 27.6
2026-07-12_05:53:17 poolControl poolTemp: 27.5
2026-07-12_05:53:17 poolControl inflowTemp: 27.5
2026-07-12_05:53:17 poolControl heatpumpEffective: 28.4
2026-07-12_05:53:17 poolControl Pool 27.5/Soll 32.0°C | Filter off (Heizbedarf, keine Quelle) | 8.0/8h
2026-07-12_06:00:18 poolControl filterRuntimeToday: 0
2026-07-12_06:00:18 poolControl filterRemaining: 8.0
2026-07-12_06:00:18 poolControl Pool 27.5/Soll 32.0°C | Filter off (Heizbedarf, keine Quelle) | 0.0/8h
2026-07-12_06:13:19 poolControl poolTemp: 27.4
2026-07-12_06:13:19 poolControl inflowTemp: 27.4
2026-07-12_06:13:19 poolControl heatpumpEffective: 28.3
2026-07-12_06:13:19 poolControl Pool 27.4/Soll 32.0°C | Filter off (Heizbedarf, keine Quelle) | 0.0/8h
2026-07-12_06:48:17 poolControl poolTemp: 27.3
2026-07-12_06:48:17 poolControl inflowTemp: 27.3
2026-07-12_06:48:17 poolControl heatpumpEffective: 28.2
2026-07-12_06:48:17 poolControl Pool 27.3/Soll 32.0°C | Filter off (Heizbedarf, keine Quelle) | 0.0/8h
2026-07-12_06:48:52 poolControl solarIndex: -2
2026-07-12_07:23:18 poolControl poolTemp: 27.2
2026-07-12_07:23:18 poolControl heatpumpEffective: 28.1
2026-07-12_07:23:18 poolControl Pool 27.2/Soll 32.0°C | Filter off (Heizbedarf, keine Quelle) | 0.0/8h
2026-07-12_07:28:18 poolControl inflowTemp: 27.2
2026-07-12_07:31:53 poolControl solarIndex: -1
2026-07-12_07:53:17 poolControl inflowTemp: 27.3
2026-07-12_08:00:31 poolControl solarIndex: 0
2026-07-12_08:03:17 poolControl inflowTemp: 27.4
2026-07-12_08:06:11 poolControl solarIndex: -1
2026-07-12_08:07:05 poolControl solarIndex: 0
2026-07-12_08:08:04 poolControl solarIndex: 1
2026-07-12_08:08:17 poolControl inflowTemp: 27.8
2026-07-12_08:13:17 poolControl inflowTemp: 28.5
2026-07-12_08:18:18 poolControl inflowTemp: 28.9
2026-07-12_08:18:52 poolControl solarIndex: 0
2026-07-12_08:20:15 poolControl solarIndex: 1
2026-07-12_08:21:58 poolControl solarIndex: -1
2026-07-12_08:23:18 poolControl poolTemp: 27.3
2026-07-12_08:23:18 poolControl inflowTemp: 29.2
2026-07-12_08:23:18 poolControl heatpumpEffective: 28.2
2026-07-12_08:23:18 poolControl Pool 27.3/Soll 32.0°C | Filter off (Heizbedarf, keine Quelle) | 0.0/8h
2026-07-12_08:23:44 poolControl solarIndex: 1
2026-07-12_08:28:11 poolControl solarIndex: 0
2026-07-12_08:28:18 poolControl inflowTemp: 29.1
2026-07-12_08:30:23 poolControl solarIndex: 1
2026-07-12_08:33:18 poolControl inflowTemp: 29.4
2026-07-12_08:38:18 poolControl inflowTemp: 29.6
2026-07-12_08:50:29 poolControl solarIndex: 2
2026-07-12_08:53:19 poolControl poolTemp: 27.4
2026-07-12_08:53:19 poolControl inflowTemp: 29.8
2026-07-12_08:53:19 poolControl heatpumpEffective: 28.3
2026-07-12_08:53:19 poolControl Pool 27.4/Soll 32.0°C | Filter off (Heizbedarf, keine Quelle) | 0.0/8h
2026-07-12_08:57:23 poolControl solarIndex: 5
2026-07-12_08:58:12 poolControl solarIndex: 6
2026-07-12_08:59:10 poolControl solarIndex: 5
2026-07-12_09:00:02 poolControl filterState: on
2026-07-12_09:00:02 poolControl filterReason: WP
2026-07-12_09:00:02 poolControl heatpumpState: on
2026-07-12_09:00:02 poolControl lastDecision: Solar heizt nicht: off (ausserhalb Solarfenster)
2026-07-12_09:00:02 poolControl Pool 27.4/Soll 32.0°C | Filter on (WP) | 0.0/8h
2026-07-12_09:00:14 poolControl solarIndex: 6
2026-07-12_09:01:14 poolControl filterRuntimeToday: 1
2026-07-12_09:01:25 poolControl solarIndex: 5
2026-07-12_09:02:25 poolControl filterRuntimeToday: 2
2026-07-12_09:02:40 poolControl filterRuntimeToday: 3
2026-07-12_09:03:18 poolControl inflowTemp: 27.9
2026-07-12_09:03:18 poolControl filterRemaining: 7.9
2026-07-12_09:03:18 poolControl Pool 27.4/Soll 32.0°C | Filter on (WP) | 0.1/8h
2026-07-12_09:04:18 poolControl filterRuntimeToday: 4
2026-07-12_09:04:51 poolControl solarIndex: 4
2026-07-12_09:04:51 poolControl filterRuntimeToday: 5
2026-07-12_09:05:51 poolControl filterRuntimeToday: 6
2026-07-12_09:06:51 poolControl filterRuntimeToday: 7
2026-07-12_09:07:51 poolControl filterRuntimeToday: 8
2026-07-12_09:08:19 poolControl poolTemp: 27.5
2026-07-12_09:08:19 poolControl inflowTemp: 28.7
2026-07-12_09:08:19 poolControl heatpumpEffective: 28.4
2026-07-12_09:08:19 poolControl Pool 27.5/Soll 32.0°C | Filter on (WP) | 0.1/8h
2026-07-12_09:09:14 poolControl filterRuntimeToday: 9
2026-07-12_09:09:14 poolControl filterRemaining: 7.8
2026-07-12_09:09:14 poolControl Pool 27.5/Soll 32.0°C | Filter on (WP) | 0.2/8h
2026-07-12_09:10:14 poolControl filterRuntimeToday: 10
2026-07-12_09:11:16 poolControl filterRuntimeToday: 11
2026-07-12_09:12:16 poolControl filterRuntimeToday: 12
2026-07-12_09:13:18 poolControl poolTemp: 27.6
2026-07-12_09:13:18 poolControl inflowTemp: 28.9
2026-07-12_09:13:18 poolControl filterRuntimeToday: 13
2026-07-12_09:13:18 poolControl heatpumpEffective: 28.5
2026-07-12_09:13:18 poolControl Pool 27.6/Soll 32.0°C | Filter on (WP) | 0.2/8h
2026-07-12_09:13:46 poolControl filterRuntimeToday: 14
2026-07-12_09:14:46 poolControl filterRuntimeToday: 15
2026-07-12_09:15:46 poolControl filterRuntimeToday: 16
2026-07-12_09:15:46 poolControl filterRemaining: 7.7
2026-07-12_09:15:46 poolControl Pool 27.6/Soll 32.0°C | Filter on (WP) | 0.3/8h
2026-07-12_09:16:46 poolControl filterRuntimeToday: 17
2026-07-12_09:17:46 poolControl filterRuntimeToday: 18
2026-07-12_09:18:17 poolControl poolTemp: 27.8
2026-07-12_09:18:17 poolControl inflowTemp: 29.0
2026-07-12_09:18:17 poolControl heatpumpEffective: 28.7
2026-07-12_09:18:17 poolControl Pool 27.8/Soll 32.0°C | Filter on (WP) | 0.3/8h
2026-07-12_09:18:52 poolControl filterRuntimeToday: 19
2026-07-12_09:19:52 poolControl filterRuntimeToday: 20
2026-07-12_09:20:52 poolControl filterRuntimeToday: 21
2026-07-12_09:21:52 poolControl filterRuntimeToday: 22
2026-07-12_09:21:52 poolControl filterRemaining: 7.6
2026-07-12_09:21:52 poolControl Pool 27.8/Soll 32.0°C | Filter on (WP) | 0.4/8h
2026-07-12_09:23:18 poolControl poolTemp: 27.9
2026-07-12_09:23:18 poolControl inflowTemp: 29.1
2026-07-12_09:23:18 poolControl filterRuntimeToday: 23
2026-07-12_09:23:18 poolControl heatpumpEffective: 28.8
2026-07-12_09:23:18 poolControl Pool 27.9/Soll 32.0°C | Filter on (WP) | 0.4/8h
2026-07-12_09:24:18 poolControl filterRuntimeToday: 24
2026-07-12_09:25:18 poolControl filterRuntimeToday: 25
2026-07-12_09:25:50 poolControl filterRuntimeToday: 26
2026-07-12_09:26:50 poolControl filterRuntimeToday: 27
2026-07-12_09:27:50 poolControl filterRuntimeToday: 28
2026-07-12_09:27:50 poolControl filterRemaining: 7.5
2026-07-12_09:27:50 poolControl Pool 27.9/Soll 32.0°C | Filter on (WP) | 0.5/8h
2026-07-12_09:28:11 poolControl solarIndex: 5
2026-07-12_09:28:18 poolControl inflowTemp: 29.3
2026-07-12_09:29:18 poolControl filterRuntimeToday: 29
2026-07-12_09:30:07 poolControl filterRuntimeToday: 30
2026-07-12_09:31:08 poolControl filterRuntimeToday: 31
2026-07-12_09:32:08 poolControl filterRuntimeToday: 32
2026-07-12_09:33:13 poolControl filterRuntimeToday: 33
2026-07-12_09:33:13 poolControl filterRemaining: 7.4
2026-07-12_09:33:13 poolControl Pool 27.9/Soll 32.0°C | Filter on (WP) | 0.6/8h
2026-07-12_09:33:18 poolControl poolTemp: 28.1
2026-07-12_09:33:18 poolControl inflowTemp: 29.4
2026-07-12_09:33:18 poolControl heatpumpEffective: 29.0
2026-07-12_09:33:18 poolControl Pool 28.1/Soll 32.0°C | Filter on (WP) | 0.6/8h
2026-07-12_09:33:54 poolControl filterRuntimeToday: 34
2026-07-12_09:34:54 poolControl filterRuntimeToday: 35
2026-07-12_09:35:50 poolControl filterRuntimeToday: 36
2026-07-12_09:36:50 poolControl filterRuntimeToday: 37
2026-07-12_09:37:43 poolControl filterRuntimeToday: 38
2026-07-12_09:38:18 poolControl poolTemp: 28.2
2026-07-12_09:38:18 poolControl heatpumpEffective: 29.1
2026-07-12_09:38:18 poolControl Pool 28.2/Soll 32.0°C | Filter on (WP) | 0.6/8h
2026-07-12_09:39:19 poolControl filterRuntimeToday: 39
2026-07-12_09:39:19 poolControl filterRemaining: 7.3
2026-07-12_09:39:19 poolControl Pool 28.2/Soll 32.0°C | Filter on (WP) | 0.7/8h
2026-07-12_09:40:28 poolControl filterRuntimeToday: 40
2026-07-12_09:41:10 poolControl filterRuntimeToday: 41
2026-07-12_09:42:26 poolControl filterRuntimeToday: 42
2026-07-12_09:42:53 poolControl filterRuntimeToday: 43
2026-07-12_09:43:19 poolControl poolTemp: 28.3
2026-07-12_09:43:19 poolControl inflowTemp: 29.6
2026-07-12_09:43:19 poolControl heatpumpEffective: 29.2
2026-07-12_09:43:19 poolControl Pool 28.3/Soll 32.0°C | Filter on (WP) | 0.7/8h
2026-07-12_09:44:19 poolControl filterRuntimeToday: 44
2026-07-12_09:44:37 poolControl filterRuntimeToday: 45
2026-07-12_09:45:37 poolControl filterRuntimeToday: 46
2026-07-12_09:45:37 poolControl filterRemaining: 7.2
2026-07-12_09:45:37 poolControl Pool 28.3/Soll 32.0°C | Filter on (WP) | 0.8/8h
2026-07-12_09:47:10 poolControl filterRuntimeToday: 47
2026-07-12_09:47:45 poolControl filterRuntimeToday: 48
2026-07-12_09:48:18 poolControl inflowTemp: 29.7
2026-07-12_09:48:52 poolControl filterRuntimeToday: 49
2026-07-12_09:49:35 poolControl filterRuntimeToday: 50
2026-07-12_09:50:35 poolControl filterRuntimeToday: 51
2026-07-12_09:51:55 poolControl filterRuntimeToday: 52
2026-07-12_09:51:55 poolControl filterRemaining: 7.1
2026-07-12_09:51:55 poolControl Pool 28.3/Soll 32.0°C | Filter on (WP) | 0.9/8h
2026-07-12_09:53:08 poolControl filterRuntimeToday: 53
2026-07-12_09:53:18 poolControl poolTemp: 28.5
2026-07-12_09:53:18 poolControl inflowTemp: 29.8
2026-07-12_09:53:18 poolControl heatpumpEffective: 29.4
2026-07-12_09:53:18 poolControl Pool 28.5/Soll 32.0°C | Filter on (WP) | 0.9/8h
2026-07-12_09:54:25 poolControl filterRuntimeToday: 54
2026-07-12_09:54:39 poolControl filterRuntimeToday: 55
2026-07-12_09:55:39 poolControl filterRuntimeToday: 56
2026-07-12_09:55:49 poolControl solarIndex: 4
2026-07-12_09:56:49 poolControl filterRuntimeToday: 57
2026-07-12_09:57:55 poolControl filterRuntimeToday: 58
2026-07-12_09:57:55 poolControl filterRemaining: 7.0
2026-07-12_09:57:55 poolControl Pool 28.5/Soll 32.0°C | Filter on (WP) | 1.0/8h
2026-07-12_09:58:17 poolControl poolTemp: 28.6
2026-07-12_09:58:17 poolControl inflowTemp: 29.9
2026-07-12_09:58:17 poolControl heatpumpEffective: 29.5
2026-07-12_09:58:17 poolControl Pool 28.6/Soll 32.0°C | Filter on (WP) | 1.0/8h
2026-07-12_09:58:38 poolControl filterRuntimeToday: 59
2026-07-12_09:59:38 poolControl filterRuntimeToday: 60
2026-07-12_10:00:47 poolControl filterRuntimeToday: 61
2026-07-12_10:01:45 poolControl filterRuntimeToday: 62
2026-07-12_10:02:45 poolControl filterRuntimeToday: 63
2026-07-12_10:03:16 poolControl filterRemaining: 6.9
2026-07-12_10:03:16 poolControl Pool 28.6/Soll 32.0°C | Filter on (WP) | 1.1/8h
2026-07-12_10:03:18 poolControl poolTemp: 28.7
2026-07-12_10:03:18 poolControl inflowTemp: 30.0
2026-07-12_10:03:18 poolControl heatpumpEffective: 29.6
2026-07-12_10:03:18 poolControl Pool 28.7/Soll 32.0°C | Filter on (WP) | 1.1/8h
2026-07-12_10:04:18 poolControl filterRuntimeToday: 64
2026-07-12_10:04:56 poolControl filterRuntimeToday: 65
2026-07-12_10:05:57 poolControl filterRuntimeToday: 66
2026-07-12_10:07:31 poolControl filterRuntimeToday: 67
2026-07-12_10:08:14 poolControl filterRuntimeToday: 68
2026-07-12_10:08:18 poolControl poolTemp: 28.8
2026-07-12_10:08:18 poolControl inflowTemp: 30.1
2026-07-12_10:08:18 poolControl heatpumpEffective: 29.7
2026-07-12_10:08:18 poolControl Pool 28.8/Soll 32.0°C | Filter on (WP) | 1.1/8h
2026-07-12_10:09:18 poolControl filterRuntimeToday: 69
2026-07-12_10:09:18 poolControl filterRemaining: 6.8
2026-07-12_10:09:18 poolControl Pool 28.8/Soll 32.0°C | Filter on (WP) | 1.2/8h
2026-07-12_10:09:40 poolControl filterRuntimeToday: 70
2026-07-12_10:10:40 poolControl filterRuntimeToday: 71
2026-07-12_10:12:20 poolControl filterRuntimeToday: 72
2026-07-12_10:13:02 poolControl filterRuntimeToday: 73
2026-07-12_10:13:17 poolControl poolTemp: 28.9
2026-07-12_10:13:17 poolControl inflowTemp: 30.2
2026-07-12_10:13:17 poolControl heatpumpEffective: 29.8
2026-07-12_10:13:17 poolControl Pool 28.9/Soll 32.0°C | Filter on (WP) | 1.2/8h
2026-07-12_10:13:24 poolControl solarIndex: 3
2026-07-12_10:13:24 poolControl filterState: off
2026-07-12_10:13:24 poolControl filterReason: Heizbedarf, keine Quelle
2026-07-12_10:13:24 poolControl heatpumpState: off
2026-07-12_10:13:24 poolControl lastDecision: Solar heizt nicht: off (ausserhalb Solarfenster); WP aus: Solarindex zu niedrig (3, ein>=8/aus<=3)
2026-07-12_10:13:24 poolControl Pool 28.9/Soll 32.0°C | Filter off (Heizbedarf, keine Quelle) | 1.2/8h
2026-07-12_10:14:04 poolControl solarIndex: 5
2026-07-12_10:14:04 poolControl lastDecision: Solar heizt nicht: off (ausserhalb Solarfenster); WP aus: Solarindex zu niedrig (5, ein>=8/aus<=3)
2026-07-12_10:18:18 poolControl inflowTemp: 31.1
2026-07-12_10:23:18 poolControl inflowTemp: 31.3
2026-07-12_10:28:17 poolControl inflowTemp: 31.5
2026-07-12_10:33:18 poolControl poolTemp: 29.0
2026-07-12_10:33:18 poolControl inflowTemp: 31.6
2026-07-12_10:33:18 poolControl heatpumpEffective: 29.9
2026-07-12_10:33:18 poolControl Pool 29.0/Soll 32.0°C | Filter off (Heizbedarf, keine Quelle) | 1.2/8h
2026-07-12_10:33:34 poolControl solarIndex: 6
2026-07-12_10:33:34 poolControl lastDecision: Solar heizt nicht: off (ausserhalb Solarfenster); WP aus: Solarindex zu niedrig (6, ein>=8/aus<=3)
2026-07-12_10:37:32 poolControl solarIndex: 7
2026-07-12_10:37:32 poolControl lastDecision: Solar heizt nicht: off (ausserhalb Solarfenster); WP aus: Solarindex zu niedrig (7, ein>=8/aus<=3)
2026-07-12_10:38:10 poolControl solarIndex: 6
2026-07-12_10:38:10 poolControl lastDecision: Solar heizt nicht: off (ausserhalb Solarfenster); WP aus: Solarindex zu niedrig (6, ein>=8/aus<=3)
2026-07-12_10:38:19 poolControl inflowTemp: 32.1
2026-07-12_10:41:49 poolControl solarIndex: 7
2026-07-12_10:41:49 poolControl lastDecision: Solar heizt nicht: off (ausserhalb Solarfenster); WP aus: Solarindex zu niedrig (7, ein>=8/aus<=3)
2026-07-12_10:43:19 poolControl poolTemp: 29.1
2026-07-12_10:43:19 poolControl heatpumpEffective: 30.0
2026-07-12_10:43:19 poolControl Pool 29.1/Soll 32.0°C | Filter off (Heizbedarf, keine Quelle) | 1.2/8h
2026-07-12_10:43:36 poolControl solarIndex: 6
2026-07-12_10:43:36 poolControl lastDecision: Solar heizt nicht: off (ausserhalb Solarfenster); WP aus: Solarindex zu niedrig (6, ein>=8/aus<=3)
2026-07-12_10:44:10 poolControl solarIndex: 7
2026-07-12_10:44:10 poolControl lastDecision: Solar heizt nicht: off (ausserhalb Solarfenster); WP aus: Solarindex zu niedrig (7, ein>=8/aus<=3)
2026-07-12_10:47:46 poolControl solarIndex: 5
2026-07-12_10:47:46 poolControl lastDecision: Solar heizt nicht: off (ausserhalb Solarfenster); WP aus: Solarindex zu niedrig (5, ein>=8/aus<=3)
2026-07-12_10:48:11 poolControl solarIndex: 7
2026-07-12_10:48:11 poolControl lastDecision: Solar heizt nicht: off (ausserhalb Solarfenster); WP aus: Solarindex zu niedrig (7, ein>=8/aus<=3)
2026-07-12_10:48:18 poolControl inflowTemp: 32.3
2026-07-12_10:48:47 poolControl solarIndex: 8
2026-07-12_10:48:47 poolControl filterState: on
2026-07-12_10:48:47 poolControl filterReason: WP
2026-07-12_10:48:47 poolControl heatpumpState: on
2026-07-12_10:48:47 poolControl lastDecision: Solar heizt nicht: off (ausserhalb Solarfenster)
2026-07-12_10:48:47 poolControl Pool 29.1/Soll 32.0°C | Filter on (WP) | 1.2/8h
2026-07-12_10:49:18 poolControl filterRuntimeToday: 74
2026-07-12_10:49:47 poolControl solarIndex: 7
2026-07-12_10:50:25 poolControl filterRuntimeToday: 75
2026-07-12_10:51:16 poolControl solarIndex: 8
2026-07-12_10:51:16 poolControl filterRuntimeToday: 76
2026-07-12_10:51:16 poolControl filterRemaining: 6.7
2026-07-12_10:51:16 poolControl Pool 29.1/Soll 32.0°C | Filter on (WP) | 1.3/8h
2026-07-12_10:52:01 poolControl filterRuntimeToday: 77
2026-07-12_10:52:39 poolControl solarIndex: 7
2026-07-12_10:53:18 poolControl inflowTemp: 30.3
2026-07-12_10:53:18 poolControl filterRuntimeToday: 78
2026-07-12_10:54:49 poolControl filterRuntimeToday: 79
2026-07-12_10:55:52 poolControl filterRuntimeToday: 80
2026-07-12_10:56:31 poolControl solarIndex: 6
2026-07-12_10:56:31 poolControl filterRuntimeToday: 81
2026-07-12_10:56:31 poolControl filterRemaining: 6.6
2026-07-12_10:56:31 poolControl Pool 29.1/Soll 32.0°C | Filter on (WP) | 1.4/8h
2026-07-12_10:57:14 poolControl filterRuntimeToday: 82
2026-07-12_10:58:10 poolControl solarIndex: 7
2026-07-12_10:58:10 poolControl filterRuntimeToday: 83
2026-07-12_10:58:17 poolControl poolTemp: 29.3
2026-07-12_10:58:17 poolControl inflowTemp: 30.5
2026-07-12_10:58:17 poolControl heatpumpEffective: 30.2
2026-07-12_10:58:17 poolControl Pool 29.3/Soll 32.0°C | Filter on (WP) | 1.4/8h
2026-07-12_10:59:18 poolControl filterRuntimeToday: 84
2026-07-12_11:00:26 poolControl filterRuntimeToday: 85
2026-07-12_11:00:37 poolControl solarIndex: 6
2026-07-12_11:01:37 poolControl filterRuntimeToday: 86
2026-07-12_11:02:50 poolControl filterRuntimeToday: 87
2026-07-12_11:02:50 poolControl filterRemaining: 6.5
2026-07-12_11:02:50 poolControl Pool 29.3/Soll 32.0°C | Filter on (WP) | 1.5/8h
2026-07-12_11:02:58 poolControl filterRuntimeToday: 88
2026-07-12_11:03:18 poolControl poolTemp: 29.4
2026-07-12_11:03:18 poolControl inflowTemp: 30.7
2026-07-12_11:03:18 poolControl heatpumpEffective: 30.3
2026-07-12_11:03:18 poolControl Pool 29.4/Soll 32.0°C | Filter on (WP) | 1.5/8h
2026-07-12_11:04:09 poolControl filterRuntimeToday: 89
2026-07-12_11:05:09 poolControl filterRuntimeToday: 90
2026-07-12_11:06:19 poolControl filterRuntimeToday: 91
2026-07-12_11:07:38 poolControl filterRuntimeToday: 92
2026-07-12_11:08:17 poolControl poolTemp: 29.5
2026-07-12_11:08:17 poolControl inflowTemp: 30.8
2026-07-12_11:08:17 poolControl filterRuntimeToday: 93
2026-07-12_11:08:17 poolControl heatpumpEffective: 30.4
2026-07-12_11:08:17 poolControl Pool 29.5/Soll 32.0°C | Filter on (WP) | 1.5/8h
2026-07-12_11:09:10 poolControl filterRuntimeToday: 94
2026-07-12_11:09:10 poolControl filterRemaining: 6.4
2026-07-12_11:09:10 poolControl Pool 29.5/Soll 32.0°C | Filter on (WP) | 1.6/8h
2026-07-12_11:10:10 poolControl filterRuntimeToday: 95
2026-07-12_11:11:17 poolControl filterRuntimeToday: 96
2026-07-12_11:12:36 poolControl filterRuntimeToday: 97
2026-07-12_11:13:17 poolControl poolTemp: 29.6
2026-07-12_11:13:17 poolControl inflowTemp: 30.9
2026-07-12_11:13:17 poolControl filterRuntimeToday: 98
2026-07-12_11:13:17 poolControl heatpumpEffective: 30.5
2026-07-12_11:13:17 poolControl Pool 29.6/Soll 32.0°C | Filter on (WP) | 1.6/8h
2026-07-12_11:14:52 poolControl solarIndex: 7
2026-07-12_11:14:52 poolControl filterRuntimeToday: 99
2026-07-12_11:14:52 poolControl filterRemaining: 6.3
2026-07-12_11:14:52 poolControl Pool 29.6/Soll 32.0°C | Filter on (WP) | 1.7/8h
2026-07-12_11:15:52 poolControl filterRuntimeToday: 100
2026-07-12_11:15:57 poolControl filterRuntimeToday: 101
2026-07-12_11:17:39 poolControl filterRuntimeToday: 102
2026-07-12_11:18:17 poolControl poolTemp: 29.7
2026-07-12_11:18:17 poolControl inflowTemp: 30.8
2026-07-12_11:18:17 poolControl filterRuntimeToday: 103
2026-07-12_11:18:17 poolControl heatpumpEffective: 30.6
2026-07-12_11:18:17 poolControl Pool 29.7/Soll 32.0°C | Filter on (WP) | 1.7/8h
2026-07-12_11:19:31 poolControl filterRuntimeToday: 104
2026-07-12_11:20:31 poolControl filterRuntimeToday: 105
2026-07-12_11:20:31 poolControl filterRemaining: 6.2
2026-07-12_11:20:31 poolControl Pool 29.7/Soll 32.0°C | Filter on (WP) | 1.8/8h
2026-07-12_11:21:26 poolControl filterRuntimeToday: 106
2026-07-12_11:22:23 poolControl filterRuntimeToday: 107
2026-07-12_11:23:18 poolControl poolTemp: 29.8
2026-07-12_11:23:18 poolControl inflowTemp: 30.9
2026-07-12_11:23:18 poolControl filterRuntimeToday: 108
2026-07-12_11:23:18 poolControl heatpumpEffective: 30.7
2026-07-12_11:23:18 poolControl Pool 29.8/Soll 32.0°C | Filter on (WP) | 1.8/8h
2026-07-12_11:23:31 poolControl solarIndex: 6
2026-07-12_11:24:31 poolControl filterRuntimeToday: 109
2026-07-12_11:25:10 poolControl solarIndex: 5
2026-07-12_11:25:10 poolControl filterRuntimeToday: 110
2026-07-12_11:25:29 poolControl solarIndex: 6
2026-07-12_11:25:58 poolControl filterRuntimeToday: 111
2026-07-12_11:26:58 poolControl solarIndex: 7
2026-07-12_11:26:58 poolControl filterRuntimeToday: 112
2026-07-12_11:26:58 poolControl filterRemaining: 6.1
2026-07-12_11:26:58 poolControl Pool 29.8/Soll 32.0°C | Filter on (WP) | 1.9/8h
2026-07-12_11:27:56 poolControl solarIndex: 6
2026-07-12_11:28:17 poolControl poolTemp: 29.9
2026-07-12_11:28:17 poolControl filterRuntimeToday: 113
2026-07-12_11:28:17 poolControl heatpumpEffective: 30.8
2026-07-12_11:28:17 poolControl Pool 29.9/Soll 32.0°C | Filter on (WP) | 1.9/8h
2026-07-12_11:28:50 poolControl solarIndex: 7
2026-07-12_11:29:08 poolControl filterRuntimeToday: 114
2026-07-12_11:30:39 poolControl filterRuntimeToday: 115
2026-07-12_11:31:27 poolControl filterRuntimeToday: 116
2026-07-12_11:32:19 poolControl filterRuntimeToday: 117
2026-07-12_11:33:04 poolControl filterRuntimeToday: 118
2026-07-12_11:33:04 poolControl filterRemaining: 6.0
2026-07-12_11:33:04 poolControl Pool 29.9/Soll 32.0°C | Filter on (WP) | 2.0/8h
2026-07-12_11:33:18 poolControl poolTemp: 30.0
2026-07-12_11:33:18 poolControl inflowTemp: 31.1
2026-07-12_11:33:18 poolControl heatpumpEffective: 30.9
2026-07-12_11:33:18 poolControl Pool 30.0/Soll 32.0°C | Filter on (WP) | 2.0/8h
2026-07-12_11:34:00 poolControl filterRuntimeToday: 119
2026-07-12_11:35:46 poolControl filterRuntimeToday: 120
2026-07-12_11:36:33 poolControl filterRuntimeToday: 121
2026-07-12_11:37:27 poolControl solarIndex: 6
2026-07-12_11:37:27 poolControl filterRuntimeToday: 122
2026-07-12_11:38:20 poolControl poolTemp: 30.1
2026-07-12_11:38:20 poolControl filterRuntimeToday: 123
2026-07-12_11:38:20 poolControl heatpumpEffective: 31.0
2026-07-12_11:38:20 poolControl Pool 30.1/Soll 32.0°C | Filter on (WP) | 2.0/8h
2026-07-12_11:39:10 poolControl filterRuntimeToday: 124
2026-07-12_11:39:10 poolControl filterRemaining: 5.9
2026-07-12_11:39:10 poolControl Pool 30.1/Soll 32.0°C | Filter on (WP) | 2.1/8h
2026-07-12_11:40:00 poolControl solarIndex: 7
2026-07-12_11:40:00 poolControl filterRuntimeToday: 125
2026-07-12_11:41:39 poolControl filterRuntimeToday: 126
2026-07-12_11:42:39 poolControl filterRuntimeToday: 127
2026-07-12_11:43:18 poolControl poolTemp: 30.2
2026-07-12_11:43:18 poolControl inflowTemp: 31.3
2026-07-12_11:43:18 poolControl filterRuntimeToday: 128
2026-07-12_11:43:18 poolControl heatpumpEffective: 31.1
2026-07-12_11:43:18 poolControl Pool 30.2/Soll 32.0°C | Filter on (WP) | 2.1/8h
2026-07-12_11:44:18 poolControl filterRuntimeToday: 129
2026-07-12_11:45:18 poolControl filterRuntimeToday: 130
2026-07-12_11:45:18 poolControl filterRemaining: 5.8
2026-07-12_11:45:18 poolControl Pool 30.2/Soll 32.0°C | Filter on (WP) | 2.2/8h
2026-07-12_11:45:40 poolControl solarIndex: 6
2026-07-12_11:46:40 poolControl filterRuntimeToday: 131
2026-07-12_11:47:40 poolControl filterRuntimeToday: 132
2026-07-12_11:48:03 poolControl solarIndex: 4
2026-07-12_11:48:03 poolControl filterRuntimeToday: 133
2026-07-12_11:48:19 poolControl poolTemp: 30.3
2026-07-12_11:48:19 poolControl inflowTemp: 31.4
2026-07-12_11:48:19 poolControl heatpumpEffective: 31.2
2026-07-12_11:48:19 poolControl Pool 30.3/Soll 32.0°C | Filter on (WP) | 2.2/8h
2026-07-12_11:48:52 poolControl solarIndex: 6
2026-07-12_11:49:52 poolControl filterRuntimeToday: 134
2026-07-12_11:50:41 poolControl solarIndex: 5
2026-07-12_11:50:41 poolControl filterRuntimeToday: 135
2026-07-12_11:50:41 poolControl filterRemaining: 5.7
2026-07-12_11:50:41 poolControl Pool 30.3/Soll 32.0°C | Filter on (WP) | 2.3/8h
2026-07-12_11:51:41 poolControl filterRuntimeToday: 136
2026-07-12_11:52:11 poolControl solarIndex: 4
2026-07-12_11:52:11 poolControl filterRuntimeToday: 137
2026-07-12_11:53:11 poolControl filterRuntimeToday: 138
2026-07-12_11:53:17 poolControl poolTemp: 30.4
2026-07-12_11:53:17 poolControl heatpumpEffective: 31.3
2026-07-12_11:53:17 poolControl Pool 30.4/Soll 32.0°C | Filter on (WP) | 2.3/8h
2026-07-12_11:54:20 poolControl solarIndex: 6
2026-07-12_11:54:20 poolControl filterRuntimeToday: 139
2026-07-12_11:55:04 poolControl filterRuntimeToday: 140
2026-07-12_11:55:59 poolControl filterRuntimeToday: 141
2026-07-12_11:56:50 poolControl filterRemaining: 5.6
2026-07-12_11:56:50 poolControl Pool 30.4/Soll 32.0°C | Filter on (WP) | 2.4/8h
2026-07-12_11:57:52 poolControl filterRuntimeToday: 142
2026-07-12_11:58:17 poolControl poolTemp: 30.5
2026-07-12_11:58:17 poolControl inflowTemp: 31.6
2026-07-12_11:58:17 poolControl filterRuntimeToday: 143
2026-07-12_11:58:17 poolControl heatpumpEffective: 31.4
2026-07-12_11:58:17 poolControl Pool 30.5/Soll 32.0°C | Filter on (WP) | 2.4/8h
2026-07-12_11:59:17 poolControl filterRuntimeToday: 144
2026-07-12_11:59:25 poolControl solarIndex: 5
2026-07-12_12:00:26 poolControl filterRuntimeToday: 145
2026-07-12_12:00:32 poolControl solarIndex: 6
2026-07-12_12:01:19 poolControl filterRuntimeToday: 146
2026-07-12_12:02:10 poolControl solarIndex: 5
2026-07-12_12:02:10 poolControl filterRuntimeToday: 147
2026-07-12_12:02:57 poolControl solarIndex: 6
2026-07-12_12:02:57 poolControl filterRemaining: 5.5
2026-07-12_12:02:57 poolControl Pool 30.5/Soll 32.0°C | Filter on (WP) | 2.5/8h
2026-07-12_12:03:18 poolControl poolTemp: 30.6
2026-07-12_12:03:18 poolControl inflowTemp: 31.7
2026-07-12_12:03:18 poolControl filterRuntimeToday: 148
2026-07-12_12:03:18 poolControl heatpumpEffective: 31.5
2026-07-12_12:03:18 poolControl Pool 30.6/Soll 32.0°C | Filter on (WP) | 2.5/8h
2026-07-12_12:04:44 poolControl filterRuntimeToday: 149
2026-07-12_12:05:34 poolControl filterRuntimeToday: 150
2026-07-12_12:06:22 poolControl filterRuntimeToday: 151
2026-07-12_12:07:11 poolControl filterRuntimeToday: 152
2026-07-12_12:08:11 poolControl filterRuntimeToday: 153
2026-07-12_12:08:18 poolControl poolTemp: 30.7
2026-07-12_12:08:18 poolControl inflowTemp: 31.8
2026-07-12_12:08:18 poolControl Pool 30.7/Soll 32.0°C | Filter on (WP) | 2.5/8h
2026-07-12_12:08:59 poolControl filterRuntimeToday: 154
2026-07-12_12:08:59 poolControl filterRemaining: 5.4
2026-07-12_12:08:59 poolControl Pool 30.7/Soll 32.0°C | Filter on (WP) | 2.6/8h
2026-07-12_12:10:44 poolControl filterRuntimeToday: 155
2026-07-12_12:11:28 poolControl filterRuntimeToday: 156
2026-07-12_12:12:26 poolControl solarIndex: 7
2026-07-12_12:12:26 poolControl filterRuntimeToday: 157
2026-07-12_12:13:18 poolControl poolTemp: 30.8
2026-07-12_12:13:18 poolControl inflowTemp: 31.9
2026-07-12_12:13:18 poolControl filterRuntimeToday: 158
2026-07-12_12:13:18 poolControl Pool 30.8/Soll 32.0°C | Filter on (WP) | 2.6/8h
2026-07-12_12:14:14 poolControl filterRuntimeToday: 159
2026-07-12_12:15:05 poolControl solarIndex: 6
2026-07-12_12:15:05 poolControl filterRuntimeToday: 160
2026-07-12_12:15:05 poolControl filterRemaining: 5.3
2026-07-12_12:15:05 poolControl Pool 30.8/Soll 32.0°C | Filter on (WP) | 2.7/8h
2026-07-12_12:15:49 poolControl solarIndex: 7
2026-07-12_12:16:36 poolControl solarIndex: 6
2026-07-12_12:16:36 poolControl filterRuntimeToday: 161
2026-07-12_12:17:24 poolControl filterRuntimeToday: 162
2026-07-12_12:18:03 poolControl filterRuntimeToday: 163
2026-07-12_12:18:18 poolControl poolTemp: 30.9
2026-07-12_12:18:18 poolControl Pool 30.9/Soll 32.0°C | Filter on (WP) | 2.7/8h
2026-07-12_12:19:29 poolControl filterRuntimeToday: 164
2026-07-12_12:20:20 poolControl filterRuntimeToday: 165
2026-07-12_12:20:58 poolControl filterRuntimeToday: 166
2026-07-12_12:20:58 poolControl filterRemaining: 5.2
2026-07-12_12:20:58 poolControl Pool 30.9/Soll 32.0°C | Filter on (WP) | 2.8/8h
2026-07-12_12:21:29 poolControl solarIndex: 7
2026-07-12_12:22:15 poolControl filterRuntimeToday: 167
2026-07-12_12:23:12 poolControl filterRuntimeToday: 168
2026-07-12_12:23:18 poolControl inflowTemp: 31.6
2026-07-12_12:24:27 poolControl filterRuntimeToday: 169
2026-07-12_12:25:19 poolControl filterRuntimeToday: 170
2026-07-12_12:26:10 poolControl filterRuntimeToday: 171
2026-07-12_12:27:12 poolControl filterRuntimeToday: 172
2026-07-12_12:27:12 poolControl filterRemaining: 5.1
2026-07-12_12:27:12 poolControl Pool 30.9/Soll 32.0°C | Filter on (WP) | 2.9/8h
2026-07-12_12:28:04 poolControl filterRuntimeToday: 173
2026-07-12_12:28:18 poolControl poolTemp: 31.0
2026-07-12_12:28:18 poolControl filterState: off
2026-07-12_12:28:18 poolControl filterReason: Heizbedarf, keine Quelle
2026-07-12_12:28:18 poolControl heatpumpState: off
2026-07-12_12:28:18 poolControl lastDecision: Solar heizt nicht: off (ausserhalb Solarfenster); WP aus: Pool >= WP-Sollwert (31)
2026-07-12_12:28:18 poolControl Pool 31.0/Soll 32.0°C | Filter off (Heizbedarf, keine Quelle) | 2.9/8h
2026-07-12_12:28:20 poolControl lastDecision: Solar heizt nicht: off (ausserhalb Solarfenster); WP aus: Solarindex zu niedrig (7, ein>=8/aus<=3)
2026-07-12_12:29:28 poolControl solarIndex: 8
2026-07-12_12:29:28 poolControl lastDecision: Solar heizt nicht: off (ausserhalb Solarfenster); WP aus: Pool >= WP-Sollwert (31)
2026-07-12_12:29:47 poolControl solarIndex: 7
2026-07-12_12:29:47 poolControl lastDecision: Solar heizt nicht: off (ausserhalb Solarfenster); WP aus: Solarindex zu niedrig (7, ein>=8/aus<=3)
2026-07-12_12:30:25 poolControl solarIndex: 8
2026-07-12_12:30:25 poolControl lastDecision: Solar heizt nicht: off (ausserhalb Solarfenster); WP aus: Pool >= WP-Sollwert (31)
2026-07-12_12:32:28 poolControl solarIndex: 7
2026-07-12_12:32:28 poolControl lastDecision: Solar heizt nicht: off (ausserhalb Solarfenster); WP aus: Solarindex zu niedrig (7, ein>=8/aus<=3)
2026-07-12_12:33:19 poolControl inflowTemp: 31.0
2026-07-12_12:38:18 poolControl inflowTemp: 31.1
2026-07-12_12:43:18 poolControl poolTemp: 31.1
2026-07-12_12:43:18 poolControl Pool 31.1/Soll 32.0°C | Filter off (Heizbedarf, keine Quelle) | 2.9/8h
2026-07-12_12:48:18 poolControl inflowTemp: 31.2
2026-07-12_12:58:18 poolControl poolTemp: 31.2
2026-07-12_12:58:18 poolControl inflowTemp: 31.3
2026-07-12_12:58:18 poolControl Pool 31.2/Soll 32.0°C | Filter off (Heizbedarf, keine Quelle) | 2.9/8h
2026-07-12_13:00:17 poolControl solarState: on (Anlaufversuch)
2026-07-12_13:00:17 poolControl lastDecision: Solar heizt nicht: on (Anlaufversuch); WP aus: Solarindex zu niedrig (7, ein>=8/aus<=3)
2026-07-12_13:00:19 poolControl filterReason: Solar (Anlauf)
2026-07-12_13:00:19 poolControl solarState: on (Pruefphase)
2026-07-12_13:00:19 poolControl lastDecision: Solar heizt nicht: on (Pruefphase); WP aus: Solarindex zu niedrig (7, ein>=8/aus<=3)
2026-07-12_13:00:19 poolControl Pool 31.2/Soll 32.0°C | Filter off (Solar (Anlauf)) | 2.9/8h
2026-07-12_13:03:18 poolControl poolTemp: 31.3
2026-07-12_13:03:18 poolControl inflowTemp: 30.3
2026-07-12_13:03:18 poolControl Pool 31.3/Soll 32.0°C | Filter off (Solar (Anlauf)) | 2.9/8h
2026-07-12_13:04:35 poolControl solarIndex: 8
2026-07-12_13:04:35 poolControl solarState: off (zu kalt, Auskuehlschutz)
2026-07-12_13:04:35 poolControl lastDecision: Solar heizt nicht: off (zu kalt, Auskuehlschutz); WP aus: Pool >= WP-Sollwert (31)
2026-07-12_13:04:38 poolControl filterReason: Heizbedarf, keine Quelle
2026-07-12_13:04:38 poolControl solarState: off (Wartezeit nach Auskuehlung)
2026-07-12_13:04:38 poolControl lastDecision: Solar heizt nicht: off (Wartezeit nach Auskuehlung); WP aus: Pool >= WP-Sollwert (31)
2026-07-12_13:04:38 poolControl Pool 31.3/Soll 32.0°C | Filter off (Heizbedarf, keine Quelle) | 2.9/8h
2026-07-12_13:05:05 poolControl solarIndex: 7
2026-07-12_13:05:05 poolControl lastDecision: Solar heizt nicht: off (Wartezeit nach Auskuehlung); WP aus: Solarindex zu niedrig (7, ein>=8/aus<=3)
2026-07-12_13:07:33 poolControl solarIndex: 8
2026-07-12_13:07:33 poolControl lastDecision: Solar heizt nicht: off (Wartezeit nach Auskuehlung); WP aus: Pool >= WP-Sollwert (31)
2026-07-12_13:08:17 poolControl inflowTemp: 31.4
2026-07-12_13:13:19 poolControl inflowTemp: 31.6
2026-07-12_13:18:18 poolControl poolTemp: 31.4
2026-07-12_13:18:18 poolControl inflowTemp: 31.9
2026-07-12_13:18:18 poolControl Pool 31.4/Soll 32.0°C | Filter off (Heizbedarf, keine Quelle) | 2.9/8h
2026-07-12_13:23:18 poolControl inflowTemp: 32.1
2026-07-12_13:28:18 poolControl inflowTemp: 32.4
2026-07-12_13:33:19 poolControl poolTemp: 31.5
2026-07-12_13:33:19 poolControl inflowTemp: 32.5
2026-07-12_13:33:19 poolControl Pool 31.5/Soll 32.0°C | Filter off (Heizbedarf, keine Quelle) | 2.9/8h
2026-07-12_13:35:12 poolControl solarState: on (Anlaufversuch)
2026-07-12_13:35:12 poolControl lastDecision: Solar heizt nicht: on (Anlaufversuch); WP aus: Pool >= WP-Sollwert (31)
2026-07-12_13:35:14 poolControl filterReason: Solar
2026-07-12_13:35:14 poolControl solarState: on (Pruefphase)
2026-07-12_13:35:14 poolControl solarHeating: yes
2026-07-12_13:35:14 poolControl lastDecision: WP aus: Pool >= WP-Sollwert (31)
2026-07-12_13:35:14 poolControl Pool 31.5/Soll 32.0°C | Filter off (Solar) | 2.9/8h
2026-07-12_13:38:18 poolControl poolTemp: 31.7
2026-07-12_13:38:18 poolControl inflowTemp: 32.1
2026-07-12_13:38:18 poolControl filterReason: Solar (Anlauf)
2026-07-12_13:38:18 poolControl solarHeating: no
2026-07-12_13:38:18 poolControl lastDecision: Solar heizt nicht: on (Pruefphase); WP aus: Pool >= WP-Sollwert (31)
2026-07-12_13:38:18 poolControl Pool 31.7/Soll 32.0°C | Filter off (Solar (Anlauf)) | 2.9/8h
2026-07-12_13:39:29 poolControl solarState: off (zu kalt, Auskuehlschutz)
2026-07-12_13:39:29 poolControl lastDecision: Solar heizt nicht: off (zu kalt, Auskuehlschutz); WP aus: Pool >= WP-Sollwert (31)
2026-07-12_13:39:32 poolControl filterReason: Heizbedarf, keine Quelle
2026-07-12_13:39:32 poolControl solarState: off (Wartezeit nach Auskuehlung)
2026-07-12_13:39:32 poolControl lastDecision: Solar heizt nicht: off (Wartezeit nach Auskuehlung); WP aus: Pool >= WP-Sollwert (31)
2026-07-12_13:39:32 poolControl Pool 31.7/Soll 32.0°C | Filter off (Heizbedarf, keine Quelle) | 2.9/8h
2026-07-12_13:43:18 poolControl inflowTemp: 32.4
2026-07-12_13:48:18 poolControl poolTemp: 31.6
2026-07-12_13:48:18 poolControl inflowTemp: 32.9
2026-07-12_13:48:18 poolControl Pool 31.6/Soll 32.0°C | Filter off (Heizbedarf, keine Quelle) | 2.9/8h
2026-07-12_13:48:35 poolControl solarIndex: 7
2026-07-12_13:48:35 poolControl lastDecision: Solar heizt nicht: off (Wartezeit nach Auskuehlung); WP aus: Solarindex zu niedrig (7, ein>=8/aus<=3)
2026-07-12_13:53:02 poolControl solarIndex: 6
2026-07-12_13:53:02 poolControl lastDecision: Solar heizt nicht: off (Wartezeit nach Auskuehlung); WP aus: Solarindex zu niedrig (6, ein>=8/aus<=3)
2026-07-12_13:53:19 poolControl poolTemp: 31.7
2026-07-12_13:53:19 poolControl inflowTemp: 33.1
2026-07-12_13:53:19 poolControl Pool 31.7/Soll 32.0°C | Filter off (Heizbedarf, keine Quelle) | 2.9/8h
2026-07-12_13:53:33 poolControl solarIndex: 7
2026-07-12_13:53:33 poolControl lastDecision: Solar heizt nicht: off (Wartezeit nach Auskuehlung); WP aus: Solarindex zu niedrig (7, ein>=8/aus<=3)
2026-07-12_13:58:18 poolControl poolTemp: 31.8
2026-07-12_13:58:18 poolControl inflowTemp: 33.2
2026-07-12_13:58:18 poolControl Pool 31.8/Soll 32.0°C | Filter off (Heizbedarf, keine Quelle) | 2.9/8h
2026-07-12_14:03:18 poolControl poolTemp: 31.9
2026-07-12_14:03:18 poolControl inflowTemp: 33.3
2026-07-12_14:03:18 poolControl Pool 31.9/Soll 32.0°C | Filter off (Heizbedarf, keine Quelle) | 2.9/8h
2026-07-12_14:05:20 poolControl solarIndex: 6
2026-07-12_14:05:20 poolControl lastDecision: Solar heizt nicht: off (Wartezeit nach Auskuehlung); WP aus: Solarindex zu niedrig (6, ein>=8/aus<=3)
2026-07-12_14:07:09 poolControl solarIndex: 7
2026-07-12_14:07:09 poolControl lastDecision: Solar heizt nicht: off (Wartezeit nach Auskuehlung); WP aus: Solarindex zu niedrig (7, ein>=8/aus<=3)
2026-07-12_14:08:16 poolControl solarIndex: 6
2026-07-12_14:08:16 poolControl lastDecision: Solar heizt nicht: off (Wartezeit nach Auskuehlung); WP aus: Solarindex zu niedrig (6, ein>=8/aus<=3)
2026-07-12_14:08:18 poolControl inflowTemp: 33.4
2026-07-12_14:09:47 poolControl solarState: on (Anlaufversuch)
2026-07-12_14:09:47 poolControl lastDecision: Solar heizt nicht: on (Anlaufversuch); WP aus: Solarindex zu niedrig (6, ein>=8/aus<=3)
2026-07-12_14:09:50 poolControl filterReason: Solar
2026-07-12_14:09:50 poolControl solarState: on (Pruefphase)
2026-07-12_14:09:50 poolControl solarHeating: yes
2026-07-12_14:09:50 poolControl lastDecision: WP aus: Solarindex zu niedrig (6, ein>=8/aus<=3)
2026-07-12_14:09:50 poolControl Pool 31.9/Soll 32.0°C | Filter off (Solar) | 2.9/8h
2026-07-12_14:13:18 poolControl inflowTemp: 33.1
2026-07-12_14:13:57 poolControl solarState: on (heizt)
2026-07-12_14:18:18 poolControl poolTemp: 32.0
2026-07-12_14:18:18 poolControl inflowTemp: 33.3
2026-07-12_14:18:18 poolControl heatingNeeded: no
2026-07-12_14:18:18 poolControl solarState: off (Soll erreicht)
2026-07-12_14:18:18 poolControl Pool 32.0/Soll 32.0°C | Filter off (Solar) | 2.9/8h
2026-07-12_14:18:20 poolControl filterState: on
2026-07-12_14:18:20 poolControl filterReason: Umruehren
2026-07-12_14:18:20 poolControl mixState: active
2026-07-12_14:18:20 poolControl solarState: off
2026-07-12_14:18:20 poolControl solarHeating: no
2026-07-12_14:18:20 poolControl Pool 32.0/Soll 32.0°C | Filter on (Umruehren) | 2.9/8h
2026-07-12_14:19:12 poolControl filterRuntimeToday: 174
2026-07-12_14:20:38 poolControl filterRuntimeToday: 175
2026-07-12_14:21:30 poolControl filterRuntimeToday: 176
2026-07-12_14:22:19 poolControl filterRuntimeToday: 177
2026-07-12_14:23:01 poolControl filterRuntimeToday: 178
2026-07-12_14:23:01 poolControl filterRemaining: 5.0
2026-07-12_14:23:01 poolControl Pool 32.0/Soll 32.0°C | Filter on (Umruehren) | 3.0/8h
2026-07-12_14:23:17 poolControl poolTemp: 32.1
2026-07-12_14:23:17 poolControl inflowTemp: 32.2
2026-07-12_14:23:17 poolControl Pool 32.1/Soll 32.0°C | Filter on (Umruehren) | 3.0/8h
2026-07-12_14:23:36 poolControl filterState: off
2026-07-12_14:23:36 poolControl filterReason: kein Bedarf
2026-07-12_14:23:36 poolControl mixState: idle
2026-07-12_14:23:36 poolControl Pool 32.1/Soll 32.0°C | Filter off (kein Bedarf) | 3.0/8h
2026-07-12_14:28:17 poolControl inflowTemp: 40.4
2026-07-12_14:29:42 poolControl solarIndex: 7
2026-07-12_14:29:42 poolControl lastDecision: WP aus: Solarindex zu niedrig (7, ein>=8/aus<=3)
2026-07-12_14:33:19 poolControl inflowTemp: 38.0
2026-07-12_14:38:19 poolControl poolTemp: 32.2
2026-07-12_14:38:19 poolControl inflowTemp: 36.0
2026-07-12_14:38:19 poolControl Pool 32.2/Soll 32.0°C | Filter off (kein Bedarf) | 3.0/8h
2026-07-12_14:43:17 poolControl poolTemp: 32.3
2026-07-12_14:43:17 poolControl inflowTemp: 35.4
2026-07-12_14:43:17 poolControl Pool 32.3/Soll 32.0°C | Filter off (kein Bedarf) | 3.0/8h
2026-07-12_14:43:44 poolControl solarIndex: 6
2026-07-12_14:43:44 poolControl lastDecision: WP aus: Solarindex zu niedrig (6, ein>=8/aus<=3)
2026-07-12_14:44:29 poolControl solarIndex: 7
2026-07-12_14:44:29 poolControl lastDecision: WP aus: Solarindex zu niedrig (7, ein>=8/aus<=3)
2026-07-12_14:48:17 poolControl inflowTemp: 34.9
2026-07-12_14:53:18 poolControl inflowTemp: 34.4
2026-07-12_14:58:18 poolControl inflowTemp: 34.3
2026-07-12_15:03:18 poolControl poolTemp: 32.4
2026-07-12_15:03:18 poolControl inflowTemp: 34.1
2026-07-12_15:03:18 poolControl Pool 32.4/Soll 32.0°C | Filter off (kein Bedarf) | 3.0/8h
2026-07-12_15:08:18 poolControl poolTemp: 32.5
2026-07-12_15:08:18 poolControl inflowTemp: 34.0
2026-07-12_15:08:18 poolControl Pool 32.5/Soll 32.0°C | Filter off (kein Bedarf) | 3.0/8h
2026-07-12_15:11:49 poolControl solarIndex: 6
2026-07-12_15:11:49 poolControl lastDecision: WP aus: Solarindex zu niedrig (6, ein>=8/aus<=3)
2026-07-12_15:13:18 poolControl poolTemp: 32.6
2026-07-12_15:13:18 poolControl inflowTemp: 33.9
2026-07-12_15:13:18 poolControl Pool 32.6/Soll 32.0°C | Filter off (kein Bedarf) | 3.0/8h
2026-07-12_15:13:48 poolControl solarIndex: 7
2026-07-12_15:13:48 poolControl lastDecision: WP aus: Solarindex zu niedrig (7, ein>=8/aus<=3)
2026-07-12_15:14:45 poolControl solarIndex: 6
2026-07-12_15:14:45 poolControl lastDecision: WP aus: Solarindex zu niedrig (6, ein>=8/aus<=3)
2026-07-12_15:16:39 poolControl solarIndex: 7
2026-07-12_15:16:39 poolControl lastDecision: WP aus: Solarindex zu niedrig (7, ein>=8/aus<=3)
2026-07-12_15:18:18 poolControl inflowTemp: 33.8
2026-07-12_15:19:25 poolControl solarIndex: 6
2026-07-12_15:19:25 poolControl lastDecision: WP aus: Solarindex zu niedrig (6, ein>=8/aus<=3)
2026-07-12_15:23:18 poolControl inflowTemp: 33.4
2026-07-12_15:24:18 poolControl filterState: on
2026-07-12_15:24:18 poolControl filterReason: Umruehren
2026-07-12_15:24:18 poolControl mixState: active
2026-07-12_15:24:18 poolControl Pool 32.6/Soll 32.0°C | Filter on (Umruehren) | 3.0/8h
2026-07-12_15:25:24 poolControl filterRuntimeToday: 179
2026-07-12_15:26:11 poolControl filterRuntimeToday: 180
2026-07-12_15:26:43 poolControl filterRuntimeToday: 181
2026-07-12_15:27:45 poolControl filterRuntimeToday: 182
2026-07-12_15:28:18 poolControl poolTemp: 32.5
2026-07-12_15:28:18 poolControl inflowTemp: 32.6
2026-07-12_15:28:18 poolControl Pool 32.5/Soll 32.0°C | Filter on (Umruehren) | 3.0/8h
2026-07-12_15:29:16 poolControl filterRuntimeToday: 183
2026-07-12_15:29:16 poolControl filterRemaining: 4.9
2026-07-12_15:29:16 poolControl Pool 32.5/Soll 32.0°C | Filter on (Umruehren) | 3.1/8h
2026-07-12_15:30:02 poolControl filterState: off
2026-07-12_15:30:02 poolControl filterReason: kein Bedarf
2026-07-12_15:30:02 poolControl filterRuntimeToday: 184
2026-07-12_15:30:02 poolControl mixState: idle
2026-07-12_15:30:02 poolControl Pool 32.5/Soll 32.0°C | Filter off (kein Bedarf) | 3.1/8h
2026-07-12_15:31:19 poolControl solarIndex: 5
2026-07-12_15:31:19 poolControl lastDecision: WP aus: Solarindex zu niedrig (5, ein>=8/aus<=3)
2026-07-12_15:32:56 poolControl solarIndex: 6
2026-07-12_15:32:56 poolControl lastDecision: WP aus: Solarindex zu niedrig (6, ein>=8/aus<=3)
2026-07-12_15:33:18 poolControl poolTemp: 32.6
2026-07-12_15:33:18 poolControl Pool 32.6/Soll 32.0°C | Filter off (kein Bedarf) | 3.1/8h
2026-07-12_15:33:57 poolControl solarIndex: 5
2026-07-12_15:33:57 poolControl lastDecision: WP aus: Solarindex zu niedrig (5, ein>=8/aus<=3)
2026-07-12_15:34:28 poolControl solarIndex: 6
2026-07-12_15:34:28 poolControl lastDecision: WP aus: Solarindex zu niedrig (6, ein>=8/aus<=3)
2026-07-12_15:35:38 poolControl solarIndex: 5
2026-07-12_15:35:38 poolControl lastDecision: WP aus: Solarindex zu niedrig (5, ein>=8/aus<=3)
2026-07-12_15:36:22 poolControl solarIndex: 6
2026-07-12_15:36:22 poolControl lastDecision: WP aus: Solarindex zu niedrig (6, ein>=8/aus<=3)
2026-07-12_15:37:15 poolControl solarIndex: 5
2026-07-12_15:37:15 poolControl lastDecision: WP aus: Solarindex zu niedrig (5, ein>=8/aus<=3)
2026-07-12_15:38:18 poolControl inflowTemp: 33.0
2026-07-12_15:48:17 poolControl poolTemp: 32.7
2026-07-12_15:48:17 poolControl inflowTemp: 33.1
2026-07-12_15:48:17 poolControl Pool 32.7/Soll 32.0°C | Filter off (kein Bedarf) | 3.1/8h
2026-07-12_15:48:52 poolControl solarIndex: 4
2026-07-12_15:48:52 poolControl lastDecision: WP aus: Solarindex zu niedrig (4, ein>=8/aus<=3)
2026-07-12_15:49:11 poolControl solarIndex: 3
2026-07-12_15:49:11 poolControl lastDecision: WP aus: Solarindex zu niedrig (3, ein>=8/aus<=3)
2026-07-12_15:52:27 poolControl solarIndex: 4
2026-07-12_15:52:27 poolControl lastDecision: WP aus: Solarindex zu niedrig (4, ein>=8/aus<=3)
2026-07-12_15:53:18 poolControl inflowTemp: 33.0
2026-07-12_15:58:18 poolControl poolTemp: 32.8
2026-07-12_15:58:18 poolControl Pool 32.8/Soll 32.0°C | Filter off (kein Bedarf) | 3.1/8h
2026-07-12_16:00:30 poolControl targetTemp: 33.5
2026-07-12_16:00:30 poolControl solarIndex: 5
2026-07-12_16:00:30 poolControl heatingNeeded: yes
2026-07-12_16:00:30 poolControl filterReason: Heizbedarf, keine Quelle
2026-07-12_16:00:30 poolControl solarState: on (Anlaufversuch)
2026-07-12_16:00:30 poolControl lastDecision: Solar heizt nicht: on (Anlaufversuch); WP aus: Solarindex zu niedrig (5, ein>=8/aus<=3)
2026-07-12_16:00:30 poolControl Pool 32.8/Soll 33.5°C | Filter off (Heizbedarf, keine Quelle) | 3.1/8h
2026-07-12_16:00:33 poolControl filterReason: Solar (Anlauf)
2026-07-12_16:00:33 poolControl solarState: on (Pruefphase)
2026-07-12_16:00:33 poolControl lastDecision: Solar heizt nicht: on (Pruefphase); WP aus: Solarindex zu niedrig (5, ein>=8/aus<=3)
2026-07-12_16:00:33 poolControl Pool 32.8/Soll 33.5°C | Filter off (Solar (Anlauf)) | 3.1/8h
2026-07-12_16:01:49 poolControl solarIndex: 4
2026-07-12_16:01:49 poolControl lastDecision: Solar heizt nicht: on (Pruefphase); WP aus: Solarindex zu niedrig (4, ein>=8/aus<=3)
2026-07-12_16:02:26 poolControl solarIndex: 5
2026-07-12_16:02:26 poolControl lastDecision: Solar heizt nicht: on (Pruefphase); WP aus: Solarindex zu niedrig (5, ein>=8/aus<=3)
2026-07-12_16:03:18 poolControl inflowTemp: 51.5
2026-07-12_16:03:18 poolControl filterReason: Solar
2026-07-12_16:03:18 poolControl solarHeating: yes
2026-07-12_16:03:18 poolControl lastDecision: WP aus: Solarindex zu niedrig (5, ein>=8/aus<=3)
2026-07-12_16:03:18 poolControl Pool 32.8/Soll 33.5°C | Filter off (Solar) | 3.1/8h
2026-07-12_16:05:17 poolControl solarState: on (heizt)
2026-07-12_16:05:30 poolControl solarIndex: 4
2026-07-12_16:05:30 poolControl lastDecision: WP aus: Solarindex zu niedrig (4, ein>=8/aus<=3)
2026-07-12_16:08:17 poolControl poolTemp: 32.9
2026-07-12_16:08:17 poolControl inflowTemp: 51.4
2026-07-12_16:08:17 poolControl Pool 32.9/Soll 33.5°C | Filter off (Solar) | 3.1/8h
2026-07-12_16:13:19 poolControl inflowTemp: 41.3
2026-07-12_16:18:17 poolControl inflowTemp: 37.4
2026-07-12_16:19:22 poolControl solarIndex: 3
2026-07-12_16:19:22 poolControl lastDecision: WP aus: Solarindex zu niedrig (3, ein>=8/aus<=3)
2026-07-12_16:21:35 poolControl solarIndex: 4
2026-07-12_16:21:35 poolControl lastDecision: WP aus: Solarindex zu niedrig (4, ein>=8/aus<=3)
2026-07-12_16:23:18 poolControl inflowTemp: 36.1
2026-07-12_16:23:33 poolControl solarIndex: 3
2026-07-12_16:23:33 poolControl lastDecision: WP aus: Solarindex zu niedrig (3, ein>=8/aus<=3)
2026-07-12_16:24:53 poolControl solarIndex: 4
2026-07-12_16:24:53 poolControl lastDecision: WP aus: Solarindex zu niedrig (4, ein>=8/aus<=3)
2026-07-12_16:25:51 poolControl solarIndex: 3
2026-07-12_16:25:51 poolControl lastDecision: WP aus: Solarindex zu niedrig (3, ein>=8/aus<=3)
2026-07-12_16:28:17 poolControl inflowTemp: 35.0
2026-07-12_16:29:17 poolControl solarIndex: 4
2026-07-12_16:29:17 poolControl lastDecision: WP aus: Solarindex zu niedrig (4, ein>=8/aus<=3)
2026-07-12_16:31:38 poolControl solarIndex: 6
2026-07-12_16:31:38 poolControl lastDecision: WP aus: Solarindex zu niedrig (6, ein>=8/aus<=3)
2026-07-12_16:33:18 poolControl inflowTemp: 34.4
2026-07-12_16:34:32 poolControl solarIndex: 7
2026-07-12_16:34:32 poolControl lastDecision: WP aus: Solarindex zu niedrig (7, ein>=8/aus<=3)
2026-07-12_16:38:18 poolControl poolTemp: 33.1
2026-07-12_16:38:18 poolControl inflowTemp: 34.1
2026-07-12_16:38:18 poolControl Pool 33.1/Soll 33.5°C | Filter off (Solar) | 3.1/8h
2026-07-12_16:38:38 poolControl solarIndex: 6
2026-07-12_16:38:38 poolControl lastDecision: WP aus: Solarindex zu niedrig (6, ein>=8/aus<=3)
2026-07-12_16:43:18 poolControl poolTemp: 33.2
2026-07-12_16:43:18 poolControl inflowTemp: 33.9
2026-07-12_16:43:18 poolControl Pool 33.2/Soll 33.5°C | Filter off (Solar) | 3.1/8h
2026-07-12_16:45:01 poolControl solarIndex: 5
2026-07-12_16:45:01 poolControl lastDecision: WP aus: Solarindex zu niedrig (5, ein>=8/aus<=3)
2026-07-12_16:46:09 poolControl solarIndex: 6
2026-07-12_16:46:09 poolControl lastDecision: WP aus: Solarindex zu niedrig (6, ein>=8/aus<=3)
2026-07-12_16:48:19 poolControl poolTemp: 33.1
2026-07-12_16:48:19 poolControl inflowTemp: 33.8
2026-07-12_16:48:19 poolControl Pool 33.1/Soll 33.5°C | Filter off (Solar) | 3.1/8h
2026-07-12_16:53:18 poolControl poolTemp: 33.2
2026-07-12_16:53:18 poolControl Pool 33.2/Soll 33.5°C | Filter off (Solar) | 3.1/8h
2026-07-12_16:53:22 poolControl solarIndex: 5
2026-07-12_16:53:22 poolControl lastDecision: WP aus: Solarindex zu niedrig (5, ein>=8/aus<=3)
2026-07-12_16:58:20 poolControl poolTemp: 33.3
2026-07-12_16:58:20 poolControl Pool 33.3/Soll 33.5°C | Filter off (Solar) | 3.1/8h
2026-07-12_17:03:18 poolControl inflowTemp: 33.9
2026-07-12_17:08:17 poolControl inflowTemp: 34.1
2026-07-12_17:08:46 poolControl solarIndex: 4
2026-07-12_17:08:46 poolControl lastDecision: WP aus: Solarindex zu niedrig (4, ein>=8/aus<=3)
2026-07-12_17:13:19 poolControl poolTemp: 33.4
2026-07-12_17:13:19 poolControl inflowTemp: 34.2
2026-07-12_17:13:19 poolControl Pool 33.4/Soll 33.5°C | Filter off (Solar) | 3.1/8h
2026-07-12_17:18:18 poolControl inflowTemp: 34.3
2026-07-12_17:23:18 poolControl inflowTemp: 34.5
2026-07-12_17:28:19 poolControl poolTemp: 33.6
2026-07-12_17:28:19 poolControl inflowTemp: 34.6
2026-07-12_17:28:19 poolControl heatingNeeded: no
2026-07-12_17:28:19 poolControl solarState: off (Soll erreicht)
2026-07-12_17:28:19 poolControl Pool 33.6/Soll 33.5°C | Filter off (Solar) | 3.1/8h
2026-07-12_17:28:21 poolControl filterState: on
2026-07-12_17:28:21 poolControl filterReason: Umruehren
2026-07-12_17:28:21 poolControl mixState: active
2026-07-12_17:28:21 poolControl solarState: off
2026-07-12_17:28:21 poolControl solarHeating: no
2026-07-12_17:28:21 poolControl Pool 33.6/Soll 33.5°C | Filter on (Umruehren) | 3.1/8h
2026-07-12_17:29:31 poolControl filterRuntimeToday: 185
2026-07-12_17:30:31 poolControl filterRuntimeToday: 186
2026-07-12_17:31:19 poolControl filterRuntimeToday: 187
2026-07-12_17:32:35 poolControl filterRuntimeToday: 188
2026-07-12_17:33:18 poolControl poolTemp: 33.9
2026-07-12_17:33:18 poolControl inflowTemp: 34.1
2026-07-12_17:33:18 poolControl filterRuntimeToday: 189
2026-07-12_17:33:18 poolControl Pool 33.9/Soll 33.5°C | Filter on (Umruehren) | 3.1/8h
2026-07-12_17:33:43 poolControl filterState: off
2026-07-12_17:33:43 poolControl filterReason: kein Bedarf
2026-07-12_17:33:43 poolControl filterRemaining: 4.8
2026-07-12_17:33:43 poolControl mixState: idle
2026-07-12_17:33:43 poolControl Pool 33.9/Soll 33.5°C | Filter off (kein Bedarf) | 3.2/8h
2026-07-12_17:37:27 poolControl solarIndex: 5
2026-07-12_17:37:27 poolControl lastDecision: WP aus: Solarindex zu niedrig (5, ein>=8/aus<=3)
2026-07-12_17:38:18 poolControl poolTemp: 33.8
2026-07-12_17:38:18 poolControl inflowTemp: 37.6
2026-07-12_17:38:18 poolControl Pool 33.8/Soll 33.5°C | Filter off (kein Bedarf) | 3.2/8h
2026-07-12_17:43:08 poolControl solarIndex: 4
2026-07-12_17:43:08 poolControl lastDecision: WP aus: Solarindex zu niedrig (4, ein>=8/aus<=3)
2026-07-12_17:43:18 poolControl inflowTemp: 36.9
2026-07-12_17:46:16 poolControl solarIndex: 5
2026-07-12_17:46:16 poolControl lastDecision: WP aus: Solarindex zu niedrig (5, ein>=8/aus<=3)
2026-07-12_17:48:18 poolControl poolTemp: 33.9
2026-07-12_17:48:18 poolControl inflowTemp: 35.8
2026-07-12_17:48:18 poolControl Pool 33.9/Soll 33.5°C | Filter off (kein Bedarf) | 3.2/8h
2026-07-12_17:53:17 poolControl inflowTemp: 35.1
2026-07-12_17:55:54 poolControl solarIndex: 4
2026-07-12_17:55:54 poolControl lastDecision: WP aus: Solarindex zu niedrig (4, ein>=8/aus<=3)
2026-07-12_17:58:17 poolControl inflowTemp: 34.5
2026-07-12_17:58:42 poolControl solarIndex: 5
2026-07-12_17:58:42 poolControl lastDecision: WP aus: Solarindex zu niedrig (5, ein>=8/aus<=3)
2026-07-12_18:02:17 poolControl solarIndex: 4
2026-07-12_18:02:17 poolControl lastDecision: WP aus: Solarindex zu niedrig (4, ein>=8/aus<=3)
2026-07-12_18:03:17 poolControl inflowTemp: 34.3
2026-07-12_18:23:18 poolControl poolTemp: 34.0
2026-07-12_18:23:18 poolControl Pool 34.0/Soll 33.5°C | Filter off (kein Bedarf) | 3.2/8h
2026-07-12_18:28:18 poolControl inflowTemp: 34.2
2026-07-12_18:34:18 poolControl filterState: on
2026-07-12_18:34:18 poolControl filterReason: Umruehren
2026-07-12_18:34:18 poolControl mixState: active
2026-07-12_18:34:18 poolControl Pool 34.0/Soll 33.5°C | Filter on (Umruehren) | 3.2/8h
2026-07-12_18:35:20 poolControl filterRuntimeToday: 190
2026-07-12_18:36:20 poolControl solarIndex: 2
2026-07-12_18:36:20 poolControl filterRuntimeToday: 191
2026-07-12_18:36:20 poolControl lastDecision: WP aus: Solarindex zu niedrig (2, ein>=8/aus<=3)
2026-07-12_18:37:20 poolControl filterRuntimeToday: 192
2026-07-12_18:38:18 poolControl poolTemp: 33.8
2026-07-12_18:38:18 poolControl inflowTemp: 33.8
2026-07-12_18:38:18 poolControl filterRuntimeToday: 193
2026-07-12_18:38:18 poolControl Pool 33.8/Soll 33.5°C | Filter on (Umruehren) | 3.2/8h
2026-07-12_18:38:48 poolControl filterRuntimeToday: 194
2026-07-12_18:39:48 poolControl filterState: off
2026-07-12_18:39:48 poolControl filterReason: kein Bedarf
2026-07-12_18:39:48 poolControl filterRuntimeToday: 195
2026-07-12_18:39:48 poolControl mixState: idle
2026-07-12_18:39:48 poolControl Pool 33.8/Soll 33.5°C | Filter off (kein Bedarf) | 3.2/8h
2026-07-12_18:48:18 poolControl inflowTemp: 33.9
2026-07-12_18:58:18 poolControl inflowTemp: 33.8
2026-07-12_18:58:28 poolControl solarIndex: 3
2026-07-12_18:58:28 poolControl lastDecision: WP aus: Solarindex zu niedrig (3, ein>=8/aus<=3)
2026-07-12_19:00:45 poolControl lastDecision: WP aus: ausserhalb Zeitfenster
2026-07-12_19:02:17 poolControl solarIndex: 2
2026-07-12_19:03:18 poolControl poolTemp: 33.7
2026-07-12_19:03:18 poolControl Pool 33.7/Soll 33.5°C | Filter off (kein Bedarf) | 3.2/8h
2026-07-12_19:06:19 poolControl solarIndex: 3
2026-07-12_19:18:18 poolControl poolTemp: 33.6
2026-07-12_19:18:18 poolControl Pool 33.6/Soll 33.5°C | Filter off (kein Bedarf) | 3.2/8h
2026-07-12_19:38:21 poolControl inflowTemp: 33.7
2026-07-12_19:40:21 poolControl filterState: on
2026-07-12_19:40:21 poolControl filterReason: Umruehren
2026-07-12_19:40:21 poolControl mixState: active
2026-07-12_19:40:21 poolControl Pool 33.6/Soll 33.5°C | Filter on (Umruehren) | 3.2/8h
2026-07-12_19:41:25 poolControl filterRuntimeToday: 196
2026-07-12_19:41:25 poolControl filterRemaining: 4.7
2026-07-12_19:41:25 poolControl Pool 33.6/Soll 33.5°C | Filter on (Umruehren) | 3.3/8h
2026-07-12_19:42:43 poolControl filterRuntimeToday: 197
2026-07-12_19:43:19 poolControl poolTemp: 33.5
2026-07-12_19:43:19 poolControl inflowTemp: 33.5
2026-07-12_19:43:19 poolControl filterRuntimeToday: 198
2026-07-12_19:43:19 poolControl Pool 33.5/Soll 33.5°C | Filter on (Umruehren) | 3.3/8h
2026-07-12_19:44:19 poolControl filterRuntimeToday: 199
2026-07-12_19:45:27 poolControl filterState: off
2026-07-12_19:45:27 poolControl filterReason: kein Bedarf
2026-07-12_19:45:27 poolControl filterRuntimeToday: 200
2026-07-12_19:45:27 poolControl mixState: idle
2026-07-12_19:45:27 poolControl Pool 33.5/Soll 33.5°C | Filter off (kein Bedarf) | 3.3/8h
2026-07-12_19:48:19 poolControl poolTemp: 33.4
2026-07-12_19:48:19 poolControl inflowTemp: 33.4
2026-07-12_19:48:19 poolControl heatingNeeded: yes
2026-07-12_19:48:19 poolControl filterReason: Heizbedarf, keine Quelle
2026-07-12_19:48:19 poolControl solarState: on (Anlaufversuch)
2026-07-12_19:48:19 poolControl lastDecision: Solar heizt nicht: on (Anlaufversuch); WP aus: ausserhalb Zeitfenster
2026-07-12_19:48:19 poolControl Pool 33.4/Soll 33.5°C | Filter off (Heizbedarf, keine Quelle) | 3.3/8h
2026-07-12_19:48:21 poolControl filterReason: Solar (Anlauf)
2026-07-12_19:48:21 poolControl solarState: on (Pruefphase)
2026-07-12_19:48:21 poolControl lastDecision: Solar heizt nicht: on (Pruefphase); WP aus: ausserhalb Zeitfenster
2026-07-12_19:48:21 poolControl Pool 33.4/Soll 33.5°C | Filter off (Solar (Anlauf)) | 3.3/8h
2026-07-12_19:52:32 poolControl solarIndex: 2
2026-07-12_19:52:32 poolControl solarState: off (zu kalt, Auskuehlschutz)
2026-07-12_19:52:32 poolControl lastDecision: Solar heizt nicht: off (zu kalt, Auskuehlschutz); WP aus: ausserhalb Zeitfenster
2026-07-12_19:52:34 poolControl filterReason: Heizbedarf, keine Quelle
2026-07-12_19:52:34 poolControl solarState: off (Wartezeit nach Auskuehlung)
2026-07-12_19:52:34 poolControl lastDecision: Solar heizt nicht: off (Wartezeit nach Auskuehlung); WP aus: ausserhalb Zeitfenster
2026-07-12_19:52:34 poolControl Pool 33.4/Soll 33.5°C | Filter off (Heizbedarf, keine Quelle) | 3.3/8h
2026-07-12_19:53:18 poolControl inflowTemp: 44.1
2026-07-12_19:54:32 poolControl solarIndex: 3
2026-07-12_19:58:19 poolControl inflowTemp: 38.8
2026-07-12_20:02:40 poolControl solarIndex: 2
2026-07-12_20:03:18 poolControl inflowTemp: 36.1
2026-07-12_20:07:58 poolControl solarIndex: 3
2026-07-12_20:08:18 poolControl inflowTemp: 34.9
2026-07-12_20:10:18 poolControl solarIndex: 2
2026-07-12_20:13:19 poolControl poolTemp: 33.3
2026-07-12_20:13:19 poolControl inflowTemp: 34.1
2026-07-12_20:13:19 poolControl Pool 33.3/Soll 33.5°C | Filter off (Heizbedarf, keine Quelle) | 3.3/8h
2026-07-12_20:16:49 poolControl solarIndex: 3
2026-07-12_20:18:19 poolControl inflowTemp: 33.7
2026-07-12_20:22:47 poolControl solarState: on (Anlaufversuch)
2026-07-12_20:22:47 poolControl lastDecision: Solar heizt nicht: on (Anlaufversuch); WP aus: ausserhalb Zeitfenster
2026-07-12_20:22:50 poolControl filterReason: Solar (Anlauf)
2026-07-12_20:22:50 poolControl solarState: on (Pruefphase)
2026-07-12_20:22:50 poolControl lastDecision: Solar heizt nicht: on (Pruefphase); WP aus: ausserhalb Zeitfenster
2026-07-12_20:22:50 poolControl Pool 33.3/Soll 33.5°C | Filter off (Solar (Anlauf)) | 3.3/8h
2026-07-12_20:23:18 poolControl inflowTemp: 33.3
2026-07-12_20:27:45 poolControl solarState: off (zu kalt, Auskuehlschutz)
2026-07-12_20:27:45 poolControl lastDecision: Solar heizt nicht: off (zu kalt, Auskuehlschutz); WP aus: ausserhalb Zeitfenster
2026-07-12_20:27:47 poolControl filterReason: Heizbedarf, keine Quelle
2026-07-12_20:27:47 poolControl solarState: off (Wartezeit nach Auskuehlung)
2026-07-12_20:27:47 poolControl lastDecision: Solar heizt nicht: off (Wartezeit nach Auskuehlung); WP aus: ausserhalb Zeitfenster
2026-07-12_20:27:47 poolControl Pool 33.3/Soll 33.5°C | Filter off (Heizbedarf, keine Quelle) | 3.3/8h
2026-07-12_20:28:19 poolControl inflowTemp: 40.1
2026-07-12_20:30:06 poolControl solarState: off (ausserhalb Solarfenster)
2026-07-12_20:30:06 poolControl lastDecision: Solar heizt nicht: off (ausserhalb Solarfenster); WP aus: ausserhalb Zeitfenster
2026-07-12_20:33:19 poolControl inflowTemp: 37.3
2026-07-12_20:38:18 poolControl inflowTemp: 35.3
2026-07-12_20:43:19 poolControl poolTemp: 33.2
2026-07-12_20:43:19 poolControl inflowTemp: 34.3
2026-07-12_20:43:19 poolControl Pool 33.2/Soll 33.5°C | Filter off (Heizbedarf, keine Quelle) | 3.3/8h
2026-07-12_20:48:18 poolControl inflowTemp: 33.7
2026-07-12_20:53:17 poolControl poolTemp: 33.1
2026-07-12_20:53:17 poolControl inflowTemp: 33.4
2026-07-12_20:53:17 poolControl Pool 33.1/Soll 33.5°C | Filter off (Heizbedarf, keine Quelle) | 3.3/8h
2026-07-12_20:58:17 poolControl inflowTemp: 33.3
2026-07-12_21:03:18 poolControl inflowTemp: 33.1
2026-07-12_21:03:36 poolControl solarIndex: 2
2026-07-12_21:08:18 poolControl poolTemp: 33.0
2026-07-12_21:08:18 poolControl Pool 33.0/Soll 33.5°C | Filter off (Heizbedarf, keine Quelle) | 3.3/8h
2026-07-12_21:13:18 poolControl inflowTemp: 33.0
2026-07-12_21:18:17 poolControl poolTemp: 32.9
2026-07-12_21:18:17 poolControl Pool 32.9/Soll 33.5°C | Filter off (Heizbedarf, keine Quelle) | 3.3/8h
2026-07-12_21:23:18 poolControl inflowTemp: 32.9
2026-07-12_21:25:28 poolControl solarIndex: 0
2026-07-12_21:38:18 poolControl inflowTemp: 32.8
2026-07-12_21:43:18 poolControl poolTemp: 32.8
2026-07-12_21:43:18 poolControl Pool 32.8/Soll 33.5°C | Filter off (Heizbedarf, keine Quelle) | 3.3/8h
2026-07-12_21:58:18 poolControl poolTemp: 32.7
2026-07-12_21:58:18 poolControl inflowTemp: 32.7
2026-07-12_21:58:18 poolControl Pool 32.7/Soll 33.5°C | Filter off (Heizbedarf, keine Quelle) | 3.3/8h
2026-07-12_22:00:02 poolControl filterState: on
2026-07-12_22:00:02 poolControl filterReason: Nachtfilterung
2026-07-12_22:00:02 poolControl Pool 32.7/Soll 33.5°C | Filter on (Nachtfilterung) | 3.3/8h
2026-07-12_22:01:19 poolControl filterRuntimeToday: 201
2026-07-12_22:01:19 poolControl filterRemaining: 4.6
2026-07-12_22:01:19 poolControl Pool 32.7/Soll 33.5°C | Filter on (Nachtfilterung) | 3.4/8h
2026-07-12_22:02:40 poolControl filterRuntimeToday: 202
2026-07-12_22:03:18 poolControl poolTemp: 32.6
2026-07-12_22:03:18 poolControl inflowTemp: 32.6
2026-07-12_22:03:18 poolControl filterRuntimeToday: 203
2026-07-12_22:03:18 poolControl Pool 32.6/Soll 33.5°C | Filter on (Nachtfilterung) | 3.4/8h
2026-07-12_22:03:48 poolControl filterRuntimeToday: 204
2026-07-12_22:05:07 poolControl filterRuntimeToday: 205
2026-07-12_22:06:44 poolControl filterRuntimeToday: 206
2026-07-12_22:07:19 poolControl filterRuntimeToday: 207
2026-07-12_22:07:19 poolControl filterRemaining: 4.5
2026-07-12_22:07:19 poolControl Pool 32.6/Soll 33.5°C | Filter on (Nachtfilterung) | 3.5/8h
2026-07-12_22:08:18 poolControl filterRuntimeToday: 208
2026-07-12_22:09:09 poolControl filterRuntimeToday: 209
2026-07-12_22:09:29 poolControl solarIndex: -2
2026-07-12_22:09:50 poolControl filterRuntimeToday: 210
2026-07-12_22:11:04 poolControl filterRuntimeToday: 211
2026-07-12_22:11:56 poolControl solarIndex: -3
2026-07-12_22:11:56 poolControl filterRuntimeToday: 212
2026-07-12_22:12:55 poolControl solarIndex: -2
2026-07-12_22:12:55 poolControl filterRuntimeToday: 213
2026-07-12_22:13:17 poolControl solarIndex: -3
2026-07-12_22:13:17 poolControl filterRemaining: 4.4
2026-07-12_22:13:17 poolControl Pool 32.6/Soll 33.5°C | Filter on (Nachtfilterung) | 3.6/8h
2026-07-12_22:13:55 poolControl solarIndex: -2
2026-07-12_22:13:55 poolControl filterRuntimeToday: 214
2026-07-12_22:14:19 poolControl solarIndex: -3
2026-07-12_22:14:51 poolControl solarIndex: -1
2026-07-12_22:14:51 poolControl filterRuntimeToday: 215
2026-07-12_22:15:16 poolControl solarIndex: 0
2026-07-12_22:16:06 poolControl filterRuntimeToday: 216
2026-07-12_22:17:07 poolControl filterRuntimeToday: 217
2026-07-12_22:17:57 poolControl filterRuntimeToday: 218
2026-07-12_22:18:18 poolControl poolTemp: 32.5
2026-07-12_22:18:18 poolControl inflowTemp: 32.5
2026-07-12_22:18:18 poolControl Pool 32.5/Soll 33.5°C | Filter on (Nachtfilterung) | 3.6/8h
2026-07-12_22:18:52 poolControl filterRuntimeToday: 219
2026-07-12_22:19:29 poolControl filterRemaining: 4.3
2026-07-12_22:19:29 poolControl Pool 32.5/Soll 33.5°C | Filter on (Nachtfilterung) | 3.7/8h
2026-07-12_22:20:20 poolControl solarIndex: -2
2026-07-12_22:20:20 poolControl filterRuntimeToday: 220
2026-07-12_22:20:56 poolControl filterRuntimeToday: 221
2026-07-12_22:21:52 poolControl filterRuntimeToday: 222
2026-07-12_22:22:12 poolControl solarIndex: -3
2026-07-12_22:22:55 poolControl solarIndex: -2
2026-07-12_22:22:55 poolControl filterRuntimeToday: 223
2026-07-12_22:23:19 poolControl poolTemp: 32.4
2026-07-12_22:23:19 poolControl inflowTemp: 32.4
2026-07-12_22:23:19 poolControl Pool 32.4/Soll 33.5°C | Filter on (Nachtfilterung) | 3.7/8h
2026-07-12_22:24:46 poolControl filterRuntimeToday: 224
2026-07-12_22:24:59 poolControl filterRuntimeToday: 225
2026-07-12_22:26:05 poolControl filterRuntimeToday: 226
2026-07-12_22:26:05 poolControl filterRemaining: 4.2
2026-07-12_22:26:05 poolControl Pool 32.4/Soll 33.5°C | Filter on (Nachtfilterung) | 3.8/8h
2026-07-12_22:26:49 poolControl solarIndex: 0
2026-07-12_22:26:49 poolControl filterRuntimeToday: 227
2026-07-12_22:27:49 poolControl filterRuntimeToday: 228
2026-07-12_22:29:36 poolControl filterRuntimeToday: 229
2026-07-12_22:29:58 poolControl filterRuntimeToday: 230
2026-07-12_22:31:27 poolControl filterRuntimeToday: 231
2026-07-12_22:31:27 poolControl filterRemaining: 4.1
2026-07-12_22:31:27 poolControl Pool 32.4/Soll 33.5°C | Filter on (Nachtfilterung) | 3.9/8h
2026-07-12_22:32:40 poolControl filterRuntimeToday: 232
2026-07-12_22:33:18 poolControl filterRuntimeToday: 233
2026-07-12_22:33:56 poolControl filterRuntimeToday: 234
2026-07-12_22:34:57 poolControl filterRuntimeToday: 235
2026-07-12_22:36:19 poolControl filterRuntimeToday: 236
2026-07-12_22:36:58 poolControl filterRuntimeToday: 237
2026-07-12_22:37:21 poolControl filterRemaining: 4.0
2026-07-12_22:37:21 poolControl Pool 32.4/Soll 33.5°C | Filter on (Nachtfilterung) | 4.0/8h
2026-07-12_22:38:18 poolControl filterRuntimeToday: 238
2026-07-12_22:39:01 poolControl filterRuntimeToday: 239
2026-07-12_22:40:01 poolControl filterRuntimeToday: 240
2026-07-12_22:40:23 poolControl solarIndex: -1
2026-07-12_22:40:43 poolControl solarIndex: 0
2026-07-12_22:41:43 poolControl filterRuntimeToday: 241
2026-07-12_22:42:05 poolControl filterRuntimeToday: 242
2026-07-12_22:43:05 poolControl filterRuntimeToday: 243
2026-07-12_22:43:18 poolControl poolTemp: 32.3
2026-07-12_22:43:18 poolControl inflowTemp: 32.3
2026-07-12_22:43:18 poolControl filterRemaining: 3.9
2026-07-12_22:43:18 poolControl Pool 32.3/Soll 33.5°C | Filter on (Nachtfilterung) | 4.1/8h
2026-07-12_22:43:25 poolControl solarIndex: -2
2026-07-12_22:44:12 poolControl filterRuntimeToday: 244
2026-07-12_22:45:17 poolControl filterRuntimeToday: 245
2026-07-12_22:46:25 poolControl filterRuntimeToday: 246
2026-07-12_22:47:10 poolControl filterRuntimeToday: 247
2026-07-12_22:48:18 poolControl filterRuntimeToday: 248
2026-07-12_22:48:52 poolControl filterRuntimeToday: 249
2026-07-12_22:49:32 poolControl filterRemaining: 3.8
2026-07-12_22:49:32 poolControl Pool 32.3/Soll 33.5°C | Filter on (Nachtfilterung) | 4.2/8h
2026-07-12_22:50:21 poolControl filterRuntimeToday: 250
2026-07-12_22:51:37 poolControl solarIndex: 0
2026-07-12_22:51:37 poolControl filterRuntimeToday: 251
2026-07-12_22:51:55 poolControl filterRuntimeToday: 252
2026-07-12_22:52:55 poolControl filterRuntimeToday: 253
2026-07-12_22:54:19 poolControl filterRuntimeToday: 254
2026-07-12_22:55:43 poolControl filterRuntimeToday: 255
2026-07-12_22:55:43 poolControl filterRemaining: 3.7
2026-07-12_22:55:43 poolControl Pool 32.3/Soll 33.5°C | Filter on (Nachtfilterung) | 4.3/8h
2026-07-12_22:56:19 poolControl filterRuntimeToday: 256
2026-07-12_22:56:48 poolControl solarIndex: -1
2026-07-12_22:56:48 poolControl filterRuntimeToday: 257
2026-07-12_22:57:48 poolControl filterRuntimeToday: 258
2026-07-12_22:57:52 poolControl solarIndex: 0
2026-07-12_22:58:18 poolControl poolTemp: 32.2
2026-07-12_22:58:18 poolControl inflowTemp: 32.2
2026-07-12_22:58:18 poolControl Pool 32.2/Soll 33.5°C | Filter on (Nachtfilterung) | 4.3/8h
2026-07-12_22:59:18 poolControl filterRuntimeToday: 259
2026-07-12_23:00:12 poolControl filterRuntimeToday: 260
2026-07-12_23:01:12 poolControl filterRuntimeToday: 261
2026-07-12_23:01:22 poolControl filterRemaining: 3.6
2026-07-12_23:01:22 poolControl Pool 32.2/Soll 33.5°C | Filter on (Nachtfilterung) | 4.4/8h
2026-07-12_23:02:03 poolControl filterRuntimeToday: 262
2026-07-12_23:03:03 poolControl filterRuntimeToday: 263
2026-07-12_23:04:17 poolControl filterRuntimeToday: 264
2026-07-12_23:05:17 poolControl filterRuntimeToday: 265
2026-07-12_23:06:32 poolControl solarIndex: -1
2026-07-12_23:06:32 poolControl filterRuntimeToday: 266
2026-07-12_23:06:53 poolControl filterRuntimeToday: 267
2026-07-12_23:07:53 poolControl filterRuntimeToday: 268
2026-07-12_23:07:53 poolControl filterRemaining: 3.5
2026-07-12_23:07:53 poolControl Pool 32.2/Soll 33.5°C | Filter on (Nachtfilterung) | 4.5/8h
2026-07-12_23:08:18 poolControl poolTemp: 32.1
2026-07-12_23:08:18 poolControl inflowTemp: 32.1
2026-07-12_23:08:18 poolControl Pool 32.1/Soll 33.5°C | Filter on (Nachtfilterung) | 4.5/8h
2026-07-12_23:08:30 poolControl solarIndex: 0
2026-07-12_23:08:51 poolControl filterRuntimeToday: 269
2026-07-12_23:09:29 poolControl solarIndex: -1
2026-07-12_23:10:29 poolControl filterRuntimeToday: 270
2026-07-12_23:11:21 poolControl solarIndex: 0
2026-07-12_23:11:21 poolControl filterRuntimeToday: 271
2026-07-12_23:12:43 poolControl filterRuntimeToday: 272
2026-07-12_23:13:04 poolControl filterRuntimeToday: 273
2026-07-12_23:13:17 poolControl filterRemaining: 3.4
2026-07-12_23:13:17 poolControl Pool 32.1/Soll 33.5°C | Filter on (Nachtfilterung) | 4.6/8h
2026-07-12_23:14:17 poolControl filterRuntimeToday: 274
2026-07-12_23:15:10 poolControl filterRuntimeToday: 275
2026-07-12_23:16:10 poolControl filterRuntimeToday: 276
2026-07-12_23:16:57 poolControl filterRuntimeToday: 277
2026-07-12_23:17:57 poolControl filterRuntimeToday: 278
2026-07-12_23:18:52 poolControl filterRuntimeToday: 279
2026-07-12_23:19:52 poolControl filterRuntimeToday: 280
2026-07-12_23:19:52 poolControl filterRemaining: 3.3
2026-07-12_23:19:52 poolControl Pool 32.1/Soll 33.5°C | Filter on (Nachtfilterung) | 4.7/8h
2026-07-12_23:21:25 poolControl filterRuntimeToday: 281
2026-07-12_23:22:19 poolControl filterRuntimeToday: 282
2026-07-12_23:23:18 poolControl filterRuntimeToday: 283
2026-07-12_23:24:10 poolControl filterRuntimeToday: 284
2026-07-12_23:25:27 poolControl filterRuntimeToday: 285
2026-07-12_23:25:27 poolControl filterRemaining: 3.2
2026-07-12_23:25:27 poolControl Pool 32.1/Soll 33.5°C | Filter on (Nachtfilterung) | 4.8/8h
2026-07-12_23:25:59 poolControl filterRuntimeToday: 286
2026-07-12_23:26:59 poolControl filterRuntimeToday: 287
2026-07-12_23:27:59 poolControl filterRuntimeToday: 288
2026-07-12_23:28:18 poolControl poolTemp: 32.0
2026-07-12_23:28:18 poolControl inflowTemp: 32.0
2026-07-12_23:28:18 poolControl Pool 32.0/Soll 33.5°C | Filter on (Nachtfilterung) | 4.8/8h
2026-07-12_23:28:51 poolControl filterRuntimeToday: 289
2026-07-12_23:30:00 poolControl filterRuntimeToday: 290
2026-07-12_23:31:00 poolControl filterRuntimeToday: 291
2026-07-12_23:32:00 poolControl filterRuntimeToday: 292
2026-07-12_23:32:00 poolControl filterRemaining: 3.1
2026-07-12_23:32:00 poolControl Pool 32.0/Soll 33.5°C | Filter on (Nachtfilterung) | 4.9/8h
2026-07-12_23:32:54 poolControl filterRuntimeToday: 293
2026-07-12_23:33:18 poolControl poolTemp: 31.9
2026-07-12_23:33:18 poolControl Pool 31.9/Soll 33.5°C | Filter on (Nachtfilterung) | 4.9/8h
2026-07-12_23:34:26 poolControl filterRuntimeToday: 294
2026-07-12_23:35:13 poolControl filterRuntimeToday: 295
2026-07-12_23:36:13 poolControl filterRuntimeToday: 296
2026-07-12_23:36:56 poolControl solarIndex: -2
2026-07-12_23:36:56 poolControl filterRuntimeToday: 297
2026-07-12_23:37:56 poolControl filterRuntimeToday: 298
2026-07-12_23:37:56 poolControl filterRemaining: 3.0
2026-07-12_23:37:56 poolControl Pool 31.9/Soll 33.5°C | Filter on (Nachtfilterung) | 5.0/8h
2026-07-12_23:38:17 poolControl inflowTemp: 31.9
2026-07-12_23:39:18 poolControl filterRuntimeToday: 299
2026-07-12_23:40:11 poolControl filterRuntimeToday: 300
2026-07-12_23:41:07 poolControl filterRuntimeToday: 301
2026-07-12_23:41:53 poolControl filterRuntimeToday: 302
2026-07-12_23:43:17 poolControl filterRuntimeToday: 303
2026-07-12_23:43:17 poolControl filterRemaining: 2.9
2026-07-12_23:43:17 poolControl Pool 31.9/Soll 33.5°C | Filter on (Nachtfilterung) | 5.1/8h
2026-07-12_23:43:52 poolControl filterRuntimeToday: 304
2026-07-12_23:45:03 poolControl filterRuntimeToday: 305
2026-07-12_23:46:00 poolControl filterRuntimeToday: 306
2026-07-12_23:47:30 poolControl filterRuntimeToday: 307
2026-07-12_23:48:17 poolControl filterRuntimeToday: 308
2026-07-12_23:48:52 poolControl solarIndex: 0
2026-07-12_23:48:52 poolControl filterRuntimeToday: 309
2026-07-12_23:50:14 poolControl filterRuntimeToday: 310
2026-07-12_23:50:14 poolControl filterRemaining: 2.8
2026-07-12_23:50:14 poolControl Pool 31.9/Soll 33.5°C | Filter on (Nachtfilterung) | 5.2/8h
2026-07-12_23:51:06 poolControl filterRuntimeToday: 311
2026-07-12_23:52:25 poolControl filterRuntimeToday: 312
2026-07-12_23:53:17 poolControl poolTemp: 31.8
2026-07-12_23:53:17 poolControl inflowTemp: 31.8
2026-07-12_23:53:17 poolControl filterRuntimeToday: 313
2026-07-12_23:53:17 poolControl Pool 31.8/Soll 33.5°C | Filter on (Nachtfilterung) | 5.2/8h
2026-07-12_23:54:00 poolControl filterRuntimeToday: 314
2026-07-12_23:55:00 poolControl filterRuntimeToday: 315
2026-07-12_23:56:10 poolControl filterRuntimeToday: 316
2026-07-12_23:56:10 poolControl filterRemaining: 2.7
2026-07-12_23:56:10 poolControl Pool 31.8/Soll 33.5°C | Filter on (Nachtfilterung) | 5.3/8h
2026-07-12_23:57:09 poolControl filterRuntimeToday: 317
2026-07-12_23:58:17 poolControl filterRuntimeToday: 318
2026-07-12_23:58:57 poolControl filterRuntimeToday: 319
2026-07-12_23:59:57 poolControl filterRuntimeToday: 320
2026-07-13_00:00:50 poolControl targetTemp: 32
2026-07-13_00:00:50 poolControl solarIndex: 4
2026-07-13_00:00:50 poolControl filterRuntimeToday: 321
2026-07-13_00:00:50 poolControl Pool 31.8/Soll 32.0°C | Filter on (Nachtfilterung) | 5.3/8h
2026-07-13_00:01:50 poolControl filterRuntimeToday: 322
2026-07-13_00:01:50 poolControl filterRemaining: 2.6
2026-07-13_00:01:50 poolControl Pool 31.8/Soll 32.0°C | Filter on (Nachtfilterung) | 5.4/8h
2026-07-13_00:03:17 poolControl filterRuntimeToday: 323
2026-07-13_00:04:17 poolControl filterRuntimeToday: 324
2026-07-13_00:04:47 poolControl filterRuntimeToday: 325
2026-07-13_00:06:24 poolControl filterRuntimeToday: 326
2026-07-13_00:06:58 poolControl filterRuntimeToday: 327
2026-07-13_00:07:58 poolControl filterRuntimeToday: 328
2026-07-13_00:07:58 poolControl filterRemaining: 2.5
2026-07-13_00:07:58 poolControl Pool 31.8/Soll 32.0°C | Filter on (Nachtfilterung) | 5.5/8h
2026-07-13_00:09:36 poolControl filterRuntimeToday: 329
2026-07-13_00:10:36 poolControl filterRuntimeToday: 330
2026-07-13_00:11:01 poolControl filterRuntimeToday: 331
2026-07-13_00:12:01 poolControl filterRuntimeToday: 332
2026-07-13_00:12:55 poolControl filterRuntimeToday: 333
2026-07-13_00:13:18 poolControl poolTemp: 31.7
2026-07-13_00:13:18 poolControl inflowTemp: 31.7
2026-07-13_00:13:18 poolControl filterRemaining: 2.4
2026-07-13_00:13:18 poolControl Pool 31.7/Soll 32.0°C | Filter on (Nachtfilterung) | 5.6/8h
2026-07-13_00:14:20 poolControl filterRuntimeToday: 334
2026-07-13_00:14:52 poolControl filterRuntimeToday: 335
2026-07-13_00:15:52 poolControl filterRuntimeToday: 336
2026-07-13_00:17:28 poolControl filterRuntimeToday: 337
2026-07-13_00:18:17 poolControl poolTemp: 31.6
2026-07-13_00:18:17 poolControl inflowTemp: 31.6
2026-07-13_00:18:17 poolControl filterRuntimeToday: 338
2026-07-13_00:18:17 poolControl Pool 31.6/Soll 32.0°C | Filter on (Nachtfilterung) | 5.6/8h
2026-07-13_00:19:02 poolControl filterRuntimeToday: 339
2026-07-13_00:20:02 poolControl filterRuntimeToday: 340
2026-07-13_00:20:02 poolControl filterRemaining: 2.3
2026-07-13_00:20:02 poolControl Pool 31.6/Soll 32.0°C | Filter on (Nachtfilterung) | 5.7/8h
2026-07-13_00:21:43 poolControl filterRuntimeToday: 341
2026-07-13_00:22:35 poolControl filterRuntimeToday: 342
2026-07-13_00:23:18 poolControl filterRuntimeToday: 343
2026-07-13_00:24:18 poolControl filterRuntimeToday: 344
2026-07-13_00:25:18 poolControl filterRuntimeToday: 345
2026-07-13_00:25:18 poolControl filterRemaining: 2.2
2026-07-13_00:25:18 poolControl Pool 31.6/Soll 32.0°C | Filter on (Nachtfilterung) | 5.8/8h
2026-07-13_00:25:49 poolControl filterRuntimeToday: 346
2026-07-13_00:26:48 poolControl filterRuntimeToday: 347
2026-07-13_00:27:48 poolControl filterRuntimeToday: 348
2026-07-13_00:29:28 poolControl filterRuntimeToday: 349
2026-07-13_00:30:06 poolControl filterRuntimeToday: 350
2026-07-13_00:31:06 poolControl filterRuntimeToday: 351
2026-07-13_00:31:57 poolControl filterRuntimeToday: 352
2026-07-13_00:31:57 poolControl filterRemaining: 2.1
2026-07-13_00:31:57 poolControl Pool 31.6/Soll 32.0°C | Filter on (Nachtfilterung) | 5.9/8h
2026-07-13_00:32:57 poolControl filterRuntimeToday: 353
2026-07-13_00:33:18 poolControl poolTemp: 31.5
2026-07-13_00:33:18 poolControl Pool 31.5/Soll 32.0°C | Filter on (Nachtfilterung) | 5.9/8h
2026-07-13_00:34:02 poolControl filterRuntimeToday: 354
2026-07-13_00:35:22 poolControl filterRuntimeToday: 355
2026-07-13_00:35:58 poolControl filterRuntimeToday: 356
2026-07-13_00:36:58 poolControl filterRuntimeToday: 357
2026-07-13_00:37:59 poolControl filterRuntimeToday: 358
2026-07-13_00:37:59 poolControl filterRemaining: 2.0
2026-07-13_00:37:59 poolControl Pool 31.5/Soll 32.0°C | Filter on (Nachtfilterung) | 6.0/8h
2026-07-13_00:38:18 poolControl inflowTemp: 31.5
2026-07-13_00:39:18 poolControl filterRuntimeToday: 359
2026-07-13_00:39:58 poolControl filterRuntimeToday: 360
2026-07-13_00:40:58 poolControl filterRuntimeToday: 361
2026-07-13_00:41:58 poolControl filterRuntimeToday: 362
2026-07-13_00:43:14 poolControl filterRuntimeToday: 363
2026-07-13_00:43:17 poolControl poolTemp: 31.4
2026-07-13_00:43:17 poolControl inflowTemp: 31.4
2026-07-13_00:43:17 poolControl filterRemaining: 1.9
2026-07-13_00:43:17 poolControl Pool 31.4/Soll 32.0°C | Filter on (Nachtfilterung) | 6.1/8h
2026-07-13_00:44:11 poolControl filterRuntimeToday: 364
2026-07-13_00:45:11 poolControl filterRuntimeToday: 365
2026-07-13_00:46:09 poolControl filterRuntimeToday: 366
2026-07-13_00:47:09 poolControl filterRuntimeToday: 367
2026-07-13_00:48:05 poolControl filterRuntimeToday: 368
2026-07-13_00:48:52 poolControl filterRuntimeToday: 369
2026-07-13_00:49:52 poolControl filterRuntimeToday: 370
2026-07-13_00:49:52 poolControl filterRemaining: 1.8
2026-07-13_00:49:52 poolControl Pool 31.4/Soll 32.0°C | Filter on (Nachtfilterung) | 6.2/8h
2026-07-13_00:51:44 poolControl filterRuntimeToday: 371
2026-07-13_00:51:49 poolControl filterRuntimeToday: 372
2026-07-13_00:53:10 poolControl filterRuntimeToday: 373
2026-07-13_00:53:54 poolControl filterRuntimeToday: 374
2026-07-13_00:54:54 poolControl filterRuntimeToday: 375
2026-07-13_00:55:28 poolControl filterRemaining: 1.7
2026-07-13_00:55:28 poolControl Pool 31.4/Soll 32.0°C | Filter on (Nachtfilterung) | 6.3/8h
2026-07-13_00:56:28 poolControl filterRuntimeToday: 376
2026-07-13_00:57:28 poolControl filterRuntimeToday: 377
2026-07-13_00:58:17 poolControl filterRuntimeToday: 378
2026-07-13_00:59:17 poolControl filterRuntimeToday: 379
2026-07-13_01:00:31 poolControl filterRuntimeToday: 380
2026-07-13_01:01:31 poolControl filterRuntimeToday: 381
2026-07-13_01:01:31 poolControl filterRemaining: 1.6
2026-07-13_01:01:31 poolControl Pool 31.4/Soll 32.0°C | Filter on (Nachtfilterung) | 6.4/8h
2026-07-13_01:02:38 poolControl filterRuntimeToday: 382
2026-07-13_01:03:18 poolControl poolTemp: 31.3
2026-07-13_01:03:18 poolControl inflowTemp: 31.3
2026-07-13_01:03:18 poolControl filterRuntimeToday: 383
2026-07-13_01:03:18 poolControl Pool 31.3/Soll 32.0°C | Filter on (Nachtfilterung) | 6.4/8h
2026-07-13_01:03:42 poolControl solarIndex: 5
2026-07-13_01:04:00 poolControl filterRuntimeToday: 384
2026-07-13_01:05:00 poolControl filterRuntimeToday: 385
2026-07-13_01:05:56 poolControl filterRuntimeToday: 386
2026-07-13_01:06:56 poolControl filterRuntimeToday: 387
2026-07-13_01:07:54 poolControl filterRuntimeToday: 388
2026-07-13_01:07:54 poolControl filterRemaining: 1.5
2026-07-13_01:07:54 poolControl Pool 31.3/Soll 32.0°C | Filter on (Nachtfilterung) | 6.5/8h
2026-07-13_01:09:18 poolControl filterRuntimeToday: 389
2026-07-13_01:10:12 poolControl filterRuntimeToday: 390
2026-07-13_01:11:31 poolControl filterRuntimeToday: 391
2026-07-13_01:12:12 poolControl filterRuntimeToday: 392
2026-07-13_01:13:18 poolControl filterRuntimeToday: 393
2026-07-13_01:13:18 poolControl filterRemaining: 1.4
2026-07-13_01:13:18 poolControl Pool 31.3/Soll 32.0°C | Filter on (Nachtfilterung) | 6.6/8h
2026-07-13_01:14:18 poolControl filterRuntimeToday: 394
2026-07-13_01:14:52 poolControl filterRuntimeToday: 395
2026-07-13_01:15:52 poolControl filterRuntimeToday: 396
2026-07-13_01:17:29 poolControl filterRuntimeToday: 397
2026-07-13_01:18:07 poolControl filterRuntimeToday: 398
2026-07-13_01:18:18 poolControl poolTemp: 31.2
2026-07-13_01:18:18 poolControl inflowTemp: 31.2
2026-07-13_01:18:18 poolControl Pool 31.2/Soll 32.0°C | Filter on (Nachtfilterung) | 6.6/8h
2026-07-13_01:18:52 poolControl filterRuntimeToday: 399
2026-07-13_01:19:52 poolControl filterRuntimeToday: 400
2026-07-13_01:19:52 poolControl filterRemaining: 1.3
2026-07-13_01:19:52 poolControl Pool 31.2/Soll 32.0°C | Filter on (Nachtfilterung) | 6.7/8h
2026-07-13_01:21:07 poolControl filterRuntimeToday: 401
2026-07-13_01:21:44 poolControl solarIndex: 4
2026-07-13_01:22:44 poolControl filterRuntimeToday: 402
2026-07-13_01:23:06 poolControl solarIndex: 5
2026-07-13_01:23:06 poolControl filterRuntimeToday: 403
2026-07-13_01:24:46 poolControl filterRuntimeToday: 404
2026-07-13_01:25:11 poolControl filterRuntimeToday: 405
2026-07-13_01:25:59 poolControl filterRuntimeToday: 406
2026-07-13_01:25:59 poolControl filterRemaining: 1.2
2026-07-13_01:25:59 poolControl Pool 31.2/Soll 32.0°C | Filter on (Nachtfilterung) | 6.8/8h
2026-07-13_01:26:59 poolControl filterRuntimeToday: 407
2026-07-13_01:28:04 poolControl filterRuntimeToday: 408
2026-07-13_01:28:18 poolControl poolTemp: 31.1
2026-07-13_01:28:18 poolControl inflowTemp: 31.1
2026-07-13_01:28:18 poolControl Pool 31.1/Soll 32.0°C | Filter on (Nachtfilterung) | 6.8/8h
2026-07-13_01:29:07 poolControl filterRuntimeToday: 409
2026-07-13_01:30:07 poolControl filterRuntimeToday: 410
2026-07-13_01:31:07 poolControl filterRuntimeToday: 411
2026-07-13_01:32:12 poolControl filterRuntimeToday: 412
2026-07-13_01:32:12 poolControl filterRemaining: 1.1
2026-07-13_01:32:12 poolControl Pool 31.1/Soll 32.0°C | Filter on (Nachtfilterung) | 6.9/8h
2026-07-13_01:33:12 poolControl filterRuntimeToday: 413
2026-07-13_01:34:19 poolControl filterRuntimeToday: 414
2026-07-13_01:35:19 poolControl filterRuntimeToday: 415
2026-07-13_01:36:46 poolControl filterRuntimeToday: 416
2026-07-13_01:37:47 poolControl filterRuntimeToday: 418
2026-07-13_01:37:47 poolControl filterRemaining: 1.0
2026-07-13_01:37:47 poolControl Pool 31.1/Soll 32.0°C | Filter on (Nachtfilterung) | 7.0/8h
2026-07-13_01:39:18 poolControl filterRuntimeToday: 419
2026-07-13_01:40:30 poolControl filterRuntimeToday: 420
2026-07-13_01:41:30 poolControl filterRuntimeToday: 421
2026-07-13_01:42:34 poolControl filterRuntimeToday: 422
2026-07-13_01:43:19 poolControl poolTemp: 31.0
2026-07-13_01:43:19 poolControl inflowTemp: 31.0
2026-07-13_01:43:19 poolControl filterRuntimeToday: 423
2026-07-13_01:43:19 poolControl filterRemaining: 0.9
2026-07-13_01:43:19 poolControl Pool 31.0/Soll 32.0°C | Filter on (Nachtfilterung) | 7.1/8h
2026-07-13_01:44:19 poolControl filterRuntimeToday: 424
2026-07-13_01:45:19 poolControl filterRuntimeToday: 425
2026-07-13_01:46:42 poolControl filterRuntimeToday: 426
2026-07-13_01:47:39 poolControl filterRuntimeToday: 427
2026-07-13_01:48:19 poolControl filterRuntimeToday: 428
2026-07-13_01:48:52 poolControl filterRuntimeToday: 429
2026-07-13_01:49:35 poolControl filterRemaining: 0.8
2026-07-13_01:49:35 poolControl Pool 31.0/Soll 32.0°C | Filter on (Nachtfilterung) | 7.2/8h
2026-07-13_01:50:35 poolControl filterRuntimeToday: 430
2026-07-13_01:51:35 poolControl filterRuntimeToday: 431
2026-07-13_01:52:40 poolControl filterRuntimeToday: 432
2026-07-13_01:53:18 poolControl poolTemp: 30.9
2026-07-13_01:53:18 poolControl inflowTemp: 30.9
2026-07-13_01:53:18 poolControl filterRuntimeToday: 433
2026-07-13_01:53:18 poolControl Pool 30.9/Soll 32.0°C | Filter on (Nachtfilterung) | 7.2/8h
2026-07-13_01:54:41 poolControl filterRuntimeToday: 434
2026-07-13_01:55:41 poolControl filterRuntimeToday: 435
2026-07-13_01:55:41 poolControl filterRemaining: 0.7
2026-07-13_01:55:41 poolControl Pool 30.9/Soll 32.0°C | Filter on (Nachtfilterung) | 7.3/8h
2026-07-13_01:56:02 poolControl filterRuntimeToday: 436
2026-07-13_01:57:20 poolControl filterRuntimeToday: 437
2026-07-13_01:57:59 poolControl filterRuntimeToday: 438
2026-07-13_01:59:18 poolControl filterRuntimeToday: 439
2026-07-13_02:00:03 poolControl filterRuntimeToday: 440
2026-07-13_02:01:23 poolControl filterRuntimeToday: 441
2026-07-13_02:01:23 poolControl filterRemaining: 0.6
2026-07-13_02:01:23 poolControl Pool 30.9/Soll 32.0°C | Filter on (Nachtfilterung) | 7.4/8h
2026-07-13_02:02:04 poolControl filterRuntimeToday: 442
2026-07-13_02:03:04 poolControl filterRuntimeToday: 443
2026-07-13_02:03:58 poolControl filterRuntimeToday: 444
2026-07-13_02:04:59 poolControl filterRuntimeToday: 445
2026-07-13_02:05:50 poolControl filterRuntimeToday: 446
2026-07-13_02:07:18 poolControl filterRuntimeToday: 447
2026-07-13_02:07:18 poolControl filterRemaining: 0.5
2026-07-13_02:07:18 poolControl Pool 30.9/Soll 32.0°C | Filter on (Nachtfilterung) | 7.5/8h
2026-07-13_02:08:00 poolControl filterRuntimeToday: 448
2026-07-13_02:08:17 poolControl poolTemp: 30.8
2026-07-13_02:08:17 poolControl inflowTemp: 30.8
2026-07-13_02:08:17 poolControl Pool 30.8/Soll 32.0°C | Filter on (Nachtfilterung) | 7.5/8h
2026-07-13_02:09:18 poolControl filterRuntimeToday: 449
2026-07-13_02:10:14 poolControl filterRuntimeToday: 450
2026-07-13_02:11:15 poolControl filterRuntimeToday: 451
2026-07-13_02:12:14 poolControl filterRuntimeToday: 452
2026-07-13_02:13:14 poolControl filterRuntimeToday: 453
2026-07-13_02:13:17 poolControl filterRemaining: 0.4
2026-07-13_02:13:17 poolControl Pool 30.8/Soll 32.0°C | Filter on (Nachtfilterung) | 7.6/8h
2026-07-13_02:14:19 poolControl filterRuntimeToday: 454
2026-07-13_02:14:48 poolControl filterRuntimeToday: 455
2026-07-13_02:15:48 poolControl filterRuntimeToday: 456
2026-07-13_02:17:25 poolControl filterRuntimeToday: 457
2026-07-13_02:18:18 poolControl filterRuntimeToday: 458
2026-07-13_02:18:52 poolControl filterRuntimeToday: 459
2026-07-13_02:19:52 poolControl filterRuntimeToday: 460
2026-07-13_02:19:52 poolControl filterRemaining: 0.3
2026-07-13_02:19:52 poolControl Pool 30.8/Soll 32.0°C | Filter on (Nachtfilterung) | 7.7/8h
2026-07-13_02:21:41 poolControl filterRuntimeToday: 461
2026-07-13_02:22:41 poolControl filterRuntimeToday: 462
2026-07-13_02:23:18 poolControl inflowTemp: 30.7
2026-07-13_02:23:18 poolControl filterRuntimeToday: 463
2026-07-13_02:24:18 poolControl filterRuntimeToday: 464
2026-07-13_02:25:39 poolControl filterRuntimeToday: 465
2026-07-13_02:25:39 poolControl filterRemaining: 0.2
2026-07-13_02:25:39 poolControl Pool 30.8/Soll 32.0°C | Filter on (Nachtfilterung) | 7.8/8h
2026-07-13_02:26:39 poolControl filterRuntimeToday: 466
2026-07-13_02:27:04 poolControl filterRuntimeToday: 467
2026-07-13_02:28:04 poolControl filterRuntimeToday: 468
2026-07-13_02:28:18 poolControl poolTemp: 30.7
2026-07-13_02:28:18 poolControl Pool 30.7/Soll 32.0°C | Filter on (Nachtfilterung) | 7.8/8h
2026-07-13_02:28:49 poolControl filterRuntimeToday: 469
2026-07-13_02:30:10 poolControl filterRuntimeToday: 470
2026-07-13_02:30:54 poolControl filterRuntimeToday: 471
2026-07-13_02:31:54 poolControl filterRuntimeToday: 472
2026-07-13_02:31:54 poolControl filterRemaining: 0.1
2026-07-13_02:31:54 poolControl Pool 30.7/Soll 32.0°C | Filter on (Nachtfilterung) | 7.9/8h
2026-07-13_02:32:55 poolControl filterRuntimeToday: 473
2026-07-13_02:33:18 poolControl poolTemp: 30.6
2026-07-13_02:33:18 poolControl inflowTemp: 30.6
2026-07-13_02:33:18 poolControl Pool 30.6/Soll 32.0°C | Filter on (Nachtfilterung) | 7.9/8h
2026-07-13_02:34:42 poolControl filterRuntimeToday: 474
2026-07-13_02:35:05 poolControl filterRuntimeToday: 475
2026-07-13_02:36:05 poolControl filterRuntimeToday: 476
2026-07-13_02:37:02 poolControl filterRuntimeToday: 477
2026-07-13_02:37:29 poolControl filterRemaining: 0.0
2026-07-13_02:37:29 poolControl Pool 30.6/Soll 32.0°C | Filter on (Nachtfilterung) | 8.0/8h
2026-07-13_02:38:18 poolControl filterRuntimeToday: 478
2026-07-13_02:39:00 poolControl filterRuntimeToday: 479
2026-07-13_02:40:28 poolControl filterState: off
2026-07-13_02:40:28 poolControl filterReason: Heizbedarf, keine Quelle
2026-07-13_02:40:28 poolControl filterRuntimeToday: 480
2026-07-13_02:40:28 poolControl Pool 30.6/Soll 32.0°C | Filter off (Heizbedarf, keine Quelle) | 8.0/8h
2026-07-13_02:53:17 poolControl inflowTemp: 30.5
2026-07-13_02:58:18 poolControl poolTemp: 30.5
2026-07-13_02:58:18 poolControl heatpumpEffective: 31.4
2026-07-13_02:58:18 poolControl Pool 30.5/Soll 32.0°C | Filter off (Heizbedarf, keine Quelle) | 8.0/8h
2026-07-13_03:03:18 poolControl inflowTemp: 30.4
2026-07-13_03:08:18 poolControl poolTemp: 30.4
2026-07-13_03:08:18 poolControl heatpumpEffective: 31.3
2026-07-13_03:08:18 poolControl Pool 30.4/Soll 32.0°C | Filter off (Heizbedarf, keine Quelle) | 8.0/8h
2026-07-13_03:18:18 poolControl inflowTemp: 30.3
2026-07-13_03:23:18 poolControl poolTemp: 30.3
2026-07-13_03:23:18 poolControl heatpumpEffective: 31.2
2026-07-13_03:23:18 poolControl Pool 30.3/Soll 32.0°C | Filter off (Heizbedarf, keine Quelle) | 8.0/8h
2026-07-13_03:37:10 poolControl solarIndex: 4
2026-07-13_03:38:17 poolControl inflowTemp: 30.2
2026-07-13_03:43:18 poolControl inflowTemp: 30.1
2026-07-13_03:48:19 poolControl poolTemp: 30.2
2026-07-13_03:48:19 poolControl heatpumpEffective: 31.1
2026-07-13_03:48:19 poolControl Pool 30.2/Soll 32.0°C | Filter off (Heizbedarf, keine Quelle) | 8.0/8h
2026-07-13_03:53:18 poolControl poolTemp: 30.1
2026-07-13_03:53:18 poolControl heatpumpEffective: 31.0
2026-07-13_03:53:18 poolControl Pool 30.1/Soll 32.0°C | Filter off (Heizbedarf, keine Quelle) | 8.0/8h
2026-07-13_04:08:17 poolControl inflowTemp: 30.0
2026-07-13_04:13:18 poolControl poolTemp: 30.0
2026-07-13_04:13:18 poolControl heatpumpEffective: 30.9
2026-07-13_04:13:18 poolControl Pool 30.0/Soll 32.0°C | Filter off (Heizbedarf, keine Quelle) | 8.0/8h
2026-07-13_04:23:18 poolControl poolTemp: 29.9
2026-07-13_04:23:18 poolControl inflowTemp: 29.9
2026-07-13_04:23:18 poolControl heatpumpEffective: 30.8
2026-07-13_04:23:18 poolControl Pool 29.9/Soll 32.0°C | Filter off (Heizbedarf, keine Quelle) | 8.0/8h
2026-07-13_04:43:17 poolControl inflowTemp: 29.8
2026-07-13_04:48:17 poolControl poolTemp: 29.8
2026-07-13_04:48:17 poolControl heatpumpEffective: 30.7
2026-07-13_04:48:17 poolControl Pool 29.8/Soll 32.0°C | Filter off (Heizbedarf, keine Quelle) | 8.0/8h
2026-07-13_04:53:17 poolControl inflowTemp: 29.7
2026-07-13_04:58:18 poolControl inflowTemp: 29.8
2026-07-13_05:03:18 poolControl inflowTemp: 29.7
2026-07-13_05:08:17 poolControl poolTemp: 29.7
2026-07-13_05:08:17 poolControl inflowTemp: 29.6
2026-07-13_05:08:17 poolControl heatpumpEffective: 30.6
2026-07-13_05:08:17 poolControl Pool 29.7/Soll 32.0°C | Filter off (Heizbedarf, keine Quelle) | 8.0/8h
2026-07-13_05:13:17 poolControl poolTemp: 29.6
2026-07-13_05:13:17 poolControl heatpumpEffective: 30.5
2026-07-13_05:13:17 poolControl Pool 29.6/Soll 32.0°C | Filter off (Heizbedarf, keine Quelle) | 8.0/8h
2026-07-13_05:28:18 poolControl inflowTemp: 29.5
2026-07-13_05:38:18 poolControl poolTemp: 29.5
2026-07-13_05:38:18 poolControl inflowTemp: 29.4
2026-07-13_05:38:18 poolControl heatpumpEffective: 30.4
2026-07-13_05:38:18 poolControl Pool 29.5/Soll 32.0°C | Filter off (Heizbedarf, keine Quelle) | 8.0/8h
2026-07-13_05:48:19 poolControl poolTemp: 29.4
2026-07-13_05:48:19 poolControl heatpumpEffective: 30.3
2026-07-13_05:48:19 poolControl Pool 29.4/Soll 32.0°C | Filter off (Heizbedarf, keine Quelle) | 8.0/8h
2026-07-13_06:00:18 poolControl filterRuntimeToday: 0
2026-07-13_06:00:18 poolControl filterRemaining: 8.0
2026-07-13_06:00:18 poolControl Pool 29.4/Soll 32.0°C | Filter off (Heizbedarf, keine Quelle) | 0.0/8h
2026-07-13_06:03:18 poolControl inflowTemp: 29.3
2026-07-13_06:08:19 poolControl poolTemp: 29.3
2026-07-13_06:08:19 poolControl heatpumpEffective: 30.2
2026-07-13_06:08:19 poolControl Pool 29.3/Soll 32.0°C | Filter off (Heizbedarf, keine Quelle) | 0.0/8h
2026-07-13_06:13:10 poolControl solarIndex: 3
2026-07-13_06:16:19 poolControl solarIndex: 4
2026-07-13_06:28:18 poolControl inflowTemp: 29.2
2026-07-13_06:33:18 poolControl poolTemp: 29.2
2026-07-13_06:33:18 poolControl heatpumpEffective: 30.1
2026-07-13_06:33:18 poolControl Pool 29.2/Soll 32.0°C | Filter off (Heizbedarf, keine Quelle) | 0.0/8h
2026-07-13_06:34:48 poolControl solarIndex: 3
2026-07-13_06:37:46 poolControl solarIndex: 4
2026-07-13_06:38:18 poolControl poolTemp: 29.1
2026-07-13_06:38:18 poolControl inflowTemp: 29.1
2026-07-13_06:38:18 poolControl heatpumpEffective: 30.0
2026-07-13_06:38:18 poolControl Pool 29.1/Soll 32.0°C | Filter off (Heizbedarf, keine Quelle) | 0.0/8h
2026-07-13_07:01:48 poolControl solarIndex: 3
2026-07-13_07:03:18 poolControl inflowTemp: 29.0
2026-07-13_07:03:47 poolControl solarIndex: 5
2026-07-13_07:05:44 poolControl solarIndex: 4
2026-07-13_07:06:13 poolControl solarIndex: 5
2026-07-13_07:08:18 poolControl poolTemp: 29.0
2026-07-13_07:08:18 poolControl heatpumpEffective: 29.9
2026-07-13_07:08:18 poolControl Pool 29.0/Soll 32.0°C | Filter off (Heizbedarf, keine Quelle) | 0.0/8h
2026-07-13_07:18:18 poolControl poolTemp: 28.9
2026-07-13_07:18:18 poolControl inflowTemp: 28.9
2026-07-13_07:18:18 poolControl heatpumpEffective: 29.8
2026-07-13_07:18:18 poolControl Pool 28.9/Soll 32.0°C | Filter off (Heizbedarf, keine Quelle) | 0.0/8h
2026-07-13_07:49:56 poolControl solarIndex: 6
2026-07-13_07:56:31 poolControl solarIndex: 7
2026-07-13_07:58:18 poolControl poolTemp: 28.8
2026-07-13_07:58:18 poolControl heatpumpEffective: 29.7
2026-07-13_07:58:18 poolControl Pool 28.8/Soll 32.0°C | Filter off (Heizbedarf, keine Quelle) | 0.0/8h
2026-07-13_08:03:30 poolControl solarIndex: 6
2026-07-13_08:08:18 poolControl inflowTemp: 28.8
2026-07-13_08:12:16 poolControl solarIndex: 7
2026-07-13_08:18:17 poolControl poolTemp: 28.9
2026-07-13_08:18:17 poolControl inflowTemp: 28.9
2026-07-13_08:18:17 poolControl heatpumpEffective: 29.8
2026-07-13_08:18:17 poolControl Pool 28.9/Soll 32.0°C | Filter off (Heizbedarf, keine Quelle) | 0.0/8h
2026-07-13_08:30:54 poolControl solarIndex: 6
2026-07-13_08:34:25 poolControl solarIndex: 7
2026-07-13_08:43:18 poolControl inflowTemp: 29.2
2026-07-13_08:48:18 poolControl inflowTemp: 29.6
2026-07-13_08:50:44 poolControl solarIndex: 8
2026-07-13_08:53:17 poolControl inflowTemp: 29.8
2026-07-13_08:58:18 poolControl inflowTemp: 29.9
2026-07-13_09:00:02 poolControl filterState: on
2026-07-13_09:00:02 poolControl filterReason: WP
2026-07-13_09:00:02 poolControl heatpumpState: on
2026-07-13_09:00:02 poolControl lastDecision: Solar heizt nicht: off (ausserhalb Solarfenster)
2026-07-13_09:00:02 poolControl Pool 28.9/Soll 32.0°C | Filter on (WP) | 0.0/8h
2026-07-13_09:00:30 poolControl solarIndex: 7
2026-07-13_09:00:50 poolControl filterRuntimeToday: 1
2026-07-13_09:01:51 poolControl filterRuntimeToday: 2
2026-07-13_09:02:51 poolControl filterRuntimeToday: 3
2026-07-13_09:03:19 poolControl inflowTemp: 29.2
2026-07-13_09:03:19 poolControl filterRemaining: 7.9
2026-07-13_09:03:19 poolControl Pool 28.9/Soll 32.0°C | Filter on (WP) | 0.1/8h
2026-07-13_09:03:38 poolControl solarIndex: 6
2026-07-13_09:03:38 poolControl filterRuntimeToday: 4
2026-07-13_09:04:38 poolControl filterRuntimeToday: 5
2026-07-13_09:05:38 poolControl filterRuntimeToday: 6
2026-07-13_09:06:38 poolControl filterRuntimeToday: 7
2026-07-13_09:08:18 poolControl inflowTemp: 30.1
2026-07-13_09:08:18 poolControl filterRuntimeToday: 8
2026-07-13_09:09:18 poolControl filterRuntimeToday: 9
2026-07-13_09:09:18 poolControl filterRemaining: 7.8
2026-07-13_09:09:18 poolControl Pool 28.9/Soll 32.0°C | Filter on (WP) | 0.2/8h
2026-07-13_09:10:18 poolControl filterRuntimeToday: 10
2026-07-13_09:10:49 poolControl filterRuntimeToday: 11
2026-07-13_09:11:49 poolControl filterRuntimeToday: 12
2026-07-13_09:12:49 poolControl filterRuntimeToday: 13
2026-07-13_09:13:19 poolControl poolTemp: 29.1
2026-07-13_09:13:19 poolControl inflowTemp: 30.3
2026-07-13_09:13:19 poolControl heatpumpEffective: 30.0
2026-07-13_09:13:19 poolControl Pool 29.1/Soll 32.0°C | Filter on (WP) | 0.2/8h
2026-07-13_09:14:18 poolControl filterRuntimeToday: 14
2026-07-13_09:15:18 poolControl filterRuntimeToday: 15
2026-07-13_09:15:18 poolControl filterRemaining: 7.7
2026-07-13_09:15:18 poolControl Pool 29.1/Soll 32.0°C | Filter on (WP) | 0.3/8h
2026-07-13_09:16:21 poolControl filterRuntimeToday: 16
2026-07-13_09:17:21 poolControl filterRuntimeToday: 17
2026-07-13_09:17:43 poolControl filterRuntimeToday: 18
2026-07-13_09:18:19 poolControl poolTemp: 29.2
2026-07-13_09:18:19 poolControl inflowTemp: 30.4
2026-07-13_09:18:19 poolControl heatpumpEffective: 30.1
2026-07-13_09:18:19 poolControl Pool 29.2/Soll 32.0°C | Filter on (WP) | 0.3/8h
2026-07-13_09:18:52 poolControl filterRuntimeToday: 19
2026-07-13_09:19:52 poolControl filterRuntimeToday: 20
2026-07-13_09:21:27 poolControl filterRuntimeToday: 21
2026-07-13_09:21:27 poolControl filterRemaining: 7.6
2026-07-13_09:21:27 poolControl Pool 29.2/Soll 32.0°C | Filter on (WP) | 0.4/8h
2026-07-13_09:22:27 poolControl filterRuntimeToday: 22
2026-07-13_09:23:18 poolControl poolTemp: 29.3
2026-07-13_09:23:18 poolControl inflowTemp: 30.5
2026-07-13_09:23:18 poolControl filterRuntimeToday: 23
2026-07-13_09:23:18 poolControl heatpumpEffective: 30.2
2026-07-13_09:23:18 poolControl Pool 29.3/Soll 32.0°C | Filter on (WP) | 0.4/8h
2026-07-13_09:23:52 poolControl filterRuntimeToday: 24
2026-07-13_09:24:52 poolControl filterRuntimeToday: 25
2026-07-13_09:25:52 poolControl filterRuntimeToday: 26
2026-07-13_09:27:11 poolControl filterRuntimeToday: 27
2026-07-13_09:27:11 poolControl filterRemaining: 7.5
2026-07-13_09:27:11 poolControl Pool 29.3/Soll 32.0°C | Filter on (WP) | 0.5/8h
2026-07-13_09:28:11 poolControl filterRuntimeToday: 28
2026-07-13_09:28:18 poolControl poolTemp: 29.4
2026-07-13_09:28:18 poolControl inflowTemp: 30.6
2026-07-13_09:28:18 poolControl heatpumpEffective: 30.3
2026-07-13_09:28:18 poolControl Pool 29.4/Soll 32.0°C | Filter on (WP) | 0.5/8h
2026-07-13_09:28:35 poolControl solarIndex: 7
2026-07-13_09:28:35 poolControl filterRuntimeToday: 29
2026-07-13_09:29:35 poolControl filterRuntimeToday: 30
2026-07-13_09:30:35 poolControl filterRuntimeToday: 31
2026-07-13_09:31:57 poolControl filterRuntimeToday: 32
2026-07-13_09:32:57 poolControl filterRuntimeToday: 33
2026-07-13_09:33:19 poolControl poolTemp: 29.5
2026-07-13_09:33:19 poolControl inflowTemp: 30.8
2026-07-13_09:33:19 poolControl filterRemaining: 7.4
2026-07-13_09:33:19 poolControl heatpumpEffective: 30.4
2026-07-13_09:33:19 poolControl Pool 29.5/Soll 32.0°C | Filter on (WP) | 0.6/8h
2026-07-13_09:33:42 poolControl filterRuntimeToday: 34
2026-07-13_09:34:43 poolControl filterRuntimeToday: 35
2026-07-13_09:35:43 poolControl filterRuntimeToday: 36
2026-07-13_09:37:00 poolControl filterRuntimeToday: 37
2026-07-13_09:38:00 poolControl filterRuntimeToday: 38
2026-07-13_09:38:18 poolControl poolTemp: 29.6
2026-07-13_09:38:18 poolControl heatpumpEffective: 30.5
2026-07-13_09:38:18 poolControl Pool 29.6/Soll 32.0°C | Filter on (WP) | 0.6/8h
2026-07-13_09:39:26 poolControl filterRuntimeToday: 39
2026-07-13_09:39:26 poolControl filterRemaining: 7.3
2026-07-13_09:39:26 poolControl Pool 29.6/Soll 32.0°C | Filter on (WP) | 0.7/8h
2026-07-13_09:40:16 poolControl filterRuntimeToday: 40
2026-07-13_09:40:35 poolControl filterRuntimeToday: 41
2026-07-13_09:41:35 poolControl filterRuntimeToday: 42
2026-07-13_09:42:26 poolControl solarIndex: 6
2026-07-13_09:43:18 poolControl poolTemp: 29.7
2026-07-13_09:43:18 poolControl inflowTemp: 30.7
2026-07-13_09:43:18 poolControl filterRuntimeToday: 43
2026-07-13_09:43:18 poolControl heatpumpEffective: 30.6
2026-07-13_09:43:18 poolControl Pool 29.7/Soll 32.0°C | Filter on (WP) | 0.7/8h
2026-07-13_09:43:45 poolControl filterRuntimeToday: 44
2026-07-13_09:44:46 poolControl filterRuntimeToday: 45
2026-07-13_09:45:11 poolControl filterRemaining: 7.2
2026-07-13_09:45:11 poolControl Pool 29.7/Soll 32.0°C | Filter on (WP) | 0.8/8h
2026-07-13_09:46:11 poolControl filterRuntimeToday: 46
2026-07-13_09:46:48 poolControl filterRuntimeToday: 47
2026-07-13_09:47:34 poolControl filterRuntimeToday: 48
2026-07-13_09:48:18 poolControl poolTemp: 29.8
2026-07-13_09:48:18 poolControl inflowTemp: 30.8
2026-07-13_09:48:18 poolControl heatpumpEffective: 30.7
2026-07-13_09:48:18 poolControl Pool 29.8/Soll 32.0°C | Filter on (WP) | 0.8/8h
2026-07-13_09:48:43 poolControl filterRuntimeToday: 49
2026-07-13_09:49:44 poolControl filterRuntimeToday: 50
2026-07-13_09:51:08 poolControl filterRuntimeToday: 51
2026-07-13_09:51:08 poolControl filterRemaining: 7.1
2026-07-13_09:51:08 poolControl Pool 29.8/Soll 32.0°C | Filter on (WP) | 0.9/8h
2026-07-13_09:52:27 poolControl filterRuntimeToday: 52
2026-07-13_09:53:18 poolControl filterRuntimeToday: 53
2026-07-13_09:53:36 poolControl filterRuntimeToday: 54
2026-07-13_09:54:36 poolControl filterRuntimeToday: 55
2026-07-13_09:56:00 poolControl filterRuntimeToday: 56
2026-07-13_09:57:00 poolControl filterRuntimeToday: 57
2026-07-13_09:57:26 poolControl filterRemaining: 7.0
2026-07-13_09:57:26 poolControl Pool 29.8/Soll 32.0°C | Filter on (WP) | 1.0/8h
2026-07-13_09:57:43 poolControl filterRuntimeToday: 58
2026-07-13_09:58:18 poolControl poolTemp: 29.9
2026-07-13_09:58:18 poolControl inflowTemp: 30.9
2026-07-13_09:58:18 poolControl heatpumpEffective: 30.8
2026-07-13_09:58:18 poolControl Pool 29.9/Soll 32.0°C | Filter on (WP) | 1.0/8h
2026-07-13_09:58:40 poolControl filterRuntimeToday: 59
2026-07-13_09:59:37 poolControl filterRuntimeToday: 60
2026-07-13_10:00:55 poolControl filterRuntimeToday: 61
2026-07-13_10:01:57 poolControl filterRuntimeToday: 62
2026-07-13_10:02:57 poolControl filterRuntimeToday: 63
2026-07-13_10:03:18 poolControl poolTemp: 30.0
2026-07-13_10:03:18 poolControl inflowTemp: 31.0
2026-07-13_10:03:18 poolControl filterRemaining: 6.9
2026-07-13_10:03:18 poolControl heatpumpEffective: 30.9
2026-07-13_10:03:18 poolControl Pool 30.0/Soll 32.0°C | Filter on (WP) | 1.1/8h
2026-07-13_10:04:07 poolControl filterRuntimeToday: 64
2026-07-13_10:05:08 poolControl filterRuntimeToday: 65
2026-07-13_10:06:19 poolControl filterRuntimeToday: 66
2026-07-13_10:06:51 poolControl filterRuntimeToday: 67
2026-07-13_10:07:51 poolControl filterRuntimeToday: 68
2026-07-13_10:08:18 poolControl poolTemp: 30.1
2026-07-13_10:08:18 poolControl inflowTemp: 31.1
2026-07-13_10:08:18 poolControl heatpumpEffective: 31.0
2026-07-13_10:08:18 poolControl Pool 30.1/Soll 32.0°C | Filter on (WP) | 1.1/8h
2026-07-13_10:08:50 poolControl filterRuntimeToday: 69
2026-07-13_10:09:19 poolControl filterRemaining: 6.8
2026-07-13_10:09:19 poolControl Pool 30.1/Soll 32.0°C | Filter on (WP) | 1.2/8h
2026-07-13_10:09:52 poolControl filterRuntimeToday: 70
2026-07-13_10:10:52 poolControl filterRuntimeToday: 71
2026-07-13_10:11:34 poolControl filterRuntimeToday: 72
2026-07-13_10:13:15 poolControl filterRuntimeToday: 73
2026-07-13_10:14:18 poolControl filterRuntimeToday: 74
2026-07-13_10:14:34 poolControl filterRuntimeToday: 75
2026-07-13_10:15:34 poolControl filterRuntimeToday: 76
2026-07-13_10:15:34 poolControl filterRemaining: 6.7
2026-07-13_10:15:34 poolControl Pool 30.1/Soll 32.0°C | Filter on (WP) | 1.3/8h
2026-07-13_10:16:51 poolControl filterRuntimeToday: 77
2026-07-13_10:17:29 poolControl solarIndex: 7
2026-07-13_10:18:18 poolControl poolTemp: 30.2
2026-07-13_10:18:18 poolControl inflowTemp: 31.3
2026-07-13_10:18:18 poolControl filterRuntimeToday: 78
2026-07-13_10:18:18 poolControl heatpumpEffective: 31.1
2026-07-13_10:18:18 poolControl Pool 30.2/Soll 32.0°C | Filter on (WP) | 1.3/8h
2026-07-13_10:18:52 poolControl solarIndex: 6
2026-07-13_10:18:52 poolControl filterRuntimeToday: 79
2026-07-13_10:19:52 poolControl filterRuntimeToday: 80
2026-07-13_10:20:52 poolControl filterRuntimeToday: 81
2026-07-13_10:21:52 poolControl filterRuntimeToday: 82
2026-07-13_10:21:52 poolControl filterRemaining: 6.6
2026-07-13_10:21:52 poolControl Pool 30.2/Soll 32.0°C | Filter on (WP) | 1.4/8h
2026-07-13_10:22:52 poolControl filterRuntimeToday: 83
2026-07-13_10:23:19 poolControl poolTemp: 30.3
2026-07-13_10:23:19 poolControl solarIndex: 5
2026-07-13_10:23:19 poolControl heatpumpEffective: 31.2
2026-07-13_10:23:19 poolControl Pool 30.3/Soll 32.0°C | Filter on (WP) | 1.4/8h
2026-07-13_10:24:20 poolControl filterRuntimeToday: 84
2026-07-13_10:25:20 poolControl filterRuntimeToday: 85
2026-07-13_10:26:20 poolControl filterRuntimeToday: 86
2026-07-13_10:27:20 poolControl filterRuntimeToday: 87
2026-07-13_10:27:20 poolControl filterRemaining: 6.5
2026-07-13_10:27:20 poolControl Pool 30.3/Soll 32.0°C | Filter on (WP) | 1.5/8h
2026-07-13_10:28:17 poolControl poolTemp: 30.4
2026-07-13_10:28:17 poolControl inflowTemp: 31.4
2026-07-13_10:28:17 poolControl filterRuntimeToday: 88
2026-07-13_10:28:17 poolControl heatpumpEffective: 31.3
2026-07-13_10:28:17 poolControl Pool 30.4/Soll 32.0°C | Filter on (WP) | 1.5/8h
2026-07-13_10:29:26 poolControl filterRuntimeToday: 89
2026-07-13_10:30:26 poolControl filterRuntimeToday: 90
2026-07-13_10:31:26 poolControl filterRuntimeToday: 91
2026-07-13_10:32:26 poolControl filterRuntimeToday: 92
2026-07-13_10:32:37 poolControl filterRuntimeToday: 93
2026-07-13_10:33:17 poolControl inflowTemp: 31.5
2026-07-13_10:33:17 poolControl filterRemaining: 6.4
2026-07-13_10:33:17 poolControl Pool 30.4/Soll 32.0°C | Filter on (WP) | 1.6/8h
2026-07-13_10:34:18 poolControl filterRuntimeToday: 94
2026-07-13_10:35:18 poolControl filterRuntimeToday: 95
2026-07-13_10:36:18 poolControl filterRuntimeToday: 96
2026-07-13_10:36:43 poolControl solarIndex: 6
2026-07-13_10:36:43 poolControl filterRuntimeToday: 97
2026-07-13_10:37:43 poolControl filterRuntimeToday: 98
2026-07-13_10:38:18 poolControl poolTemp: 30.6
2026-07-13_10:38:18 poolControl inflowTemp: 31.6
2026-07-13_10:38:18 poolControl heatpumpEffective: 31.5
2026-07-13_10:38:18 poolControl Pool 30.6/Soll 32.0°C | Filter on (WP) | 1.6/8h
2026-07-13_10:39:18 poolControl filterRuntimeToday: 99
2026-07-13_10:39:18 poolControl filterRemaining: 6.3
2026-07-13_10:39:18 poolControl Pool 30.6/Soll 32.0°C | Filter on (WP) | 1.7/8h
2026-07-13_10:40:18 poolControl filterRuntimeToday: 100
2026-07-13_10:41:23 poolControl filterRuntimeToday: 101
2026-07-13_10:42:23 poolControl filterRuntimeToday: 102
2026-07-13_10:43:17 poolControl filterRuntimeToday: 103
2026-07-13_10:43:58 poolControl filterRuntimeToday: 104
2026-07-13_10:44:58 poolControl filterRuntimeToday: 105
2026-07-13_10:45:58 poolControl filterRuntimeToday: 106
2026-07-13_10:45:58 poolControl filterRemaining: 6.2
2026-07-13_10:45:58 poolControl Pool 30.6/Soll 32.0°C | Filter on (WP) | 1.8/8h
2026-07-13_10:46:58 poolControl filterRuntimeToday: 107
2026-07-13_10:47:28 poolControl solarIndex: 5
2026-07-13_10:48:17 poolControl poolTemp: 30.7
2026-07-13_10:48:17 poolControl inflowTemp: 31.7
2026-07-13_10:48:17 poolControl filterRuntimeToday: 108
2026-07-13_10:48:17 poolControl Pool 30.7/Soll 32.0°C | Filter on (WP) | 1.8/8h
2026-07-13_10:48:52 poolControl solarIndex: 6
2026-07-13_10:48:52 poolControl filterRuntimeToday: 109
2026-07-13_10:49:52 poolControl filterRuntimeToday: 110
2026-07-13_10:50:36 poolControl filterRuntimeToday: 111
2026-07-13_10:51:59 poolControl filterRuntimeToday: 112
2026-07-13_10:51:59 poolControl filterRemaining: 6.1
2026-07-13_10:51:59 poolControl Pool 30.7/Soll 32.0°C | Filter on (WP) | 1.9/8h
2026-07-13_10:52:59 poolControl filterRuntimeToday: 113
2026-07-13_10:53:18 poolControl poolTemp: 30.8
2026-07-13_10:53:18 poolControl inflowTemp: 31.8
2026-07-13_10:53:18 poolControl Pool 30.8/Soll 32.0°C | Filter on (WP) | 1.9/8h
2026-07-13_10:53:47 poolControl filterRuntimeToday: 114
2026-07-13_10:54:47 poolControl filterRuntimeToday: 115
2026-07-13_10:55:47 poolControl filterRuntimeToday: 116
2026-07-13_10:56:41 poolControl filterRuntimeToday: 117
2026-07-13_10:57:41 poolControl filterRuntimeToday: 118
2026-07-13_10:57:41 poolControl filterRemaining: 6.0
2026-07-13_10:57:41 poolControl Pool 30.8/Soll 32.0°C | Filter on (WP) | 2.0/8h
2026-07-13_10:58:18 poolControl poolTemp: 30.9
2026-07-13_10:58:18 poolControl inflowTemp: 31.9
2026-07-13_10:58:18 poolControl Pool 30.9/Soll 32.0°C | Filter on (WP) | 2.0/8h
2026-07-13_10:59:18 poolControl filterRuntimeToday: 119
2026-07-13_10:59:37 poolControl filterRuntimeToday: 120
2026-07-13_11:00:37 poolControl filterRuntimeToday: 121
2026-07-13_11:01:37 poolControl filterRuntimeToday: 122
2026-07-13_11:03:18 poolControl poolTemp: 31.0
2026-07-13_11:03:18 poolControl inflowTemp: 31.6
2026-07-13_11:03:18 poolControl filterState: off
2026-07-13_11:03:18 poolControl filterReason: Heizbedarf, keine Quelle
2026-07-13_11:03:18 poolControl filterRuntimeToday: 123
2026-07-13_11:03:18 poolControl filterRemaining: 2.9
2026-07-13_11:03:18 poolControl heatpumpState: off
2026-07-13_11:03:18 poolControl heatpumpEffective: 28.5
2026-07-13_11:03:18 poolControl lastDecision: Solar heizt nicht: off (ausserhalb Solarfenster); WP aus: Pool >= WP-Sollwert (28)
2026-07-13_11:03:18 poolControl Pool 31.0/Soll 32.0°C | Filter off (Heizbedarf, keine Quelle) | 2.1/5h
2026-07-13_11:03:20 poolControl lastDecision: Solar heizt nicht: off (ausserhalb Solarfenster); WP aus: Solarindex zu niedrig (6, ein>=8/aus<=3)
2026-07-13_11:03:52 poolControl solarIndex: 7
2026-07-13_11:03:52 poolControl lastDecision: Solar heizt nicht: off (ausserhalb Solarfenster); WP aus: Solarindex zu niedrig (7, ein>=8/aus<=3)
2026-07-13_11:04:06 poolControl heatpumpEffective: 31.5
2026-07-13_11:04:23 poolControl filterRemaining: 5.9
2026-07-13_11:04:23 poolControl Pool 31.0/Soll 32.0°C | Filter off (Heizbedarf, keine Quelle) | 2.1/8h
2026-07-13_11:05:43 poolControl solarIndex: 6
2026-07-13_11:05:43 poolControl lastDecision: Solar heizt nicht: off (ausserhalb Solarfenster); WP aus: Solarindex zu niedrig (6, ein>=8/aus<=3)
2026-07-13_11:06:36 poolControl solarIndex: 7
2026-07-13_11:06:36 poolControl lastDecision: Solar heizt nicht: off (ausserhalb Solarfenster); WP aus: Solarindex zu niedrig (7, ein>=8/aus<=3)
2026-07-13_11:08:18 poolControl poolTemp: 30.9
2026-07-13_11:08:18 poolControl inflowTemp: 32.2
2026-07-13_11:08:18 poolControl Pool 30.9/Soll 32.0°C | Filter off (Heizbedarf, keine Quelle) | 2.1/8h
2026-07-13_11:13:17 poolControl inflowTemp: 33.1
2026-07-13_11:16:47 poolControl solarIndex: 6
2026-07-13_11:16:47 poolControl lastDecision: Solar heizt nicht: off (ausserhalb Solarfenster); WP aus: Solarindex zu niedrig (6, ein>=8/aus<=3)
2026-07-13_11:17:46 poolControl solarIndex: 7
2026-07-13_11:17:46 poolControl lastDecision: Solar heizt nicht: off (ausserhalb Solarfenster); WP aus: Solarindex zu niedrig (7, ein>=8/aus<=3)
2026-07-13_11:18:18 poolControl poolTemp: 31.0
2026-07-13_11:18:18 poolControl Pool 31.0/Soll 32.0°C | Filter off (Heizbedarf, keine Quelle) | 2.1/8h
2026-07-13_11:23:18 poolControl inflowTemp: 33.4
2026-07-13_11:33:19 poolControl poolTemp: 31.1
2026-07-13_11:33:19 poolControl inflowTemp: 33.2
2026-07-13_11:33:19 poolControl Pool 31.1/Soll 32.0°C | Filter off (Heizbedarf, keine Quelle) | 2.1/8h
2026-07-13_11:38:19 poolControl inflowTemp: 32.6
2026-07-13_11:38:26 poolControl solarIndex: 6
2026-07-13_11:38:26 poolControl lastDecision: Solar heizt nicht: off (ausserhalb Solarfenster); WP aus: Solarindex zu niedrig (6, ein>=8/aus<=3)
2026-07-13_11:39:34 poolControl solarIndex: 7
2026-07-13_11:39:34 poolControl lastDecision: Solar heizt nicht: off (ausserhalb Solarfenster); WP aus: Solarindex zu niedrig (7, ein>=8/aus<=3)
2026-07-13_11:43:19 poolControl inflowTemp: 32.0
2026-07-13_11:48:19 poolControl inflowTemp: 31.7
2026-07-13_11:53:19 poolControl poolTemp: 31.2
2026-07-13_11:53:19 poolControl inflowTemp: 31.6
2026-07-13_11:53:19 poolControl Pool 31.2/Soll 32.0°C | Filter off (Heizbedarf, keine Quelle) | 2.1/8h
2026-07-13_11:54:06 poolControl solarIndex: 6
2026-07-13_11:54:06 poolControl lastDecision: Solar heizt nicht: off (ausserhalb Solarfenster); WP aus: Solarindex zu niedrig (6, ein>=8/aus<=3)
2026-07-13_11:58:19 poolControl inflowTemp: 31.4
2026-07-13_12:03:18 poolControl poolTemp: 31.3
2026-07-13_12:03:18 poolControl Pool 31.3/Soll 32.0°C | Filter off (Heizbedarf, keine Quelle) | 2.1/8h
2026-07-13_12:13:18 poolControl inflowTemp: 31.5
2026-07-13_12:18:18 poolControl poolTemp: 31.4
2026-07-13_12:18:18 poolControl inflowTemp: 31.6
2026-07-13_12:18:18 poolControl Pool 31.4/Soll 32.0°C | Filter off (Heizbedarf, keine Quelle) | 2.1/8h
2026-07-13_12:28:18 poolControl poolTemp: 31.5
2026-07-13_12:28:18 poolControl Pool 31.5/Soll 32.0°C | Filter off (Heizbedarf, keine Quelle) | 2.1/8h
2026-07-13_12:33:18 poolControl poolTemp: 31.6
2026-07-13_12:33:18 poolControl Pool 31.6/Soll 32.0°C | Filter off (Heizbedarf, keine Quelle) | 2.1/8h
2026-07-13_12:38:18 poolControl poolTemp: 31.5
2026-07-13_12:38:18 poolControl inflowTemp: 31.7
2026-07-13_12:38:18 poolControl Pool 31.5/Soll 32.0°C | Filter off (Heizbedarf, keine Quelle) | 2.1/8h
2026-07-13_12:43:18 poolControl poolTemp: 31.6
2026-07-13_12:43:18 poolControl inflowTemp: 31.8
2026-07-13_12:43:18 poolControl Pool 31.6/Soll 32.0°C | Filter off (Heizbedarf, keine Quelle) | 2.1/8h
2026-07-13_12:53:18 poolControl inflowTemp: 31.9
2026-07-13_12:58:19 poolControl poolTemp: 31.7
2026-07-13_12:58:19 poolControl Pool 31.7/Soll 32.0°C | Filter off (Heizbedarf, keine Quelle) | 2.1/8h
2026-07-13_13:00:43 poolControl solarState: on (Anlaufversuch)
2026-07-13_13:00:43 poolControl lastDecision: Solar heizt nicht: on (Anlaufversuch); WP aus: Solarindex zu niedrig (6, ein>=8/aus<=3)
2026-07-13_13:00:45 poolControl filterReason: Solar (Anlauf)
2026-07-13_13:00:45 poolControl solarState: on (Pruefphase)
2026-07-13_13:00:45 poolControl lastDecision: Solar heizt nicht: on (Pruefphase); WP aus: Solarindex zu niedrig (6, ein>=8/aus<=3)
2026-07-13_13:00:45 poolControl Pool 31.7/Soll 32.0°C | Filter off (Solar (Anlauf)) | 2.1/8h
2026-07-13_13:03:19 poolControl inflowTemp: 38.3
2026-07-13_13:03:19 poolControl filterReason: Solar
2026-07-13_13:03:19 poolControl solarHeating: yes
2026-07-13_13:03:19 poolControl lastDecision: WP aus: Solarindex zu niedrig (6, ein>=8/aus<=3)
2026-07-13_13:03:19 poolControl Pool 31.7/Soll 32.0°C | Filter off (Solar) | 2.1/8h
2026-07-13_13:05:41 poolControl solarState: on (heizt)
2026-07-13_13:08:18 poolControl poolTemp: 31.8
2026-07-13_13:08:18 poolControl inflowTemp: 43.0
2026-07-13_13:08:18 poolControl Pool 31.8/Soll 32.0°C | Filter off (Solar) | 2.1/8h
2026-07-13_13:09:49 poolControl solarIndex: 5
2026-07-13_13:09:49 poolControl lastDecision: WP aus: Solarindex zu niedrig (5, ein>=8/aus<=3)
2026-07-13_13:13:18 poolControl poolTemp: 31.6
2026-07-13_13:13:18 poolControl inflowTemp: 38.8
2026-07-13_13:13:18 poolControl Pool 31.6/Soll 32.0°C | Filter off (Solar) | 2.1/8h
2026-07-13_13:16:53 poolControl solarIndex: 4
2026-07-13_13:16:53 poolControl lastDecision: WP aus: Solarindex zu niedrig (4, ein>=8/aus<=3)
2026-07-13_13:17:53 poolControl solarIndex: 5
2026-07-13_13:17:53 poolControl lastDecision: WP aus: Solarindex zu niedrig (5, ein>=8/aus<=3)
2026-07-13_13:18:18 poolControl poolTemp: 31.9
2026-07-13_13:18:18 poolControl inflowTemp: 36.4
2026-07-13_13:18:18 poolControl Pool 31.9/Soll 32.0°C | Filter off (Solar) | 2.1/8h
2026-07-13_13:18:52 poolControl solarIndex: 4
2026-07-13_13:18:52 poolControl lastDecision: WP aus: Solarindex zu niedrig (4, ein>=8/aus<=3)
2026-07-13_13:19:59 poolControl solarIndex: 5
2026-07-13_13:19:59 poolControl lastDecision: WP aus: Solarindex zu niedrig (5, ein>=8/aus<=3)
2026-07-13_13:23:18 poolControl inflowTemp: 36.5
2026-07-13_13:28:19 poolControl poolTemp: 32.0
2026-07-13_13:28:19 poolControl inflowTemp: 36.7
2026-07-13_13:28:19 poolControl heatingNeeded: no
2026-07-13_13:28:19 poolControl solarState: off (Soll erreicht)
2026-07-13_13:28:19 poolControl Pool 32.0/Soll 32.0°C | Filter off (Solar) | 2.1/8h
2026-07-13_13:28:21 poolControl filterState: on
2026-07-13_13:28:21 poolControl filterReason: Umruehren
2026-07-13_13:28:21 poolControl mixState: active
2026-07-13_13:28:21 poolControl solarState: off
2026-07-13_13:28:21 poolControl solarHeating: no
2026-07-13_13:28:21 poolControl Pool 32.0/Soll 32.0°C | Filter on (Umruehren) | 2.1/8h
2026-07-13_13:29:17 poolControl solarIndex: 4
2026-07-13_13:29:17 poolControl filterRuntimeToday: 124
2026-07-13_13:29:17 poolControl lastDecision: WP aus: Solarindex zu niedrig (4, ein>=8/aus<=3)
2026-07-13_13:30:17 poolControl filterRuntimeToday: 125
2026-07-13_13:31:34 poolControl filterRuntimeToday: 126
2026-07-13_13:31:37 poolControl filterRuntimeToday: 127
2026-07-13_13:32:37 poolControl filterRuntimeToday: 128
2026-07-13_13:33:18 poolControl inflowTemp: 32.1
2026-07-13_13:34:02 poolControl filterState: off
2026-07-13_13:34:02 poolControl filterReason: kein Bedarf
2026-07-13_13:34:02 poolControl filterRuntimeToday: 129
2026-07-13_13:34:02 poolControl mixState: idle
2026-07-13_13:34:02 poolControl Pool 32.0/Soll 32.0°C | Filter off (kein Bedarf) | 2.1/8h
2026-07-13_13:35:18 poolControl solarIndex: 5
2026-07-13_13:35:18 poolControl lastDecision: WP aus: Solarindex zu niedrig (5, ein>=8/aus<=3)
2026-07-13_13:38:18 poolControl inflowTemp: 33.8
2026-07-13_13:43:18 poolControl poolTemp: 32.1
2026-07-13_13:43:18 poolControl inflowTemp: 35.2
2026-07-13_13:43:18 poolControl Pool 32.1/Soll 32.0°C | Filter off (kein Bedarf) | 2.1/8h
2026-07-13_13:48:18 poolControl inflowTemp: 34.8
2026-07-13_13:53:18 poolControl inflowTemp: 34.4
2026-07-13_13:58:18 poolControl poolTemp: 32.3
2026-07-13_13:58:18 poolControl inflowTemp: 34.3
2026-07-13_13:58:18 poolControl Pool 32.3/Soll 32.0°C | Filter off (kein Bedarf) | 2.1/8h
2026-07-13_14:00:51 poolControl solarIndex: 4
2026-07-13_14:00:51 poolControl lastDecision: WP aus: Solarindex zu niedrig (4, ein>=8/aus<=3)
2026-07-13_14:02:09 poolControl solarIndex: 5
2026-07-13_14:02:09 poolControl lastDecision: WP aus: Solarindex zu niedrig (5, ein>=8/aus<=3)
2026-07-13_14:03:19 poolControl inflowTemp: 34.1
2026-07-13_14:03:56 poolControl solarIndex: 3
2026-07-13_14:03:56 poolControl lastDecision: WP aus: Solarindex zu niedrig (3, ein>=8/aus<=3)
2026-07-13_14:05:11 poolControl solarIndex: 5
2026-07-13_14:05:11 poolControl lastDecision: WP aus: Solarindex zu niedrig (5, ein>=8/aus<=3)
2026-07-13_14:07:40 poolControl solarIndex: 4
2026-07-13_14:07:40 poolControl lastDecision: WP aus: Solarindex zu niedrig (4, ein>=8/aus<=3)
2026-07-13_14:13:18 poolControl inflowTemp: 34.2
2026-07-13_14:18:18 poolControl poolTemp: 32.4
2026-07-13_14:18:18 poolControl inflowTemp: 34.4
2026-07-13_14:18:18 poolControl Pool 32.4/Soll 32.0°C | Filter off (kein Bedarf) | 2.1/8h
2026-07-13_14:18:52 poolControl solarIndex: 6
2026-07-13_14:18:52 poolControl lastDecision: WP aus: Solarindex zu niedrig (6, ein>=8/aus<=3)
2026-07-13_14:23:18 poolControl inflowTemp: 34.3
2026-07-13_14:33:18 poolControl poolTemp: 32.5
2026-07-13_14:33:18 poolControl Pool 32.5/Soll 32.0°C | Filter off (kein Bedarf) | 2.1/8h
2026-07-13_14:34:18 poolControl filterState: on
2026-07-13_14:34:18 poolControl filterReason: Umruehren
2026-07-13_14:34:18 poolControl mixState: active
2026-07-13_14:34:18 poolControl Pool 32.5/Soll 32.0°C | Filter on (Umruehren) | 2.1/8h
2026-07-13_14:35:20 poolControl filterRuntimeToday: 130
2026-07-13_14:35:20 poolControl filterRemaining: 5.8
2026-07-13_14:35:20 poolControl Pool 32.5/Soll 32.0°C | Filter on (Umruehren) | 2.2/8h
2026-07-13_14:36:20 poolControl filterRuntimeToday: 131
2026-07-13_14:37:21 poolControl filterRuntimeToday: 132
2026-07-13_14:38:09 poolControl filterRuntimeToday: 133
2026-07-13_14:38:18 poolControl poolTemp: 32.4
2026-07-13_14:38:18 poolControl inflowTemp: 32.5
2026-07-13_14:38:18 poolControl Pool 32.4/Soll 32.0°C | Filter on (Umruehren) | 2.2/8h
2026-07-13_14:39:18 poolControl filterRuntimeToday: 134
2026-07-13_14:40:18 poolControl filterState: off
2026-07-13_14:40:18 poolControl filterReason: kein Bedarf
2026-07-13_14:40:18 poolControl filterRuntimeToday: 135
2026-07-13_14:40:18 poolControl mixState: idle
2026-07-13_14:40:18 poolControl Pool 32.4/Soll 32.0°C | Filter off (kein Bedarf) | 2.2/8h
2026-07-13_14:43:18 poolControl inflowTemp: 32.6
2026-07-13_14:48:18 poolControl poolTemp: 32.5
2026-07-13_14:48:18 poolControl inflowTemp: 33.5
2026-07-13_14:48:18 poolControl Pool 32.5/Soll 32.0°C | Filter off (kein Bedarf) | 2.2/8h
2026-07-13_14:49:47 poolControl solarIndex: 4
2026-07-13_14:49:47 poolControl lastDecision: WP aus: Solarindex zu niedrig (4, ein>=8/aus<=3)
2026-07-13_14:52:49 poolControl filterManual: on
2026-07-13_14:52:49 poolControl filterState: on
2026-07-13_14:52:49 poolControl filterReason: manuell an
2026-07-13_14:52:49 poolControl Pool 32.5/Soll 32.0°C | Filter on (manuell an) | 2.2/8h
2026-07-13_14:53:19 poolControl poolTemp: 32.6
2026-07-13_14:53:19 poolControl inflowTemp: 32.6
2026-07-13_14:53:19 poolControl filterRemaining: 5.7
2026-07-13_14:53:19 poolControl Pool 32.6/Soll 32.0°C | Filter on (manuell an) | 2.3/8h
2026-07-13_14:54:19 poolControl filterRuntimeToday: 136
2026-07-13_14:55:19 poolControl filterRuntimeToday: 137
2026-07-13_14:56:19 poolControl filterRuntimeToday: 138
2026-07-13_14:57:19 poolControl filterRuntimeToday: 139
2026-07-13_14:58:18 poolControl solarIndex: 5
2026-07-13_14:58:18 poolControl filterRuntimeToday: 140
2026-07-13_14:58:18 poolControl lastDecision: WP aus: Solarindex zu niedrig (5, ein>=8/aus<=3)
2026-07-13_14:59:18 poolControl filterRuntimeToday: 141
2026-07-13_14:59:18 poolControl filterRemaining: 5.6
2026-07-13_14:59:18 poolControl Pool 32.6/Soll 32.0°C | Filter on (manuell an) | 2.4/8h
2026-07-13_15:00:18 poolControl filterRuntimeToday: 142
2026-07-13_15:01:18 poolControl filterRuntimeToday: 143
2026-07-13_15:02:18 poolControl filterRuntimeToday: 144
2026-07-13_15:02:24 poolControl solarIndex: 6
2026-07-13_15:02:24 poolControl filterRuntimeToday: 145
2026-07-13_15:02:24 poolControl lastDecision: WP aus: Solarindex zu niedrig (6, ein>=8/aus<=3)
2026-07-13_15:04:18 poolControl filterRuntimeToday: 146
2026-07-13_15:05:19 poolControl filterRuntimeToday: 147
2026-07-13_15:05:19 poolControl filterRemaining: 5.5
2026-07-13_15:05:19 poolControl Pool 32.6/Soll 32.0°C | Filter on (manuell an) | 2.5/8h
2026-07-13_15:06:19 poolControl filterRuntimeToday: 148
2026-07-13_15:06:55 poolControl solarIndex: 4
2026-07-13_15:06:55 poolControl filterRuntimeToday: 149
2026-07-13_15:06:55 poolControl lastDecision: WP aus: Solarindex zu niedrig (4, ein>=8/aus<=3)
2026-07-13_15:07:56 poolControl filterRuntimeToday: 150
2026-07-13_15:09:19 poolControl filterRuntimeToday: 151
2026-07-13_15:10:19 poolControl filterRuntimeToday: 152
2026-07-13_15:10:58 poolControl solarIndex: 1
2026-07-13_15:10:58 poolControl filterRuntimeToday: 153
2026-07-13_15:10:58 poolControl filterRemaining: 5.4
2026-07-13_15:10:58 poolControl lastDecision: WP aus: Solarindex zu niedrig (1, ein>=8/aus<=3)
2026-07-13_15:10:58 poolControl Pool 32.6/Soll 32.0°C | Filter on (manuell an) | 2.6/8h
2026-07-13_15:11:58 poolControl filterRuntimeToday: 154
2026-07-13_15:12:19 poolControl solarIndex: 2
2026-07-13_15:12:19 poolControl lastDecision: WP aus: Solarindex zu niedrig (2, ein>=8/aus<=3)
2026-07-13_15:13:19 poolControl filterRuntimeToday: 155
2026-07-13_15:14:24 poolControl solarIndex: 1
2026-07-13_15:14:24 poolControl filterRuntimeToday: 157
2026-07-13_15:14:24 poolControl lastDecision: WP aus: Solarindex zu niedrig (1, ein>=8/aus<=3)
2026-07-13_15:15:25 poolControl filterRuntimeToday: 158
2026-07-13_15:16:25 poolControl filterRuntimeToday: 159
2026-07-13_15:16:37 poolControl solarIndex: 4
2026-07-13_15:16:37 poolControl lastDecision: WP aus: Solarindex zu niedrig (4, ein>=8/aus<=3)
2026-07-13_15:17:37 poolControl filterRuntimeToday: 160
2026-07-13_15:17:37 poolControl filterRemaining: 5.3
2026-07-13_15:17:37 poolControl Pool 32.6/Soll 32.0°C | Filter on (manuell an) | 2.7/8h
2026-07-13_15:18:18 poolControl inflowTemp: 32.7
2026-07-13_15:18:52 poolControl solarIndex: 5
2026-07-13_15:18:52 poolControl filterRuntimeToday: 161
2026-07-13_15:18:52 poolControl lastDecision: WP aus: Solarindex zu niedrig (5, ein>=8/aus<=3)
2026-07-13_15:19:52 poolControl filterRuntimeToday: 162
2026-07-13_15:20:52 poolControl filterRuntimeToday: 163
2026-07-13_15:20:56 poolControl solarIndex: 4
2026-07-13_15:20:56 poolControl lastDecision: WP aus: Solarindex zu niedrig (4, ein>=8/aus<=3)
2026-07-13_15:21:57 poolControl filterRuntimeToday: 164
2026-07-13_15:22:57 poolControl filterRuntimeToday: 165
2026-07-13_15:22:57 poolControl filterRemaining: 5.2
2026-07-13_15:22:57 poolControl Pool 32.6/Soll 32.0°C | Filter on (manuell an) | 2.8/8h
2026-07-13_15:23:18 poolControl inflowTemp: 32.6
2026-07-13_15:24:18 poolControl filterRuntimeToday: 166
2026-07-13_15:25:19 poolControl filterRuntimeToday: 167
2026-07-13_15:25:34 poolControl solarIndex: 3
2026-07-13_15:25:34 poolControl filterRuntimeToday: 168
2026-07-13_15:25:34 poolControl lastDecision: WP aus: Solarindex zu niedrig (3, ein>=8/aus<=3)
2026-07-13_15:26:20 poolControl solarIndex: 1
2026-07-13_15:26:20 poolControl lastDecision: WP aus: Solarindex zu niedrig (1, ein>=8/aus<=3)
2026-07-13_15:27:20 poolControl filterRuntimeToday: 169
2026-07-13_15:27:36 poolControl solarIndex: 2
2026-07-13_15:27:36 poolControl filterRuntimeToday: 170
2026-07-13_15:27:36 poolControl lastDecision: WP aus: Solarindex zu niedrig (2, ein>=8/aus<=3)
2026-07-13_15:28:14 poolControl solarIndex: 1
2026-07-13_15:28:14 poolControl lastDecision: WP aus: Solarindex zu niedrig (1, ein>=8/aus<=3)
2026-07-13_15:28:53 poolControl solarIndex: 0
2026-07-13_15:28:53 poolControl filterRuntimeToday: 171
2026-07-13_15:28:53 poolControl lastDecision: WP aus: Solarindex zu niedrig (0, ein>=8/aus<=3)
2026-07-13_15:29:27 poolControl solarIndex: -1
2026-07-13_15:29:27 poolControl filterRuntimeToday: 172
2026-07-13_15:29:27 poolControl filterRemaining: 5.1
2026-07-13_15:29:27 poolControl lastDecision: WP aus: Solarindex zu niedrig (-1, ein>=8/aus<=3)
2026-07-13_15:29:27 poolControl Pool 32.6/Soll 32.0°C | Filter on (manuell an) | 2.9/8h
2026-07-13_15:30:27 poolControl filterRuntimeToday: 173
2026-07-13_15:31:14 poolControl solarIndex: 0
2026-07-13_15:31:14 poolControl lastDecision: WP aus: Solarindex zu niedrig (0, ein>=8/aus<=3)
2026-07-13_15:32:14 poolControl filterRuntimeToday: 174
2026-07-13_15:33:14 poolControl filterRuntimeToday: 175
2026-07-13_15:33:18 poolControl poolTemp: 32.5
2026-07-13_15:33:18 poolControl Pool 32.5/Soll 32.0°C | Filter on (manuell an) | 2.9/8h
2026-07-13_15:33:37 poolControl solarIndex: 2
2026-07-13_15:33:37 poolControl filterRuntimeToday: 176
2026-07-13_15:33:37 poolControl lastDecision: WP aus: Solarindex zu niedrig (2, ein>=8/aus<=3)
2026-07-13_15:34:37 poolControl filterRuntimeToday: 177
2026-07-13_15:35:37 poolControl filterRuntimeToday: 178
2026-07-13_15:35:37 poolControl filterRemaining: 5.0
2026-07-13_15:35:37 poolControl Pool 32.5/Soll 32.0°C | Filter on (manuell an) | 3.0/8h
2026-07-13_15:36:03 poolControl solarIndex: 3
2026-07-13_15:36:03 poolControl lastDecision: WP aus: Solarindex zu niedrig (3, ein>=8/aus<=3)
2026-07-13_15:37:03 poolControl filterRuntimeToday: 179
2026-07-13_15:38:03 poolControl filterRuntimeToday: 180
2026-07-13_15:38:18 poolControl inflowTemp: 32.5
2026-07-13_15:38:50 poolControl filterManual: auto
2026-07-13_15:38:50 poolControl filterState: off
2026-07-13_15:38:50 poolControl filterReason: kein Bedarf
2026-07-13_15:38:50 poolControl filterRuntimeToday: 181
2026-07-13_15:38:50 poolControl Pool 32.5/Soll 32.0°C | Filter off (kein Bedarf) | 3.0/8h
2026-07-13_15:40:27 poolControl solarIndex: 4
2026-07-13_15:40:27 poolControl lastDecision: WP aus: Solarindex zu niedrig (4, ein>=8/aus<=3)
2026-07-13_15:43:18 poolControl poolTemp: 32.4
2026-07-13_15:43:18 poolControl inflowTemp: 32.4
2026-07-13_15:43:18 poolControl Pool 32.4/Soll 32.0°C | Filter off (kein Bedarf) | 3.0/8h
2026-07-13_15:48:19 poolControl inflowTemp: 31.9
2026-07-13_15:48:52 poolControl solarIndex: 2
2026-07-13_15:48:52 poolControl lastDecision: WP aus: Solarindex zu niedrig (2, ein>=8/aus<=3)
2026-07-13_15:53:19 poolControl inflowTemp: 32.5
2026-07-13_15:58:18 poolControl poolTemp: 32.3
2026-07-13_15:58:18 poolControl inflowTemp: 31.8
2026-07-13_15:58:18 poolControl Pool 32.3/Soll 32.0°C | Filter off (kein Bedarf) | 3.0/8h
2026-07-13_15:58:25 poolControl solarIndex: 1
2026-07-13_15:58:25 poolControl lastDecision: WP aus: Solarindex zu niedrig (1, ein>=8/aus<=3)
2026-07-13_16:00:15 poolControl targetTemp: 33.5
2026-07-13_16:00:15 poolControl heatingNeeded: yes
2026-07-13_16:00:15 poolControl filterReason: Heizbedarf, keine Quelle
2026-07-13_16:00:15 poolControl solarState: on (Anlaufversuch)
2026-07-13_16:00:15 poolControl lastDecision: Solar heizt nicht: on (Anlaufversuch); WP aus: Solarindex zu niedrig (1, ein>=8/aus<=3)
2026-07-13_16:00:15 poolControl Pool 32.3/Soll 33.5°C | Filter off (Heizbedarf, keine Quelle) | 3.0/8h
2026-07-13_16:00:17 poolControl filterReason: Solar (Anlauf)
2026-07-13_16:00:17 poolControl solarState: on (Pruefphase)
2026-07-13_16:00:17 poolControl lastDecision: Solar heizt nicht: on (Pruefphase); WP aus: Solarindex zu niedrig (1, ein>=8/aus<=3)
2026-07-13_16:00:17 poolControl Pool 32.3/Soll 33.5°C | Filter off (Solar (Anlauf)) | 3.0/8h
2026-07-13_16:02:26 poolControl solarIndex: 5
2026-07-13_16:02:26 poolControl lastDecision: Solar heizt nicht: on (Pruefphase); WP aus: Solarindex zu niedrig (5, ein>=8/aus<=3)
2026-07-13_16:03:18 poolControl inflowTemp: 47.7
2026-07-13_16:03:18 poolControl filterReason: Solar
2026-07-13_16:03:18 poolControl solarHeating: yes
2026-07-13_16:03:18 poolControl lastDecision: WP aus: Solarindex zu niedrig (5, ein>=8/aus<=3)
2026-07-13_16:03:18 poolControl Pool 32.3/Soll 33.5°C | Filter off (Solar) | 3.0/8h
2026-07-13_16:04:18 poolControl solarState: on (heizt)
2026-07-13_16:06:03 poolControl solarIndex: 4
2026-07-13_16:06:03 poolControl lastDecision: WP aus: Solarindex zu niedrig (4, ein>=8/aus<=3)
2026-07-13_16:07:23 poolControl solarIndex: 3
2026-07-13_16:07:23 poolControl lastDecision: WP aus: Solarindex zu niedrig (3, ein>=8/aus<=3)
2026-07-13_16:08:18 poolControl inflowTemp: 38.8
2026-07-13_16:10:48 poolControl solarIndex: 4
2026-07-13_16:10:48 poolControl lastDecision: WP aus: Solarindex zu niedrig (4, ein>=8/aus<=3)
2026-07-13_16:13:18 poolControl inflowTemp: 36.7
2026-07-13_16:18:18 poolControl poolTemp: 32.6
2026-07-13_16:18:18 poolControl inflowTemp: 34.1
2026-07-13_16:18:18 poolControl Pool 32.6/Soll 33.5°C | Filter off (Solar) | 3.0/8h
2026-07-13_16:23:18 poolControl poolTemp: 32.8
2026-07-13_16:23:18 poolControl inflowTemp: 33.6
2026-07-13_16:23:18 poolControl Pool 32.8/Soll 33.5°C | Filter off (Solar) | 3.0/8h
2026-07-13_16:28:19 poolControl poolTemp: 32.7
2026-07-13_16:28:19 poolControl inflowTemp: 33.0
2026-07-13_16:28:19 poolControl filterReason: Solar (Anlauf)
2026-07-13_16:28:19 poolControl solarState: off (zu kalt, Auskuehlschutz)
2026-07-13_16:28:19 poolControl solarHeating: no
2026-07-13_16:28:19 poolControl lastDecision: Solar heizt nicht: off (zu kalt, Auskuehlschutz); WP aus: Solarindex zu niedrig (4, ein>=8/aus<=3)
2026-07-13_16:28:19 poolControl Pool 32.7/Soll 33.5°C | Filter off (Solar (Anlauf)) | 3.0/8h
2026-07-13_16:28:21 poolControl filterReason: Heizbedarf, keine Quelle
2026-07-13_16:28:21 poolControl solarState: off (Wartezeit nach Auskuehlung)
2026-07-13_16:28:21 poolControl lastDecision: Solar heizt nicht: off (Wartezeit nach Auskuehlung); WP aus: Solarindex zu niedrig (4, ein>=8/aus<=3)
2026-07-13_16:28:21 poolControl Pool 32.7/Soll 33.5°C | Filter off (Heizbedarf, keine Quelle) | 3.0/8h
2026-07-13_16:33:19 poolControl poolTemp: 32.4
2026-07-13_16:33:19 poolControl inflowTemp: 32.7
2026-07-13_16:33:19 poolControl Pool 32.4/Soll 33.5°C | Filter off (Heizbedarf, keine Quelle) | 3.0/8h
2026-07-13_16:38:19 poolControl inflowTemp: 32.5
2026-07-13_16:43:18 poolControl poolTemp: 32.3
2026-07-13_16:43:18 poolControl inflowTemp: 32.4
2026-07-13_16:43:18 poolControl Pool 32.3/Soll 33.5°C | Filter off (Heizbedarf, keine Quelle) | 3.0/8h
2026-07-13_16:48:19 poolControl inflowTemp: 32.3
2026-07-13_16:48:19 poolControl solarIndex: 2
2026-07-13_16:48:19 poolControl lastDecision: Solar heizt nicht: off (Wartezeit nach Auskuehlung); WP aus: Solarindex zu niedrig (2, ein>=8/aus<=3)
2026-07-13_16:48:52 poolControl solarIndex: 1
2026-07-13_16:48:52 poolControl lastDecision: Solar heizt nicht: off (Wartezeit nach Auskuehlung); WP aus: Solarindex zu niedrig (1, ein>=8/aus<=3)
2026-07-13_16:50:32 poolControl solarIndex: 0
2026-07-13_16:50:32 poolControl lastDecision: Solar heizt nicht: off (Wartezeit nach Auskuehlung); WP aus: Solarindex zu niedrig (0, ein>=8/aus<=3)
2026-07-13_16:52:55 poolControl solarIndex: -1
2026-07-13_16:52:55 poolControl lastDecision: Solar heizt nicht: off (Wartezeit nach Auskuehlung); WP aus: Solarindex zu niedrig (-1, ein>=8/aus<=3)
2026-07-13_16:53:19 poolControl poolTemp: 32.2
2026-07-13_16:53:19 poolControl Pool 32.2/Soll 33.5°C | Filter off (Heizbedarf, keine Quelle) | 3.0/8h
2026-07-13_16:55:33 poolControl solarIndex: 0
2026-07-13_16:55:33 poolControl lastDecision: Solar heizt nicht: off (Wartezeit nach Auskuehlung); WP aus: Solarindex zu niedrig (0, ein>=8/aus<=3)
2026-07-13_16:57:00 poolControl solarIndex: -2
2026-07-13_16:57:00 poolControl lastDecision: Solar heizt nicht: off (Wartezeit nach Auskuehlung); WP aus: Solarindex zu niedrig (-2, ein>=8/aus<=3)
2026-07-13_16:58:19 poolControl inflowTemp: 32.2
2026-07-13_16:58:19 poolControl solarState: on (Anlaufversuch)
2026-07-13_16:58:19 poolControl lastDecision: Solar heizt nicht: on (Anlaufversuch); WP aus: Solarindex zu niedrig (-2, ein>=8/aus<=3)
2026-07-13_16:58:21 poolControl filterReason: Solar (Anlauf)
2026-07-13_16:58:21 poolControl solarState: on (Pruefphase)
2026-07-13_16:58:21 poolControl lastDecision: Solar heizt nicht: on (Pruefphase); WP aus: Solarindex zu niedrig (-2, ein>=8/aus<=3)
2026-07-13_16:58:21 poolControl Pool 32.2/Soll 33.5°C | Filter off (Solar (Anlauf)) | 3.0/8h
2026-07-13_17:02:22 poolControl solarState: off (zu kalt, Auskuehlschutz)
2026-07-13_17:02:22 poolControl lastDecision: Solar heizt nicht: off (zu kalt, Auskuehlschutz); WP aus: Solarindex zu niedrig (-2, ein>=8/aus<=3)
2026-07-13_17:02:25 poolControl filterReason: Heizbedarf, keine Quelle
2026-07-13_17:02:25 poolControl solarState: off (Wartezeit nach Auskuehlung)
2026-07-13_17:02:25 poolControl lastDecision: Solar heizt nicht: off (Wartezeit nach Auskuehlung); WP aus: Solarindex zu niedrig (-2, ein>=8/aus<=3)
2026-07-13_17:02:25 poolControl Pool 32.2/Soll 33.5°C | Filter off (Heizbedarf, keine Quelle) | 3.0/8h
2026-07-13_17:03:08 poolControl solarIndex: -3
2026-07-13_17:03:08 poolControl lastDecision: Solar heizt nicht: off (Wartezeit nach Auskuehlung); WP aus: Solarindex zu niedrig (-3, ein>=8/aus<=3)
2026-07-13_17:03:18 poolControl inflowTemp: 32.1
2026-07-13_17:05:08 poolControl solarIndex: -2
2026-07-13_17:05:08 poolControl lastDecision: Solar heizt nicht: off (Wartezeit nach Auskuehlung); WP aus: Solarindex zu niedrig (-2, ein>=8/aus<=3)
2026-07-13_17:06:31 poolControl solarIndex: -3
2026-07-13_17:06:31 poolControl lastDecision: Solar heizt nicht: off (Wartezeit nach Auskuehlung); WP aus: Solarindex zu niedrig (-3, ein>=8/aus<=3)
2026-07-13_17:08:19 poolControl poolTemp: 32.1
2026-07-13_17:08:19 poolControl Pool 32.1/Soll 33.5°C | Filter off (Heizbedarf, keine Quelle) | 3.0/8h
2026-07-13_17:10:02 poolControl solarIndex: -2
2026-07-13_17:10:02 poolControl lastDecision: Solar heizt nicht: off (Wartezeit nach Auskuehlung); WP aus: Solarindex zu niedrig (-2, ein>=8/aus<=3)
2026-07-13_17:13:39 poolControl solarIndex: 2
2026-07-13_17:13:39 poolControl lastDecision: Solar heizt nicht: off (Wartezeit nach Auskuehlung); WP aus: Solarindex zu niedrig (2, ein>=8/aus<=3)
2026-07-13_17:15:55 poolControl solarIndex: 3
2026-07-13_17:15:55 poolControl lastDecision: Solar heizt nicht: off (Wartezeit nach Auskuehlung); WP aus: Solarindex zu niedrig (3, ein>=8/aus<=3)
2026-07-13_17:16:11 poolControl solarIndex: 4
2026-07-13_17:16:11 poolControl lastDecision: Solar heizt nicht: off (Wartezeit nach Auskuehlung); WP aus: Solarindex zu niedrig (4, ein>=8/aus<=3)
2026-07-13_17:17:44 poolControl solarIndex: 3
2026-07-13_17:17:44 poolControl lastDecision: Solar heizt nicht: off (Wartezeit nach Auskuehlung); WP aus: Solarindex zu niedrig (3, ein>=8/aus<=3)
2026-07-13_17:23:19 poolControl poolTemp: 32.0
2026-07-13_17:23:19 poolControl inflowTemp: 32.0
2026-07-13_17:23:19 poolControl Pool 32.0/Soll 33.5°C | Filter off (Heizbedarf, keine Quelle) | 3.0/8h
2026-07-13_17:25:27 poolControl solarIndex: 0
2026-07-13_17:25:27 poolControl lastDecision: Solar heizt nicht: off (Wartezeit nach Auskuehlung); WP aus: Solarindex zu niedrig (0, ein>=8/aus<=3)
2026-07-13_17:27:11 poolControl solarIndex: 1
2026-07-13_17:27:11 poolControl lastDecision: Solar heizt nicht: off (Wartezeit nach Auskuehlung); WP aus: Solarindex zu niedrig (1, ein>=8/aus<=3)
2026-07-13_17:27:30 poolControl solarIndex: 2
2026-07-13_17:27:30 poolControl lastDecision: Solar heizt nicht: off (Wartezeit nach Auskuehlung); WP aus: Solarindex zu niedrig (2, ein>=8/aus<=3)
2026-07-13_17:31:28 poolControl solarIndex: 1
2026-07-13_17:31:28 poolControl lastDecision: Solar heizt nicht: off (Wartezeit nach Auskuehlung); WP aus: Solarindex zu niedrig (1, ein>=8/aus<=3)
2026-07-13_17:32:29 poolControl solarState: on (Anlaufversuch)
2026-07-13_17:32:29 poolControl lastDecision: Solar heizt nicht: on (Anlaufversuch); WP aus: Solarindex zu niedrig (1, ein>=8/aus<=3)
2026-07-13_17:32:31 poolControl filterReason: Solar (Anlauf)
2026-07-13_17:32:31 poolControl solarState: on (Pruefphase)
2026-07-13_17:32:31 poolControl lastDecision: Solar heizt nicht: on (Pruefphase); WP aus: Solarindex zu niedrig (1, ein>=8/aus<=3)
2026-07-13_17:32:31 poolControl Pool 32.0/Soll 33.5°C | Filter off (Solar (Anlauf)) | 3.0/8h
2026-07-13_17:33:18 poolControl inflowTemp: 31.9
2026-07-13_17:33:33 poolControl solarIndex: 2
2026-07-13_17:33:33 poolControl lastDecision: Solar heizt nicht: on (Pruefphase); WP aus: Solarindex zu niedrig (2, ein>=8/aus<=3)
2026-07-13_17:37:08 poolControl solarState: off (zu kalt, Auskuehlschutz)
2026-07-13_17:37:08 poolControl lastDecision: Solar heizt nicht: off (zu kalt, Auskuehlschutz); WP aus: Solarindex zu niedrig (2, ein>=8/aus<=3)
2026-07-13_17:37:10 poolControl filterReason: Heizbedarf, keine Quelle
2026-07-13_17:37:10 poolControl solarState: off (Wartezeit nach Auskuehlung)
2026-07-13_17:37:10 poolControl lastDecision: Solar heizt nicht: off (Wartezeit nach Auskuehlung); WP aus: Solarindex zu niedrig (2, ein>=8/aus<=3)
2026-07-13_17:37:10 poolControl Pool 32.0/Soll 33.5°C | Filter off (Heizbedarf, keine Quelle) | 3.0/8h
2026-07-13_17:43:19 poolControl poolTemp: 32.1
2026-07-13_17:43:19 poolControl inflowTemp: 32.1
2026-07-13_17:43:19 poolControl Pool 32.1/Soll 33.5°C | Filter off (Heizbedarf, keine Quelle) | 3.0/8h
2026-07-13_17:48:18 poolControl inflowTemp: 32.2
2026-07-13_17:52:48 poolControl solarIndex: 4
2026-07-13_17:52:48 poolControl lastDecision: Solar heizt nicht: off (Wartezeit nach Auskuehlung); WP aus: Solarindex zu niedrig (4, ein>=8/aus<=3)
2026-07-13_17:53:15 poolControl solarIndex: 5
2026-07-13_17:53:15 poolControl lastDecision: Solar heizt nicht: off (Wartezeit nach Auskuehlung); WP aus: Solarindex zu niedrig (5, ein>=8/aus<=3)
2026-07-13_17:53:18 poolControl inflowTemp: 32.1
2026-07-13_17:55:58 poolControl solarIndex: 4
2026-07-13_17:55:58 poolControl lastDecision: Solar heizt nicht: off (Wartezeit nach Auskuehlung); WP aus: Solarindex zu niedrig (4, ein>=8/aus<=3)
2026-07-13_17:58:57 poolControl solarIndex: 2
2026-07-13_17:58:57 poolControl lastDecision: Solar heizt nicht: off (Wartezeit nach Auskuehlung); WP aus: Solarindex zu niedrig (2, ein>=8/aus<=3)
2026-07-13_17:59:49 poolControl solarIndex: 1
2026-07-13_17:59:49 poolControl lastDecision: Solar heizt nicht: off (Wartezeit nach Auskuehlung); WP aus: Solarindex zu niedrig (1, ein>=8/aus<=3)
2026-07-13_18:01:32 poolControl solarIndex: -1
2026-07-13_18:01:32 poolControl lastDecision: Solar heizt nicht: off (Wartezeit nach Auskuehlung); WP aus: Solarindex zu niedrig (-1, ein>=8/aus<=3)
2026-07-13_18:07:44 poolControl solarIndex: -3
2026-07-13_18:07:44 poolControl solarState: on (Anlaufversuch)
2026-07-13_18:07:44 poolControl lastDecision: Solar heizt nicht: on (Anlaufversuch); WP aus: Solarindex zu niedrig (-3, ein>=8/aus<=3)
2026-07-13_18:07:46 poolControl filterReason: Solar (Anlauf)
2026-07-13_18:07:46 poolControl solarState: on (Pruefphase)
2026-07-13_18:07:46 poolControl lastDecision: Solar heizt nicht: on (Pruefphase); WP aus: Solarindex zu niedrig (-3, ein>=8/aus<=3)
2026-07-13_18:07:46 poolControl Pool 32.1/Soll 33.5°C | Filter off (Solar (Anlauf)) | 3.0/8h
2026-07-13_18:12:18 poolControl solarState: off (zu kalt, Auskuehlschutz)
2026-07-13_18:12:18 poolControl lastDecision: Solar heizt nicht: off (zu kalt, Auskuehlschutz); WP aus: Solarindex zu niedrig (-3, ein>=8/aus<=3)
2026-07-13_18:12:21 poolControl filterReason: Heizbedarf, keine Quelle
2026-07-13_18:12:21 poolControl solarState: off (Wartezeit nach Auskuehlung)
2026-07-13_18:12:21 poolControl lastDecision: Solar heizt nicht: off (Wartezeit nach Auskuehlung); WP aus: Solarindex zu niedrig (-3, ein>=8/aus<=3)
2026-07-13_18:12:21 poolControl Pool 32.1/Soll 33.5°C | Filter off (Heizbedarf, keine Quelle) | 3.0/8h
2026-07-13_18:13:24 poolControl solarIndex: -4
2026-07-13_18:13:24 poolControl lastDecision: Solar heizt nicht: off (Wartezeit nach Auskuehlung); WP aus: Solarindex zu niedrig (-4, ein>=8/aus<=3)
2026-07-13_18:13:52 poolControl solarIndex: -5
2026-07-13_18:13:52 poolControl lastDecision: Solar heizt nicht: off (Wartezeit nach Auskuehlung); WP aus: Solarindex zu niedrig (-5, ein>=8/aus<=3)
2026-07-13_18:14:12 poolControl solarIndex: -6
2026-07-13_18:14:12 poolControl lastDecision: Solar heizt nicht: off (Wartezeit nach Auskuehlung); WP aus: Solarindex zu niedrig (-6, ein>=8/aus<=3)
2026-07-13_18:14:40 poolControl solarIndex: -5
2026-07-13_18:14:40 poolControl lastDecision: Solar heizt nicht: off (Wartezeit nach Auskuehlung); WP aus: Solarindex zu niedrig (-5, ein>=8/aus<=3)
2026-07-13_18:14:58 poolControl solarIndex: -4
2026-07-13_18:14:58 poolControl lastDecision: Solar heizt nicht: off (Wartezeit nach Auskuehlung); WP aus: Solarindex zu niedrig (-4, ein>=8/aus<=3)
2026-07-13_18:15:35 poolControl solarIndex: -6
2026-07-13_18:15:35 poolControl lastDecision: Solar heizt nicht: off (Wartezeit nach Auskuehlung); WP aus: Solarindex zu niedrig (-6, ein>=8/aus<=3)
2026-07-13_18:17:07 poolControl solarIndex: -5
2026-07-13_18:17:07 poolControl lastDecision: Solar heizt nicht: off (Wartezeit nach Auskuehlung); WP aus: Solarindex zu niedrig (-5, ein>=8/aus<=3)
2026-07-13_18:17:36 poolControl solarIndex: -6
2026-07-13_18:17:36 poolControl lastDecision: Solar heizt nicht: off (Wartezeit nach Auskuehlung); WP aus: Solarindex zu niedrig (-6, ein>=8/aus<=3)
2026-07-13_18:17:54 poolControl solarIndex: -5
2026-07-13_18:17:54 poolControl lastDecision: Solar heizt nicht: off (Wartezeit nach Auskuehlung); WP aus: Solarindex zu niedrig (-5, ein>=8/aus<=3)
2026-07-13_18:18:18 poolControl poolTemp: 32.2
2026-07-13_18:18:18 poolControl inflowTemp: 32.3
2026-07-13_18:18:18 poolControl Pool 32.2/Soll 33.5°C | Filter off (Heizbedarf, keine Quelle) | 3.0/8h
2026-07-13_18:18:49 poolControl solarIndex: -4
2026-07-13_18:18:49 poolControl lastDecision: Solar heizt nicht: off (Wartezeit nach Auskuehlung); WP aus: Solarindex zu niedrig (-4, ein>=8/aus<=3)
2026-07-13_18:22:29 poolControl solarIndex: -5
2026-07-13_18:22:29 poolControl lastDecision: Solar heizt nicht: off (Wartezeit nach Auskuehlung); WP aus: Solarindex zu niedrig (-5, ein>=8/aus<=3)
2026-07-13_18:23:16 poolControl solarIndex: -4
2026-07-13_18:23:16 poolControl lastDecision: Solar heizt nicht: off (Wartezeit nach Auskuehlung); WP aus: Solarindex zu niedrig (-4, ein>=8/aus<=3)
2026-07-13_18:23:54 poolControl solarIndex: -3
2026-07-13_18:23:54 poolControl lastDecision: Solar heizt nicht: off (Wartezeit nach Auskuehlung); WP aus: Solarindex zu niedrig (-3, ein>=8/aus<=3)
2026-07-13_18:25:12 poolControl solarIndex: -1
2026-07-13_18:25:12 poolControl lastDecision: Solar heizt nicht: off (Wartezeit nach Auskuehlung); WP aus: Solarindex zu niedrig (-1, ein>=8/aus<=3)
2026-07-13_18:25:47 poolControl solarIndex: -2
2026-07-13_18:25:47 poolControl lastDecision: Solar heizt nicht: off (Wartezeit nach Auskuehlung); WP aus: Solarindex zu niedrig (-2, ein>=8/aus<=3)
2026-07-13_18:27:07 poolControl solarIndex: -3
2026-07-13_18:27:07 poolControl lastDecision: Solar heizt nicht: off (Wartezeit nach Auskuehlung); WP aus: Solarindex zu niedrig (-3, ein>=8/aus<=3)
2026-07-13_18:29:19 poolControl solarIndex: -2
2026-07-13_18:29:19 poolControl lastDecision: Solar heizt nicht: off (Wartezeit nach Auskuehlung); WP aus: Solarindex zu niedrig (-2, ein>=8/aus<=3)
2026-07-13_18:30:51 poolControl solarIndex: -3
2026-07-13_18:30:51 poolControl lastDecision: Solar heizt nicht: off (Wartezeit nach Auskuehlung); WP aus: Solarindex zu niedrig (-3, ein>=8/aus<=3)
2026-07-13_18:33:01 poolControl solarIndex: -2
2026-07-13_18:33:01 poolControl lastDecision: Solar heizt nicht: off (Wartezeit nach Auskuehlung); WP aus: Solarindex zu niedrig (-2, ein>=8/aus<=3)
2026-07-13_18:33:19 poolControl poolTemp: 32.3
2026-07-13_18:33:19 poolControl Pool 32.3/Soll 33.5°C | Filter off (Heizbedarf, keine Quelle) | 3.0/8h
2026-07-13_18:34:15 poolControl solarIndex: -3
2026-07-13_18:34:15 poolControl lastDecision: Solar heizt nicht: off (Wartezeit nach Auskuehlung); WP aus: Solarindex zu niedrig (-3, ein>=8/aus<=3)
2026-07-13_18:36:04 poolControl solarIndex: -1
2026-07-13_18:36:04 poolControl lastDecision: Solar heizt nicht: off (Wartezeit nach Auskuehlung); WP aus: Solarindex zu niedrig (-1, ein>=8/aus<=3)
2026-07-13_18:38:18 poolControl inflowTemp: 32.4
2026-07-13_18:38:46 poolControl solarIndex: -2
2026-07-13_18:38:46 poolControl lastDecision: Solar heizt nicht: off (Wartezeit nach Auskuehlung); WP aus: Solarindex zu niedrig (-2, ein>=8/aus<=3)
2026-07-13_18:42:59 poolControl solarState: on (Anlaufversuch)
2026-07-13_18:42:59 poolControl lastDecision: Solar heizt nicht: on (Anlaufversuch); WP aus: Solarindex zu niedrig (-2, ein>=8/aus<=3)
2026-07-13_18:43:01 poolControl filterReason: Solar (Anlauf)
2026-07-13_18:43:01 poolControl solarState: on (Pruefphase)
2026-07-13_18:43:01 poolControl lastDecision: Solar heizt nicht: on (Pruefphase); WP aus: Solarindex zu niedrig (-2, ein>=8/aus<=3)
2026-07-13_18:43:01 poolControl Pool 32.3/Soll 33.5°C | Filter off (Solar (Anlauf)) | 3.0/8h
2026-07-13_18:43:18 poolControl poolTemp: 32.2
2026-07-13_18:43:18 poolControl Pool 32.2/Soll 33.5°C | Filter off (Solar (Anlauf)) | 3.0/8h
2026-07-13_18:47:41 poolControl solarState: off (zu kalt, Auskuehlschutz)
2026-07-13_18:47:41 poolControl lastDecision: Solar heizt nicht: off (zu kalt, Auskuehlschutz); WP aus: Solarindex zu niedrig (-2, ein>=8/aus<=3)
2026-07-13_18:47:43 poolControl filterReason: Heizbedarf, keine Quelle
2026-07-13_18:47:43 poolControl solarState: off (Wartezeit nach Auskuehlung)
2026-07-13_18:47:43 poolControl lastDecision: Solar heizt nicht: off (Wartezeit nach Auskuehlung); WP aus: Solarindex zu niedrig (-2, ein>=8/aus<=3)
2026-07-13_18:47:43 poolControl Pool 32.2/Soll 33.5°C | Filter off (Heizbedarf, keine Quelle) | 3.0/8h
2026-07-13_18:48:18 poolControl poolTemp: 32.3
2026-07-13_18:48:18 poolControl inflowTemp: 32.3
2026-07-13_18:48:18 poolControl Pool 32.3/Soll 33.5°C | Filter off (Heizbedarf, keine Quelle) | 3.0/8h
2026-07-13_18:58:29 poolControl solarIndex: -1
2026-07-13_18:58:29 poolControl lastDecision: Solar heizt nicht: off (Wartezeit nach Auskuehlung); WP aus: Solarindex zu niedrig (-1, ein>=8/aus<=3)
2026-07-13_18:59:10 poolControl solarIndex: -2
2026-07-13_18:59:10 poolControl lastDecision: Solar heizt nicht: off (Wartezeit nach Auskuehlung); WP aus: Solarindex zu niedrig (-2, ein>=8/aus<=3)
2026-07-13_19:00:32 poolControl solarIndex: -3
2026-07-13_19:00:32 poolControl lastDecision: Solar heizt nicht: off (Wartezeit nach Auskuehlung); WP aus: ausserhalb Zeitfenster
2026-07-13_19:01:16 poolControl solarIndex: -2
2026-07-13_19:02:44 poolControl solarIndex: -3
2026-07-13_19:07:51 poolControl solarIndex: -4
2026-07-13_19:08:09 poolControl solarIndex: -5
2026-07-13_19:08:49 poolControl solarIndex: -4
2026-07-13_19:09:10 poolControl solarIndex: -5
2026-07-13_19:11:33 poolControl solarIndex: -3
2026-07-13_19:12:10 poolControl solarIndex: -5
2026-07-13_19:12:36 poolControl solarIndex: -4
2026-07-13_19:13:49 poolControl solarIndex: -3
2026-07-13_19:15:28 poolControl solarIndex: -5
2026-07-13_19:16:13 poolControl solarIndex: -2
2026-07-13_19:16:56 poolControl solarIndex: -3
2026-07-13_19:18:12 poolControl solarIndex: -2
2026-07-13_19:18:12 poolControl solarState: on (Anlaufversuch)
2026-07-13_19:18:12 poolControl lastDecision: Solar heizt nicht: on (Anlaufversuch); WP aus: ausserhalb Zeitfenster
2026-07-13_19:18:18 poolControl filterReason: Solar (Anlauf)
2026-07-13_19:18:18 poolControl solarState: on (Pruefphase)
2026-07-13_19:18:18 poolControl lastDecision: Solar heizt nicht: on (Pruefphase); WP aus: ausserhalb Zeitfenster
2026-07-13_19:18:18 poolControl Pool 32.3/Soll 33.5°C | Filter off (Solar (Anlauf)) | 3.0/8h
2026-07-13_19:19:27 poolControl solarIndex: -4
2026-07-13_19:20:23 poolControl solarIndex: -5
2026-07-13_19:22:28 poolControl solarState: off (zu kalt, Auskuehlschutz)
2026-07-13_19:22:28 poolControl lastDecision: Solar heizt nicht: off (zu kalt, Auskuehlschutz); WP aus: ausserhalb Zeitfenster
2026-07-13_19:22:30 poolControl filterReason: Heizbedarf, keine Quelle
2026-07-13_19:22:30 poolControl solarState: off (Wartezeit nach Auskuehlung)
2026-07-13_19:22:30 poolControl lastDecision: Solar heizt nicht: off (Wartezeit nach Auskuehlung); WP aus: ausserhalb Zeitfenster
2026-07-13_19:22:30 poolControl Pool 32.3/Soll 33.5°C | Filter off (Heizbedarf, keine Quelle) | 3.0/8h
2026-07-13_19:23:18 poolControl poolTemp: 32.2
2026-07-13_19:23:18 poolControl Pool 32.2/Soll 33.5°C | Filter off (Heizbedarf, keine Quelle) | 3.0/8h
2026-07-13_19:25:31 poolControl solarIndex: -4
2026-07-13_19:25:51 poolControl solarIndex: -3
2026-07-13_19:32:15 poolControl solarIndex: -2
2026-07-13_19:35:47 poolControl solarIndex: -1
2026-07-13_19:36:37 poolControl solarIndex: -2
2026-07-13_19:37:43 poolControl solarIndex: -3
2026-07-13_19:38:21 poolControl solarIndex: -2
2026-07-13_19:38:59 poolControl solarIndex: -3
2026-07-13_19:39:52 poolControl solarIndex: -2
2026-07-13_19:40:39 poolControl solarIndex: -3
2026-07-13_19:42:38 poolControl solarIndex: -2
2026-07-13_19:43:45 poolControl solarIndex: -4
2026-07-13_19:44:33 poolControl solarIndex: -5
2026-07-13_19:47:20 poolControl solarIndex: -4
2026-07-13_19:51:59 poolControl solarIndex: -3
2026-07-13_19:52:43 poolControl solarIndex: -2
2026-07-13_19:52:43 poolControl solarState: on (Anlaufversuch)
2026-07-13_19:52:43 poolControl lastDecision: Solar heizt nicht: on (Anlaufversuch); WP aus: ausserhalb Zeitfenster
2026-07-13_19:52:46 poolControl filterReason: Solar (Anlauf)
2026-07-13_19:52:46 poolControl solarState: on (Pruefphase)
2026-07-13_19:52:46 poolControl lastDecision: Solar heizt nicht: on (Pruefphase); WP aus: ausserhalb Zeitfenster
2026-07-13_19:52:46 poolControl Pool 32.2/Soll 33.5°C | Filter off (Solar (Anlauf)) | 3.0/8h
2026-07-13_19:53:18 poolControl poolTemp: 32.1
2026-07-13_19:53:18 poolControl inflowTemp: 32.1
2026-07-13_19:53:18 poolControl Pool 32.1/Soll 33.5°C | Filter off (Solar (Anlauf)) | 3.0/8h
2026-07-13_19:55:10 poolControl solarIndex: -3
2026-07-13_19:56:16 poolControl solarIndex: -2
2026-07-13_19:56:53 poolControl solarState: off (zu kalt, Auskuehlschutz)
2026-07-13_19:56:53 poolControl lastDecision: Solar heizt nicht: off (zu kalt, Auskuehlschutz); WP aus: ausserhalb Zeitfenster
2026-07-13_19:56:56 poolControl filterReason: Heizbedarf, keine Quelle
2026-07-13_19:56:56 poolControl solarState: off (Wartezeit nach Auskuehlung)
2026-07-13_19:56:56 poolControl lastDecision: Solar heizt nicht: off (Wartezeit nach Auskuehlung); WP aus: ausserhalb Zeitfenster
2026-07-13_19:56:56 poolControl Pool 32.1/Soll 33.5°C | Filter off (Heizbedarf, keine Quelle) | 3.0/8h
2026-07-13_20:03:19 poolControl inflowTemp: 32.2
2026-07-13_20:06:39 poolControl solarIndex: -3
2026-07-13_20:07:25 poolControl solarIndex: -2
2026-07-13_20:08:21 poolControl inflowTemp: 32.1
2026-07-13_20:12:21 poolControl solarIndex: -3
2026-07-13_20:12:51 poolControl solarIndex: -2
2026-07-13_20:23:29 poolControl solarIndex: -1
2026-07-13_20:24:16 poolControl solarIndex: -2
2026-07-13_20:25:38 poolControl solarIndex: -1
2026-07-13_20:26:23 poolControl solarIndex: -2
2026-07-13_20:27:03 poolControl solarState: on (Anlaufversuch)
2026-07-13_20:27:03 poolControl lastDecision: Solar heizt nicht: on (Anlaufversuch); WP aus: ausserhalb Zeitfenster
2026-07-13_20:27:05 poolControl filterReason: Solar (Anlauf)
2026-07-13_20:27:05 poolControl solarState: on (Pruefphase)
2026-07-13_20:27:05 poolControl lastDecision: Solar heizt nicht: on (Pruefphase); WP aus: ausserhalb Zeitfenster
2026-07-13_20:27:05 poolControl Pool 32.1/Soll 33.5°C | Filter off (Solar (Anlauf)) | 3.0/8h
2026-07-13_20:28:12 poolControl solarIndex: -3
2026-07-13_20:28:18 poolControl poolTemp: 32.0
2026-07-13_20:28:18 poolControl inflowTemp: 32.0
2026-07-13_20:28:18 poolControl Pool 32.0/Soll 33.5°C | Filter off (Solar (Anlauf)) | 3.0/8h
2026-07-13_20:28:47 poolControl solarIndex: -2
2026-07-13_20:29:23 poolControl solarIndex: -3
2026-07-13_20:30:03 poolControl solarIndex: -2
2026-07-13_20:30:03 poolControl solarState: off (ausserhalb Solarfenster)
2026-07-13_20:30:03 poolControl lastDecision: Solar heizt nicht: off (ausserhalb Solarfenster); WP aus: ausserhalb Zeitfenster
2026-07-13_20:30:05 poolControl filterReason: Heizbedarf, keine Quelle
2026-07-13_20:30:05 poolControl Pool 32.0/Soll 33.5°C | Filter off (Heizbedarf, keine Quelle) | 3.0/8h
2026-07-13_20:32:29 poolControl solarIndex: -3
2026-07-13_20:33:18 poolControl inflowTemp: 32.1
2026-07-13_20:34:28 poolControl solarIndex: -2
2026-07-13_20:36:48 poolControl solarIndex: -4
2026-07-13_20:37:30 poolControl solarIndex: -6
2026-07-13_20:38:36 poolControl solarIndex: -7
2026-07-13_20:40:22 poolControl solarIndex: -6
2026-07-13_20:41:41 poolControl solarIndex: -7
2026-07-13_20:42:45 poolControl solarIndex: -6
2026-07-13_20:43:18 poolControl inflowTemp: 32.0
2026-07-13_20:45:00 poolControl solarIndex: -7
2026-07-13_20:45:25 poolControl solarIndex: -6
2026-07-13_20:45:54 poolControl solarIndex: -4
2026-07-13_20:47:44 poolControl solarIndex: -6
2026-07-13_20:48:13 poolControl solarIndex: -4
2026-07-13_20:48:43 poolControl solarIndex: -5
2026-07-13_20:53:18 poolControl poolTemp: 31.9
2026-07-13_20:53:18 poolControl Pool 31.9/Soll 33.5°C | Filter off (Heizbedarf, keine Quelle) | 3.0/8h
2026-07-13_20:53:47 poolControl solarIndex: -4
2026-07-13_20:54:02 poolControl solarIndex: -5
2026-07-13_20:56:35 poolControl solarIndex: -4
2026-07-13_20:57:30 poolControl solarIndex: -5
2026-07-13_20:57:50 poolControl solarIndex: -4
2026-07-13_20:58:12 poolControl solarIndex: -5
2026-07-13_21:05:44 poolControl solarIndex: -4
2026-07-13_21:06:22 poolControl solarIndex: -5
2026-07-13_21:07:47 poolControl solarIndex: -2
2026-07-13_21:08:18 poolControl inflowTemp: 31.9
2026-07-13_21:09:33 poolControl solarIndex: -3
2026-07-13_21:10:22 poolControl solarIndex: -2
2026-07-13_21:16:16 poolControl solarIndex: -3
2026-07-13_21:16:46 poolControl solarIndex: -2
2026-07-13_21:17:25 poolControl solarIndex: -3
2026-07-13_21:22:22 poolControl solarIndex: -2
2026-07-13_21:23:18 poolControl poolTemp: 31.8
2026-07-13_21:23:18 poolControl Pool 31.8/Soll 33.5°C | Filter off (Heizbedarf, keine Quelle) | 3.0/8h
2026-07-13_21:23:32 poolControl solarIndex: -3
2026-07-13_21:25:21 poolControl solarIndex: -2
2026-07-13_21:30:01 poolControl solarIndex: -3
2026-07-13_21:30:39 poolControl solarIndex: -2
2026-07-13_21:33:08 poolControl solarIndex: -3
2026-07-13_21:33:45 poolControl solarIndex: -2
2026-07-13_21:34:24 poolControl solarIndex: -3
2026-07-13_21:36:28 poolControl solarIndex: -2
2026-07-13_21:37:47 poolControl solarIndex: -3
2026-07-13_21:38:18 poolControl inflowTemp: 31.8
2026-07-13_21:41:38 poolControl solarIndex: -2
2026-07-13_21:42:45 poolControl solarIndex: -3
2026-07-13_21:55:01 poolControl solarIndex: -2
2026-07-13_21:56:29 poolControl solarIndex: -3
2026-07-13_21:58:18 poolControl poolTemp: 31.7
2026-07-13_21:58:18 poolControl Pool 31.7/Soll 33.5°C | Filter off (Heizbedarf, keine Quelle) | 3.0/8h
2026-07-13_21:59:52 poolControl solarIndex: -2
2026-07-13_22:00:02 poolControl filterState: on
2026-07-13_22:00:02 poolControl filterReason: Nachtfilterung
2026-07-13_22:00:02 poolControl Pool 31.7/Soll 33.5°C | Filter on (Nachtfilterung) | 3.0/8h
2026-07-13_22:00:30 poolControl solarIndex: -3
2026-07-13_22:01:00 poolControl filterRuntimeToday: 182
2026-07-13_22:01:58 poolControl filterRuntimeToday: 183
2026-07-13_22:02:29 poolControl filterRemaining: 4.9
2026-07-13_22:02:29 poolControl Pool 31.7/Soll 33.5°C | Filter on (Nachtfilterung) | 3.1/8h
2026-07-13_22:03:04 poolControl filterRuntimeToday: 184
2026-07-13_22:03:18 poolControl poolTemp: 31.8
2026-07-13_22:03:18 poolControl inflowTemp: 32.1
2026-07-13_22:03:18 poolControl Pool 31.8/Soll 33.5°C | Filter on (Nachtfilterung) | 3.1/8h
2026-07-13_22:03:57 poolControl filterRuntimeToday: 185
2026-07-13_22:04:44 poolControl filterRuntimeToday: 186
2026-07-13_22:06:07 poolControl filterRuntimeToday: 187
2026-07-13_22:06:36 poolControl filterRuntimeToday: 188
2026-07-13_22:07:53 poolControl filterRuntimeToday: 189
2026-07-13_22:08:18 poolControl poolTemp: 31.6
2026-07-13_22:08:18 poolControl inflowTemp: 31.8
2026-07-13_22:08:18 poolControl filterRemaining: 4.8
2026-07-13_22:08:18 poolControl Pool 31.6/Soll 33.5°C | Filter on (Nachtfilterung) | 3.2/8h
2026-07-13_22:08:50 poolControl filterRuntimeToday: 190
2026-07-13_22:09:49 poolControl filterRuntimeToday: 191
2026-07-13_22:10:44 poolControl filterRuntimeToday: 192
2026-07-13_22:11:47 poolControl filterRuntimeToday: 193
2026-07-13_22:12:42 poolControl filterRuntimeToday: 194
2026-07-13_22:13:18 poolControl inflowTemp: 31.7
2026-07-13_22:13:40 poolControl filterRuntimeToday: 195
2026-07-13_22:14:19 poolControl filterRemaining: 4.7
2026-07-13_22:14:19 poolControl Pool 31.6/Soll 33.5°C | Filter on (Nachtfilterung) | 3.3/8h
2026-07-13_22:14:47 poolControl filterRuntimeToday: 196
2026-07-13_22:15:54 poolControl solarIndex: -5
2026-07-13_22:15:54 poolControl filterRuntimeToday: 197
2026-07-13_22:16:45 poolControl filterRuntimeToday: 198
2026-07-13_22:17:51 poolControl filterRuntimeToday: 199
2026-07-13_22:18:18 poolControl inflowTemp: 31.6
2026-07-13_22:18:52 poolControl filterRuntimeToday: 200
2026-07-13_22:20:01 poolControl filterRuntimeToday: 201
2026-07-13_22:20:29 poolControl filterRemaining: 4.6
2026-07-13_22:20:29 poolControl Pool 31.6/Soll 33.5°C | Filter on (Nachtfilterung) | 3.4/8h
2026-07-13_22:20:54 poolControl filterRuntimeToday: 202
2026-07-13_22:22:02 poolControl filterRuntimeToday: 203
2026-07-13_22:23:05 poolControl filterRuntimeToday: 204
2026-07-13_22:24:01 poolControl filterRuntimeToday: 205
2026-07-13_22:25:02 poolControl filterRuntimeToday: 206
2026-07-13_22:25:39 poolControl filterRuntimeToday: 207
2026-07-13_22:26:20 poolControl filterRemaining: 4.5
2026-07-13_22:26:20 poolControl Pool 31.6/Soll 33.5°C | Filter on (Nachtfilterung) | 3.5/8h
2026-07-13_22:26:54 poolControl solarIndex: -4
2026-07-13_22:26:54 poolControl filterRuntimeToday: 208
2026-07-13_22:27:54 poolControl filterRuntimeToday: 209
2026-07-13_22:28:22 poolControl solarIndex: -3
2026-07-13_22:29:22 poolControl filterRuntimeToday: 210
2026-07-13_22:30:00 poolControl filterRuntimeToday: 211
2026-07-13_22:31:01 poolControl filterRuntimeToday: 212
2026-07-13_22:31:42 poolControl solarIndex: -2
2026-07-13_22:31:42 poolControl filterRuntimeToday: 213
2026-07-13_22:32:42 poolControl filterRuntimeToday: 214
2026-07-13_22:32:42 poolControl filterRemaining: 4.4
2026-07-13_22:32:42 poolControl Pool 31.6/Soll 33.5°C | Filter on (Nachtfilterung) | 3.6/8h
2026-07-13_22:34:19 poolControl filterRuntimeToday: 215
2026-07-13_22:34:47 poolControl solarIndex: -3
2026-07-13_22:34:47 poolControl filterRuntimeToday: 216
2026-07-13_22:35:47 poolControl filterRuntimeToday: 217
2026-07-13_22:36:24 poolControl solarIndex: -2
2026-07-13_22:37:25 poolControl filterRuntimeToday: 218
2026-07-13_22:37:32 poolControl solarIndex: -3
2026-07-13_22:38:18 poolControl filterRuntimeToday: 219
2026-07-13_22:38:18 poolControl filterRemaining: 4.3
2026-07-13_22:38:18 poolControl Pool 31.6/Soll 33.5°C | Filter on (Nachtfilterung) | 3.7/8h
2026-07-13_22:39:00 poolControl solarIndex: -2
2026-07-13_22:39:00 poolControl filterRuntimeToday: 220
2026-07-13_22:40:00 poolControl filterRuntimeToday: 221
2026-07-13_22:40:39 poolControl filterRuntimeToday: 222
2026-07-13_22:41:39 poolControl filterRuntimeToday: 223
2026-07-13_22:43:18 poolControl filterRuntimeToday: 224
2026-07-13_22:43:50 poolControl solarIndex: -3
2026-07-13_22:43:50 poolControl filterRuntimeToday: 225
2026-07-13_22:44:50 poolControl filterRuntimeToday: 226
2026-07-13_22:44:50 poolControl filterRemaining: 4.2
2026-07-13_22:44:50 poolControl Pool 31.6/Soll 33.5°C | Filter on (Nachtfilterung) | 3.8/8h
2026-07-13_22:46:25 poolControl filterRuntimeToday: 227
2026-07-13_22:47:08 poolControl solarIndex: -2
2026-07-13_22:47:08 poolControl filterRuntimeToday: 228
2026-07-13_22:48:08 poolControl filterRuntimeToday: 229
2026-07-13_22:48:19 poolControl poolTemp: 31.5
2026-07-13_22:48:19 poolControl inflowTemp: 31.5
2026-07-13_22:48:19 poolControl Pool 31.5/Soll 33.5°C | Filter on (Nachtfilterung) | 3.8/8h
2026-07-13_22:48:40 poolControl solarIndex: -3
2026-07-13_22:48:40 poolControl filterRuntimeToday: 230
2026-07-13_22:49:40 poolControl filterRuntimeToday: 231
2026-07-13_22:50:55 poolControl filterRuntimeToday: 232
2026-07-13_22:50:55 poolControl filterRemaining: 4.1
2026-07-13_22:50:55 poolControl Pool 31.5/Soll 33.5°C | Filter on (Nachtfilterung) | 3.9/8h
2026-07-13_22:51:39 poolControl solarIndex: -2
2026-07-13_22:51:39 poolControl filterRuntimeToday: 233
2026-07-13_22:52:39 poolControl filterRuntimeToday: 234
2026-07-13_22:54:18 poolControl filterRuntimeToday: 235
2026-07-13_22:54:41 poolControl filterRuntimeToday: 236
2026-07-13_22:55:41 poolControl filterRuntimeToday: 237
2026-07-13_22:56:12 poolControl solarIndex: -3
2026-07-13_22:56:12 poolControl filterRemaining: 4.0
2026-07-13_22:56:12 poolControl Pool 31.5/Soll 33.5°C | Filter on (Nachtfilterung) | 4.0/8h
2026-07-13_22:57:12 poolControl filterRuntimeToday: 238
2026-07-13_22:57:50 poolControl solarIndex: -2
2026-07-13_22:57:50 poolControl filterRuntimeToday: 239
2026-07-13_22:58:19 poolControl poolTemp: 31.4
2026-07-13_22:58:19 poolControl Pool 31.4/Soll 33.5°C | Filter on (Nachtfilterung) | 4.0/8h
2026-07-13_22:59:11 poolControl solarIndex: -3
2026-07-13_22:59:11 poolControl filterRuntimeToday: 240
2026-07-13_23:00:12 poolControl filterRuntimeToday: 241
2026-07-13_23:00:59 poolControl solarIndex: -2
2026-07-13_23:00:59 poolControl filterRuntimeToday: 242
2026-07-13_23:01:59 poolControl filterRuntimeToday: 243
2026-07-13_23:02:36 poolControl filterRuntimeToday: 244
2026-07-13_23:02:36 poolControl filterRemaining: 3.9
2026-07-13_23:02:36 poolControl Pool 31.4/Soll 33.5°C | Filter on (Nachtfilterung) | 4.1/8h
2026-07-13_23:03:18 poolControl inflowTemp: 31.4
2026-07-13_23:03:58 poolControl solarIndex: -3
2026-07-13_23:03:58 poolControl filterRuntimeToday: 245
2026-07-13_23:04:58 poolControl filterRuntimeToday: 246
2026-07-13_23:05:34 poolControl solarIndex: -2
2026-07-13_23:06:34 poolControl filterRuntimeToday: 247
2026-07-13_23:07:21 poolControl filterRuntimeToday: 248
2026-07-13_23:08:18 poolControl filterRuntimeToday: 249
2026-07-13_23:08:18 poolControl filterRemaining: 3.8
2026-07-13_23:08:18 poolControl Pool 31.4/Soll 33.5°C | Filter on (Nachtfilterung) | 4.2/8h
2026-07-13_23:09:05 poolControl filterRuntimeToday: 250
2026-07-13_23:10:05 poolControl filterRuntimeToday: 251
2026-07-13_23:10:53 poolControl filterRuntimeToday: 252
2026-07-13_23:11:53 poolControl filterRuntimeToday: 253
2026-07-13_23:12:44 poolControl filterRuntimeToday: 254
2026-07-13_23:14:18 poolControl filterRuntimeToday: 255
2026-07-13_23:14:18 poolControl filterRemaining: 3.7
2026-07-13_23:14:18 poolControl Pool 31.4/Soll 33.5°C | Filter on (Nachtfilterung) | 4.3/8h
2026-07-13_23:14:36 poolControl filterRuntimeToday: 256
2026-07-13_23:15:36 poolControl filterRuntimeToday: 257
2026-07-13_23:16:09 poolControl solarIndex: -3
2026-07-13_23:17:09 poolControl filterRuntimeToday: 258
2026-07-13_23:17:42 poolControl filterRuntimeToday: 259
2026-07-13_23:18:52 poolControl solarIndex: -2
2026-07-13_23:18:52 poolControl filterRuntimeToday: 260
2026-07-13_23:20:28 poolControl filterRuntimeToday: 261
2026-07-13_23:20:28 poolControl filterRemaining: 3.6
2026-07-13_23:20:28 poolControl Pool 31.4/Soll 33.5°C | Filter on (Nachtfilterung) | 4.4/8h
2026-07-13_23:21:24 poolControl filterRuntimeToday: 262
2026-07-13_23:22:25 poolControl filterRuntimeToday: 263
2026-07-13_23:23:00 poolControl solarIndex: -3
2026-07-13_23:23:00 poolControl filterRuntimeToday: 264
2026-07-13_23:23:18 poolControl poolTemp: 31.3
2026-07-13_23:23:18 poolControl inflowTemp: 31.3
2026-07-13_23:23:18 poolControl Pool 31.3/Soll 33.5°C | Filter on (Nachtfilterung) | 4.4/8h
2026-07-13_23:24:18 poolControl filterRuntimeToday: 265
2026-07-13_23:25:28 poolControl filterRuntimeToday: 266
2026-07-13_23:25:56 poolControl filterRuntimeToday: 267
2026-07-13_23:26:56 poolControl filterRuntimeToday: 268
2026-07-13_23:26:56 poolControl filterRemaining: 3.5
2026-07-13_23:26:56 poolControl Pool 31.3/Soll 33.5°C | Filter on (Nachtfilterung) | 4.5/8h
2026-07-13_23:28:07 poolControl filterRuntimeToday: 269
2026-07-13_23:29:31 poolControl filterRuntimeToday: 270
2026-07-13_23:29:48 poolControl filterRuntimeToday: 271
2026-07-13_23:31:08 poolControl filterRuntimeToday: 272
2026-07-13_23:31:16 poolControl solarIndex: -2
2026-07-13_23:32:16 poolControl filterRuntimeToday: 273
2026-07-13_23:32:16 poolControl filterRemaining: 3.4
2026-07-13_23:32:16 poolControl Pool 31.3/Soll 33.5°C | Filter on (Nachtfilterung) | 4.6/8h
2026-07-13_23:33:12 poolControl filterRuntimeToday: 274
2026-07-13_23:34:18 poolControl filterRuntimeToday: 275
2026-07-13_23:34:59 poolControl filterRuntimeToday: 276
2026-07-13_23:35:59 poolControl filterRuntimeToday: 277
2026-07-13_23:37:01 poolControl filterRuntimeToday: 278
2026-07-13_23:38:18 poolControl filterRuntimeToday: 279
2026-07-13_23:38:18 poolControl filterRemaining: 3.3
2026-07-13_23:38:18 poolControl Pool 31.3/Soll 33.5°C | Filter on (Nachtfilterung) | 4.7/8h
2026-07-13_23:38:55 poolControl filterRuntimeToday: 280
2026-07-13_23:39:55 poolControl filterRuntimeToday: 281
2026-07-13_23:40:57 poolControl filterRuntimeToday: 282
2026-07-13_23:42:13 poolControl filterRuntimeToday: 283
2026-07-13_23:43:03 poolControl filterRuntimeToday: 284
2026-07-13_23:43:18 poolControl inflowTemp: 31.2
2026-07-13_23:44:18 poolControl filterRuntimeToday: 285
2026-07-13_23:44:18 poolControl filterRemaining: 3.2
2026-07-13_23:44:18 poolControl Pool 31.3/Soll 33.5°C | Filter on (Nachtfilterung) | 4.8/8h
2026-07-13_23:45:15 poolControl filterRuntimeToday: 286
2026-07-13_23:46:16 poolControl filterRuntimeToday: 287
2026-07-13_23:46:55 poolControl filterRuntimeToday: 288
2026-07-13_23:47:55 poolControl filterRuntimeToday: 289
2026-07-13_23:48:18 poolControl poolTemp: 31.2
2026-07-13_23:48:18 poolControl Pool 31.2/Soll 33.5°C | Filter on (Nachtfilterung) | 4.8/8h
2026-07-13_23:48:52 poolControl filterRuntimeToday: 290
2026-07-13_23:49:52 poolControl filterRuntimeToday: 291
2026-07-13_23:50:46 poolControl filterRuntimeToday: 292
2026-07-13_23:50:46 poolControl filterRemaining: 3.1
2026-07-13_23:50:46 poolControl Pool 31.2/Soll 33.5°C | Filter on (Nachtfilterung) | 4.9/8h
2026-07-13_23:51:46 poolControl filterRuntimeToday: 293
2026-07-13_23:52:42 poolControl filterRuntimeToday: 294
2026-07-13_23:53:18 poolControl poolTemp: 31.1
2026-07-13_23:53:18 poolControl inflowTemp: 31.1
2026-07-13_23:53:18 poolControl Pool 31.1/Soll 33.5°C | Filter on (Nachtfilterung) | 4.9/8h
2026-07-13_23:54:18 poolControl filterRuntimeToday: 295
2026-07-13_23:54:41 poolControl filterRuntimeToday: 296
2026-07-13_23:55:41 poolControl filterRuntimeToday: 297
2026-07-13_23:56:41 poolControl filterRuntimeToday: 298
2026-07-13_23:56:41 poolControl filterRemaining: 3.0
2026-07-13_23:56:41 poolControl Pool 31.1/Soll 33.5°C | Filter on (Nachtfilterung) | 5.0/8h
2026-07-13_23:57:43 poolControl filterRuntimeToday: 299
2026-07-13_23:58:51 poolControl filterRuntimeToday: 300
2026-07-13_23:59:51 poolControl filterRuntimeToday: 301
2026-07-14_00:00:47 poolControl targetTemp: 32
2026-07-14_00:00:47 poolControl solarIndex: 2
2026-07-14_00:00:47 poolControl filterRuntimeToday: 302
2026-07-14_00:00:47 poolControl Pool 31.1/Soll 32.0°C | Filter on (Nachtfilterung) | 5.0/8h
2026-07-14_00:01:47 poolControl filterRuntimeToday: 303
2026-07-14_00:02:47 poolControl filterRuntimeToday: 304
2026-07-14_00:02:47 poolControl filterRemaining: 2.9
2026-07-14_00:02:47 poolControl Pool 31.1/Soll 32.0°C | Filter on (Nachtfilterung) | 5.1/8h
2026-07-14_00:04:18 poolControl filterRuntimeToday: 305
2026-07-14_00:04:43 poolControl filterRuntimeToday: 306
2026-07-14_00:05:43 poolControl filterRuntimeToday: 307
2026-07-14_00:06:44 poolControl filterRuntimeToday: 308
2026-07-14_00:07:44 poolControl filterRuntimeToday: 309
2026-07-14_00:08:18 poolControl inflowTemp: 31.0
2026-07-14_00:08:18 poolControl filterRemaining: 2.8
2026-07-14_00:08:18 poolControl Pool 31.1/Soll 32.0°C | Filter on (Nachtfilterung) | 5.2/8h
2026-07-14_00:08:51 poolControl filterRuntimeToday: 310
2026-07-14_00:09:51 poolControl filterRuntimeToday: 311
2026-07-14_00:10:48 poolControl filterRuntimeToday: 312
2026-07-14_00:11:48 poolControl filterRuntimeToday: 313
2026-07-14_00:12:36 poolControl filterRuntimeToday: 314
2026-07-14_00:14:18 poolControl filterRuntimeToday: 315
2026-07-14_00:14:18 poolControl filterRemaining: 2.7
2026-07-14_00:14:18 poolControl Pool 31.1/Soll 32.0°C | Filter on (Nachtfilterung) | 5.3/8h
2026-07-14_00:15:35 poolControl filterRuntimeToday: 316
2026-07-14_00:16:19 poolControl filterRuntimeToday: 317
2026-07-14_00:17:19 poolControl filterRuntimeToday: 318
2026-07-14_00:18:18 poolControl poolTemp: 31.0
2026-07-14_00:18:18 poolControl inflowTemp: 30.9
2026-07-14_00:18:18 poolControl filterRuntimeToday: 319
2026-07-14_00:18:18 poolControl Pool 31.0/Soll 32.0°C | Filter on (Nachtfilterung) | 5.3/8h
2026-07-14_00:18:52 poolControl filterRuntimeToday: 320
2026-07-14_00:19:52 poolControl filterRuntimeToday: 321
2026-07-14_00:20:32 poolControl filterRemaining: 2.6
2026-07-14_00:20:32 poolControl Pool 31.0/Soll 32.0°C | Filter on (Nachtfilterung) | 5.4/8h
2026-07-14_00:21:32 poolControl filterRuntimeToday: 322
2026-07-14_00:22:25 poolControl filterRuntimeToday: 323
2026-07-14_00:23:18 poolControl poolTemp: 30.9
2026-07-14_00:23:18 poolControl filterRuntimeToday: 324
2026-07-14_00:23:18 poolControl Pool 30.9/Soll 32.0°C | Filter on (Nachtfilterung) | 5.4/8h
2026-07-14_00:24:18 poolControl filterRuntimeToday: 325
2026-07-14_00:25:27 poolControl filterRuntimeToday: 326
2026-07-14_00:26:27 poolControl filterRuntimeToday: 327
2026-07-14_00:26:27 poolControl filterRemaining: 2.5
2026-07-14_00:26:27 poolControl Pool 30.9/Soll 32.0°C | Filter on (Nachtfilterung) | 5.5/8h
2026-07-14_00:27:31 poolControl filterRuntimeToday: 328
2026-07-14_00:28:19 poolControl filterRuntimeToday: 329
2026-07-14_00:29:33 poolControl filterRuntimeToday: 330
2026-07-14_00:30:34 poolControl filterRuntimeToday: 331
2026-07-14_00:31:34 poolControl filterRuntimeToday: 332
2026-07-14_00:32:29 poolControl solarIndex: 3
2026-07-14_00:32:29 poolControl filterRuntimeToday: 333
2026-07-14_00:32:29 poolControl filterRemaining: 2.4
2026-07-14_00:32:29 poolControl Pool 30.9/Soll 32.0°C | Filter on (Nachtfilterung) | 5.6/8h
2026-07-14_00:33:18 poolControl filterRuntimeToday: 334
2026-07-14_00:34:18 poolControl filterRuntimeToday: 335
2026-07-14_00:35:21 poolControl filterRuntimeToday: 336
2026-07-14_00:35:59 poolControl filterRuntimeToday: 337
2026-07-14_00:36:59 poolControl filterRuntimeToday: 338
2026-07-14_00:37:55 poolControl filterRuntimeToday: 339
2026-07-14_00:38:18 poolControl poolTemp: 30.8
2026-07-14_00:38:18 poolControl inflowTemp: 30.8
2026-07-14_00:38:18 poolControl filterRemaining: 2.3
2026-07-14_00:38:18 poolControl Pool 30.8/Soll 32.0°C | Filter on (Nachtfilterung) | 5.7/8h
2026-07-14_00:39:18 poolControl filterRuntimeToday: 340
2026-07-14_00:39:44 poolControl filterRuntimeToday: 341
2026-07-14_00:40:44 poolControl filterRuntimeToday: 342
2026-07-14_00:41:44 poolControl filterRuntimeToday: 343
2026-07-14_00:42:46 poolControl filterRuntimeToday: 344
2026-07-14_00:43:42 poolControl filterRuntimeToday: 345
2026-07-14_00:44:42 poolControl filterRuntimeToday: 346
2026-07-14_00:44:42 poolControl filterRemaining: 2.2
2026-07-14_00:44:42 poolControl Pool 30.8/Soll 32.0°C | Filter on (Nachtfilterung) | 5.8/8h
2026-07-14_00:45:42 poolControl filterRuntimeToday: 347
2026-07-14_00:46:47 poolControl filterRuntimeToday: 348
2026-07-14_00:47:36 poolControl filterRuntimeToday: 349
2026-07-14_00:48:51 poolControl filterRuntimeToday: 350
2026-07-14_00:50:28 poolControl filterRuntimeToday: 351
2026-07-14_00:50:28 poolControl filterRemaining: 2.1
2026-07-14_00:50:28 poolControl Pool 30.8/Soll 32.0°C | Filter on (Nachtfilterung) | 5.9/8h
2026-07-14_00:51:18 poolControl filterRuntimeToday: 352
2026-07-14_00:52:18 poolControl filterRuntimeToday: 353
2026-07-14_00:53:18 poolControl inflowTemp: 30.7
2026-07-14_00:53:18 poolControl filterRuntimeToday: 354
2026-07-14_00:54:21 poolControl filterRuntimeToday: 355
2026-07-14_00:55:18 poolControl filterRuntimeToday: 356
2026-07-14_00:56:18 poolControl filterRuntimeToday: 357
2026-07-14_00:56:18 poolControl filterRemaining: 2.0
2026-07-14_00:56:18 poolControl Pool 30.8/Soll 32.0°C | Filter on (Nachtfilterung) | 6.0/8h
2026-07-14_00:57:20 poolControl filterRuntimeToday: 358
2026-07-14_00:58:18 poolControl poolTemp: 30.7
2026-07-14_00:58:18 poolControl filterRuntimeToday: 359
2026-07-14_00:58:18 poolControl Pool 30.7/Soll 32.0°C | Filter on (Nachtfilterung) | 6.0/8h
2026-07-14_00:59:14 poolControl filterRuntimeToday: 360
2026-07-14_01:00:15 poolControl filterRuntimeToday: 361
2026-07-14_01:01:09 poolControl filterRuntimeToday: 362
2026-07-14_01:02:09 poolControl filterRuntimeToday: 363
2026-07-14_01:02:09 poolControl filterRemaining: 1.9
2026-07-14_01:02:09 poolControl Pool 30.7/Soll 32.0°C | Filter on (Nachtfilterung) | 6.1/8h
2026-07-14_01:03:07 poolControl filterRuntimeToday: 364
2026-07-14_01:03:19 poolControl poolTemp: 30.6
2026-07-14_01:03:19 poolControl Pool 30.6/Soll 32.0°C | Filter on (Nachtfilterung) | 6.1/8h
2026-07-14_01:04:19 poolControl filterRuntimeToday: 365
2026-07-14_01:05:03 poolControl filterRuntimeToday: 366
2026-07-14_01:06:03 poolControl filterRuntimeToday: 367
2026-07-14_01:07:03 poolControl filterRuntimeToday: 368
2026-07-14_01:08:10 poolControl filterRuntimeToday: 369
2026-07-14_01:08:10 poolControl filterRemaining: 1.8
2026-07-14_01:08:10 poolControl Pool 30.6/Soll 32.0°C | Filter on (Nachtfilterung) | 6.2/8h
2026-07-14_01:08:18 poolControl inflowTemp: 30.6
2026-07-14_01:09:19 poolControl filterRuntimeToday: 370
2026-07-14_01:10:19 poolControl filterRuntimeToday: 371
2026-07-14_01:11:19 poolControl filterRuntimeToday: 372
2026-07-14_01:12:19 poolControl filterRuntimeToday: 373
2026-07-14_01:13:18 poolControl filterRuntimeToday: 374
2026-07-14_01:14:33 poolControl filterRuntimeToday: 375
2026-07-14_01:14:33 poolControl filterRemaining: 1.7
2026-07-14_01:14:33 poolControl Pool 30.6/Soll 32.0°C | Filter on (Nachtfilterung) | 6.3/8h
2026-07-14_01:15:33 poolControl filterRuntimeToday: 376
2026-07-14_01:16:33 poolControl filterRuntimeToday: 377
2026-07-14_01:17:33 poolControl filterRuntimeToday: 378
2026-07-14_01:17:43 poolControl filterRuntimeToday: 379
2026-07-14_01:18:51 poolControl filterRuntimeToday: 380
2026-07-14_01:19:46 poolControl filterRuntimeToday: 381
2026-07-14_01:20:47 poolControl filterRuntimeToday: 382
2026-07-14_01:20:47 poolControl filterRemaining: 1.6
2026-07-14_01:20:47 poolControl Pool 30.6/Soll 32.0°C | Filter on (Nachtfilterung) | 6.4/8h
2026-07-14_01:21:47 poolControl filterRuntimeToday: 383
2026-07-14_01:22:51 poolControl filterRuntimeToday: 384
2026-07-14_01:23:18 poolControl inflowTemp: 30.5
2026-07-14_01:24:01 poolControl filterRuntimeToday: 385
2026-07-14_01:25:20 poolControl filterRuntimeToday: 386
2026-07-14_01:25:53 poolControl filterRuntimeToday: 387
2026-07-14_01:26:53 poolControl filterRuntimeToday: 388
2026-07-14_01:26:53 poolControl filterRemaining: 1.5
2026-07-14_01:26:53 poolControl Pool 30.6/Soll 32.0°C | Filter on (Nachtfilterung) | 6.5/8h
2026-07-14_01:27:53 poolControl filterRuntimeToday: 389
2026-07-14_01:28:19 poolControl poolTemp: 30.5
2026-07-14_01:28:19 poolControl heatpumpEffective: 31.4
2026-07-14_01:28:19 poolControl Pool 30.5/Soll 32.0°C | Filter on (Nachtfilterung) | 6.5/8h
2026-07-14_01:29:19 poolControl filterRuntimeToday: 390
2026-07-14_01:29:48 poolControl filterRuntimeToday: 391
2026-07-14_01:30:48 poolControl filterRuntimeToday: 392
2026-07-14_01:31:48 poolControl filterRuntimeToday: 393
2026-07-14_01:33:00 poolControl filterRuntimeToday: 394
2026-07-14_01:33:00 poolControl filterRemaining: 1.4
2026-07-14_01:33:00 poolControl Pool 30.5/Soll 32.0°C | Filter on (Nachtfilterung) | 6.6/8h
2026-07-14_01:34:00 poolControl filterRuntimeToday: 395
2026-07-14_01:35:00 poolControl filterRuntimeToday: 396
2026-07-14_01:36:00 poolControl filterRuntimeToday: 397
2026-07-14_01:37:07 poolControl filterRuntimeToday: 398
2026-07-14_01:38:07 poolControl filterRuntimeToday: 399
2026-07-14_01:38:07 poolControl filterRemaining: 1.3
2026-07-14_01:38:07 poolControl Pool 30.5/Soll 32.0°C | Filter on (Nachtfilterung) | 6.7/8h
2026-07-14_01:38:18 poolControl poolTemp: 30.4
2026-07-14_01:38:18 poolControl inflowTemp: 30.4
2026-07-14_01:38:18 poolControl heatpumpEffective: 31.3
2026-07-14_01:38:18 poolControl Pool 30.4/Soll 32.0°C | Filter on (Nachtfilterung) | 6.7/8h
2026-07-14_01:39:26 poolControl filterRuntimeToday: 400
2026-07-14_01:40:21 poolControl filterRuntimeToday: 401
2026-07-14_01:41:21 poolControl filterRuntimeToday: 402
2026-07-14_01:42:21 poolControl filterRuntimeToday: 403
2026-07-14_01:43:18 poolControl filterRuntimeToday: 404
2026-07-14_01:44:18 poolControl filterRuntimeToday: 405
2026-07-14_01:44:18 poolControl filterRemaining: 1.2
2026-07-14_01:44:18 poolControl Pool 30.4/Soll 32.0°C | Filter on (Nachtfilterung) | 6.8/8h
2026-07-14_01:44:40 poolControl filterRuntimeToday: 406
2026-07-14_01:45:40 poolControl filterRuntimeToday: 407
2026-07-14_01:46:40 poolControl filterRuntimeToday: 408
2026-07-14_01:47:53 poolControl filterRuntimeToday: 409
2026-07-14_01:48:51 poolControl filterRuntimeToday: 410
2026-07-14_01:50:12 poolControl filterRuntimeToday: 411
2026-07-14_01:50:12 poolControl filterRemaining: 1.1
2026-07-14_01:50:12 poolControl Pool 30.4/Soll 32.0°C | Filter on (Nachtfilterung) | 6.9/8h
2026-07-14_01:50:54 poolControl filterRuntimeToday: 412
2026-07-14_01:51:54 poolControl filterRuntimeToday: 413
2026-07-14_01:52:51 poolControl filterRuntimeToday: 414
2026-07-14_01:53:18 poolControl inflowTemp: 30.3
2026-07-14_01:54:18 poolControl filterRuntimeToday: 415
2026-07-14_01:54:58 poolControl filterRuntimeToday: 416
2026-07-14_01:55:58 poolControl filterRuntimeToday: 417
2026-07-14_01:56:51 poolControl filterRuntimeToday: 418
2026-07-14_01:56:51 poolControl filterRemaining: 1.0
2026-07-14_01:56:51 poolControl Pool 30.4/Soll 32.0°C | Filter on (Nachtfilterung) | 7.0/8h
2026-07-14_01:57:52 poolControl filterRuntimeToday: 419
2026-07-14_01:58:18 poolControl poolTemp: 30.3
2026-07-14_01:58:18 poolControl heatpumpEffective: 31.2
2026-07-14_01:58:18 poolControl Pool 30.3/Soll 32.0°C | Filter on (Nachtfilterung) | 7.0/8h
2026-07-14_01:58:59 poolControl filterRuntimeToday: 420
2026-07-14_01:59:59 poolControl filterRuntimeToday: 421
2026-07-14_02:00:59 poolControl filterRuntimeToday: 422
2026-07-14_02:02:07 poolControl filterRuntimeToday: 423
2026-07-14_02:02:07 poolControl filterRemaining: 0.9
2026-07-14_02:02:07 poolControl Pool 30.3/Soll 32.0°C | Filter on (Nachtfilterung) | 7.1/8h
2026-07-14_02:03:07 poolControl filterRuntimeToday: 424
2026-07-14_02:04:21 poolControl filterRuntimeToday: 425
2026-07-14_02:05:21 poolControl filterRuntimeToday: 426
2026-07-14_02:06:21 poolControl filterRuntimeToday: 427
2026-07-14_02:07:21 poolControl filterRuntimeToday: 428
2026-07-14_02:08:18 poolControl filterRuntimeToday: 429
2026-07-14_02:08:18 poolControl filterRemaining: 0.8
2026-07-14_02:08:18 poolControl Pool 30.3/Soll 32.0°C | Filter on (Nachtfilterung) | 7.2/8h
2026-07-14_02:09:18 poolControl filterRuntimeToday: 430
2026-07-14_02:10:33 poolControl filterRuntimeToday: 431
2026-07-14_02:11:33 poolControl filterRuntimeToday: 432
2026-07-14_02:11:47 poolControl filterRuntimeToday: 433
2026-07-14_02:12:47 poolControl filterRuntimeToday: 434
2026-07-14_02:13:57 poolControl filterRuntimeToday: 435
2026-07-14_02:14:57 poolControl filterRuntimeToday: 436
2026-07-14_02:14:57 poolControl filterRemaining: 0.7
2026-07-14_02:14:57 poolControl Pool 30.3/Soll 32.0°C | Filter on (Nachtfilterung) | 7.3/8h
2026-07-14_02:15:55 poolControl filterRuntimeToday: 437
2026-07-14_02:16:55 poolControl filterRuntimeToday: 438
2026-07-14_02:17:53 poolControl solarIndex: 2
2026-07-14_02:17:53 poolControl filterRuntimeToday: 439
2026-07-14_02:18:18 poolControl poolTemp: 30.2
2026-07-14_02:18:18 poolControl inflowTemp: 30.2
2026-07-14_02:18:18 poolControl heatpumpEffective: 31.1
2026-07-14_02:18:18 poolControl Pool 30.2/Soll 32.0°C | Filter on (Nachtfilterung) | 7.3/8h
2026-07-14_02:18:51 poolControl filterRuntimeToday: 440
2026-07-14_02:19:51 poolControl filterRuntimeToday: 441
2026-07-14_02:20:51 poolControl filterRuntimeToday: 442
2026-07-14_02:20:51 poolControl filterRemaining: 0.6
2026-07-14_02:20:51 poolControl Pool 30.2/Soll 32.0°C | Filter on (Nachtfilterung) | 7.4/8h
2026-07-14_02:21:51 poolControl filterRuntimeToday: 443
2026-07-14_02:23:00 poolControl filterRuntimeToday: 444
2026-07-14_02:23:18 poolControl inflowTemp: 30.1
2026-07-14_02:23:58 poolControl filterRuntimeToday: 445
2026-07-14_02:24:58 poolControl filterRuntimeToday: 446
2026-07-14_02:25:58 poolControl filterRuntimeToday: 447
2026-07-14_02:27:05 poolControl filterRuntimeToday: 448
2026-07-14_02:27:05 poolControl filterRemaining: 0.5
2026-07-14_02:27:05 poolControl Pool 30.2/Soll 32.0°C | Filter on (Nachtfilterung) | 7.5/8h
2026-07-14_02:28:06 poolControl filterRuntimeToday: 449
2026-07-14_02:28:18 poolControl poolTemp: 30.1
2026-07-14_02:28:18 poolControl heatpumpEffective: 31.0
2026-07-14_02:28:18 poolControl Pool 30.1/Soll 32.0°C | Filter on (Nachtfilterung) | 7.5/8h
2026-07-14_02:29:18 poolControl filterRuntimeToday: 450
2026-07-14_02:30:18 poolControl filterRuntimeToday: 451
2026-07-14_02:30:30 poolControl solarIndex: 0
2026-07-14_02:31:30 poolControl filterRuntimeToday: 452
2026-07-14_02:32:29 poolControl filterRuntimeToday: 453
2026-07-14_02:32:29 poolControl filterRemaining: 0.4
2026-07-14_02:32:29 poolControl Pool 30.1/Soll 32.0°C | Filter on (Nachtfilterung) | 7.6/8h
2026-07-14_02:33:18 poolControl filterRuntimeToday: 454
2026-07-14_02:34:18 poolControl filterRuntimeToday: 455
2026-07-14_02:34:41 poolControl filterRuntimeToday: 456
2026-07-14_02:35:41 poolControl filterRuntimeToday: 457
2026-07-14_02:36:41 poolControl filterRuntimeToday: 458
2026-07-14_02:37:44 poolControl filterRuntimeToday: 459
2026-07-14_02:38:18 poolControl filterRemaining: 0.3
2026-07-14_02:38:18 poolControl Pool 30.1/Soll 32.0°C | Filter on (Nachtfilterung) | 7.7/8h
2026-07-14_02:38:54 poolControl filterRuntimeToday: 460
2026-07-14_02:39:54 poolControl filterRuntimeToday: 461
2026-07-14_02:40:55 poolControl filterRuntimeToday: 462
2026-07-14_02:41:55 poolControl filterRuntimeToday: 463
2026-07-14_02:42:55 poolControl filterRuntimeToday: 464
2026-07-14_02:43:18 poolControl inflowTemp: 30.0
2026-07-14_02:44:18 poolControl filterRuntimeToday: 465
2026-07-14_02:44:18 poolControl filterRemaining: 0.2
2026-07-14_02:44:18 poolControl Pool 30.1/Soll 32.0°C | Filter on (Nachtfilterung) | 7.8/8h
2026-07-14_02:44:51 poolControl filterRuntimeToday: 466
2026-07-14_02:45:51 poolControl filterRuntimeToday: 467
2026-07-14_02:46:51 poolControl filterRuntimeToday: 468
2026-07-14_02:47:51 poolControl filterRuntimeToday: 469
2026-07-14_02:48:19 poolControl poolTemp: 30.0
2026-07-14_02:48:19 poolControl heatpumpEffective: 30.9
2026-07-14_02:48:19 poolControl Pool 30.0/Soll 32.0°C | Filter on (Nachtfilterung) | 7.8/8h
2026-07-14_02:48:51 poolControl filterRuntimeToday: 470
2026-07-14_02:49:52 poolControl filterRuntimeToday: 471
2026-07-14_02:50:52 poolControl filterRuntimeToday: 472
2026-07-14_02:50:52 poolControl filterRemaining: 0.1
2026-07-14_02:50:52 poolControl Pool 30.0/Soll 32.0°C | Filter on (Nachtfilterung) | 7.9/8h
2026-07-14_02:52:05 poolControl filterRuntimeToday: 473
2026-07-14_02:53:05 poolControl filterRuntimeToday: 474
2026-07-14_02:53:18 poolControl inflowTemp: 29.9
2026-07-14_02:54:18 poolControl filterRuntimeToday: 475
2026-07-14_02:55:18 poolControl filterRuntimeToday: 476
2026-07-14_02:56:18 poolControl filterRuntimeToday: 477
2026-07-14_02:56:18 poolControl filterRemaining: 0.0
2026-07-14_02:56:18 poolControl Pool 30.0/Soll 32.0°C | Filter on (Nachtfilterung) | 8.0/8h
2026-07-14_02:57:18 poolControl filterRuntimeToday: 478
2026-07-14_02:58:18 poolControl poolTemp: 29.9
2026-07-14_02:58:18 poolControl filterRuntimeToday: 479
2026-07-14_02:58:18 poolControl heatpumpEffective: 30.8
2026-07-14_02:58:18 poolControl Pool 29.9/Soll 32.0°C | Filter on (Nachtfilterung) | 8.0/8h
2026-07-14_02:59:18 poolControl filterState: off
2026-07-14_02:59:18 poolControl filterReason: Heizbedarf, keine Quelle
2026-07-14_02:59:18 poolControl filterRuntimeToday: 480
2026-07-14_02:59:18 poolControl Pool 29.9/Soll 32.0°C | Filter off (Heizbedarf, keine Quelle) | 8.0/8h
2026-07-14_03:18:18 poolControl poolTemp: 29.8
2026-07-14_03:18:18 poolControl heatpumpEffective: 30.7
2026-07-14_03:18:18 poolControl Pool 29.8/Soll 32.0°C | Filter off (Heizbedarf, keine Quelle) | 8.0/8h
2026-07-14_03:23:18 poolControl inflowTemp: 29.8
2026-07-14_03:48:18 poolControl inflowTemp: 29.7
2026-07-14_03:53:18 poolControl poolTemp: 29.7
2026-07-14_03:53:18 poolControl heatpumpEffective: 30.6
2026-07-14_03:53:18 poolControl Pool 29.7/Soll 32.0°C | Filter off (Heizbedarf, keine Quelle) | 8.0/8h
2026-07-14_04:03:18 poolControl poolTemp: 29.6
2026-07-14_04:03:18 poolControl inflowTemp: 29.6
2026-07-14_04:03:18 poolControl heatpumpEffective: 30.5
2026-07-14_04:03:18 poolControl Pool 29.6/Soll 32.0°C | Filter off (Heizbedarf, keine Quelle) | 8.0/8h
2026-07-14_04:23:18 poolControl poolTemp: 29.5
2026-07-14_04:23:18 poolControl heatpumpEffective: 30.4
2026-07-14_04:23:18 poolControl Pool 29.5/Soll 32.0°C | Filter off (Heizbedarf, keine Quelle) | 8.0/8h
2026-07-14_04:28:18 poolControl inflowTemp: 29.5
2026-07-14_04:38:18 poolControl poolTemp: 29.4
2026-07-14_04:38:18 poolControl inflowTemp: 29.4
2026-07-14_04:38:18 poolControl heatpumpEffective: 30.3
2026-07-14_04:38:18 poolControl Pool 29.4/Soll 32.0°C | Filter off (Heizbedarf, keine Quelle) | 8.0/8h
2026-07-14_04:58:18 poolControl poolTemp: 29.3
2026-07-14_04:58:18 poolControl inflowTemp: 29.3
2026-07-14_04:58:18 poolControl heatpumpEffective: 30.2
2026-07-14_04:58:18 poolControl Pool 29.3/Soll 32.0°C | Filter off (Heizbedarf, keine Quelle) | 8.0/8h
2026-07-14_05:23:18 poolControl inflowTemp: 29.2
2026-07-14_05:28:18 poolControl poolTemp: 29.2
2026-07-14_05:28:18 poolControl heatpumpEffective: 30.1
2026-07-14_05:28:18 poolControl Pool 29.2/Soll 32.0°C | Filter off (Heizbedarf, keine Quelle) | 8.0/8h
2026-07-14_05:38:18 poolControl poolTemp: 29.1
2026-07-14_05:38:18 poolControl inflowTemp: 29.1
2026-07-14_05:38:18 poolControl heatpumpEffective: 30.0
2026-07-14_05:38:18 poolControl Pool 29.1/Soll 32.0°C | Filter off (Heizbedarf, keine Quelle) | 8.0/8h
2026-07-14_05:48:52 poolControl solarIndex: -1
2026-07-14_05:58:19 poolControl poolTemp: 29.0
2026-07-14_05:58:19 poolControl heatpumpEffective: 29.9
2026-07-14_05:58:19 poolControl Pool 29.0/Soll 32.0°C | Filter off (Heizbedarf, keine Quelle) | 8.0/8h
2026-07-14_06:00:19 poolControl filterRuntimeToday: 0
2026-07-14_06:00:19 poolControl filterRemaining: 8.0
2026-07-14_06:00:19 poolControl Pool 29.0/Soll 32.0°C | Filter off (Heizbedarf, keine Quelle) | 0.0/8h
2026-07-14_06:08:18 poolControl inflowTemp: 29.0
2026-07-14_06:18:19 poolControl poolTemp: 28.9
2026-07-14_06:18:19 poolControl heatpumpEffective: 29.8
2026-07-14_06:18:19 poolControl Pool 28.9/Soll 32.0°C | Filter off (Heizbedarf, keine Quelle) | 0.0/8h
2026-07-14_06:23:20 poolControl inflowTemp: 28.9
2026-07-14_06:43:19 poolControl poolTemp: 28.8
2026-07-14_06:43:19 poolControl heatpumpEffective: 29.7
2026-07-14_06:43:19 poolControl Pool 28.8/Soll 32.0°C | Filter off (Heizbedarf, keine Quelle) | 0.0/8h
2026-07-14_06:48:18 poolControl inflowTemp: 28.8
2026-07-14_06:58:19 poolControl poolTemp: 28.7
2026-07-14_06:58:19 poolControl heatpumpEffective: 29.6
2026-07-14_06:58:19 poolControl Pool 28.7/Soll 32.0°C | Filter off (Heizbedarf, keine Quelle) | 0.0/8h
2026-07-14_07:03:18 poolControl poolTemp: 28.8
2026-07-14_07:03:18 poolControl heatpumpEffective: 29.7
2026-07-14_07:03:18 poolControl Pool 28.8/Soll 32.0°C | Filter off (Heizbedarf, keine Quelle) | 0.0/8h
2026-07-14_07:08:18 poolControl poolTemp: 28.7
2026-07-14_07:08:18 poolControl heatpumpEffective: 29.6
2026-07-14_07:08:18 poolControl Pool 28.7/Soll 32.0°C | Filter off (Heizbedarf, keine Quelle) | 0.0/8h
2026-07-14_07:13:18 poolControl inflowTemp: 28.7
2026-07-14_07:18:52 poolControl solarIndex: -4
2026-07-14_07:23:18 poolControl poolTemp: 28.6
2026-07-14_07:23:18 poolControl heatpumpEffective: 29.5
2026-07-14_07:23:18 poolControl Pool 28.6/Soll 32.0°C | Filter off (Heizbedarf, keine Quelle) | 0.0/8h
2026-07-14_07:34:33 poolControl solarIndex: -2
2026-07-14_07:36:32 poolControl solarIndex: -1
2026-07-14_07:38:18 poolControl inflowTemp: 28.6
2026-07-14_08:05:34 poolControl solarIndex: 0
